{
  "pressure_mTorr": 500.0,
  "n_total": 1.2070595635737908e+16,
  "Te": 1.3681855408894004,
  "Ne": 2054790116.8847332,
  "E_field": 47.19023678682217,
  "n_i_total": 2332461188.875054,
  "Ni_over_Ne": 1.1351335446421642,
  "charge_imbalance_pct": 13.513354464216409,
  "rate_values": {
    "loss_C2_11_3": 705.4463109066107,
    "e_CH4_CH3_HMinus_cm3_8_1": 5.147646402966312e-14,
    "loss_C2H2Star_11_25": 8542.290490172112,
    "e_CH4Plus_CH2_H2_cm3_6_9": 1.4489306680445102e-06,
    "e_CH_CHPlus_2e_cm3_2_10": 1.3764877747791358e-11,
    "loss_C3H4_11_18": 1287.8486481411637,
    "e_CH4Plus_CH_H2_H_cm3_6_11": 1.2112042894291843e-07,
    "stick_ArStar_9_5": 281.01078983493494,
    "loss_CH_11_9": 5375.550072698521,
    "loss_C3_11_14": 954.5620871487697,
    "loss_C4H_11_15": 560.8444967834514,
    "e_CH4Plus_C_2H2_cm3_6_13": 2.653340739162197e-08,
    "loss_C3H6_11_16": 957.6532057818698,
    "ArStar_CH4_CH3_H_cm3_3_1": 4.938410440110394e-10,
    "loss_C2H_11_12": 954.0777362455672,
    "loss_C3H_11_10": 323.712541085189,
    "loss_C4H2_11_11": 796.9699227419161,
    "loss_C3H3_11_13": 491.0390519454423,
    "e_CH4Plus_CH3_H_cm3_6_4": 6.732483649256193e-07,
    "e_CH4_CH_H2_H_vib_cm3_1_3": 3.520626872881614e-11,
    "stick_C2_9_9": 3037.184086547613,
    "stick_H_9_1": 136.900918552217,
    "stick_CH_9_3": 5982.006648407691,
    "stick_C_9_10": 2293.6136149729955,
    "loss_CH2_11_1": 1588.8958214771003,
    "stick_CH3_9_2": 2520.0582981095213,
    "e_Ar_ArStar_cm3_1_7": 6.956828762717555e-11,
    "CH_CH4_C2H4_H_cm3_7_20": 5.096897884161841e-11,
    "C2HPlus_e_C2_H_cm3_6_18": 2.0033013200780223e-07,
    "C2H2_H_C2_H2_H_cm3_7_50": 1.0797821168787495e-11,
    "CH_CH4_CH2_CH3_cm3_7_39": 1.0698182732067277e-11,
    "C_CH_C2_H_cm3_7_4": 9.783933596435115e-11,
    "e_C2H2_C2_H2_cm3_1_16": 6.052024311287639e-11,
    "e_CH4_CH3_H_cm3_1_1": 6.128958263922254e-11,
    "CH2_C2H3_C2H2_CH3_cm3_7_53": 9.397340474558445e-11,
    "CH_CH3_C2H4_cm3_7_5": 1.1856894958283556e-10,
    "CH2_H_CH_H2_cm3_7_1": 2.1051099436135294e-11,
    "CH3_CH3_C2H2_H2_H2_cm3_7_49": 8.955847385753295e-12,
    "CH_C_C2_H_cm3_7_9": 1.0974546071163185e-10,
    "CH_H_C_H2_cm3_7_3": 1.1092128916674019e-10,
    "C_H_CH_cm3_7_12": 1.1166304648988545e-10,
    "C2_H_CH_C_cm3_7_6": 1.1557412834287257e-10,
    "e_CH4_CH2_H2_cm3_1_2": 2.6808354553502532e-11,
    "CH2_CH2_C2H2_H2_cm3_7_15": 1.1571851404909287e-10,
    "CH3_C2H5_C2H2_CH3_H2_cm3_7_61": 9.621863849767468e-12,
    "CH_CH_C2_H2_cm3_5_4": 1.2748666241339185e-10,
    "CH2_CH3_C2H2_H_H2_cm3_7_62": 1.0521641725181068e-11,
    "C_CH3_C2_H2_H_cm3_7_8": 9.539168904830503e-11,
    "C2H2_C_C2_CH2_cm3_7_19": 8.73639079101603e-11,
    "C2H_H_C2_H2_cm3_7_47": 1.039019148256681e-10
  },
  "target_densities": {
    "H": 10657442717663.01,
    "CH": 4131431406.1881466,
    "C2": 39996349448.927475
  },
  "all_densities": {
    "e": 2054790116.8847332,
    "Ar": 1.0260006290377222e+16,
    "CH4": 1810589345360686.2,
    "ArPlus": 182790256.88675368,
    "CH4Plus": 615011321.5765702,
    "CH3Plus": 118325104.40193471,
    "CH5Plus": 852933145.8205544,
    "ArHPlus": 125331539.74840364,
    "CH3Minus": 80323.67378044174,
    "H": 10657442717663.01,
    "C2": 39996349448.927475,
    "CH": 4131431406.1881466,
    "H2": 31977845395576.496,
    "ArStar": 532933909.664863,
    "C2H4": 244178250549.35352,
    "C2H6": 2906709233274.9644,
    "CH2": 735260080539.6361,
    "C2H2": 1639905753860.6604,
    "C2H5": 357333129151.66296,
    "CH3": 16183741542721.744,
    "C": 25800603647.276127,
    "H3Plus": 484130.501660285,
    "C2H3": 3424931564.546889,
    "C3H2": 677236018.0534195,
    "CHPlus": 220.51363002770324,
    "C3H": 430407698.8630526,
    "C4H2": 86869.85894575762,
    "C2H": 493278851.6750734,
    "C3H3": 812725.5855635758,
    "C3H4": 43725470.51390279,
    "C3": 322315371.59250003,
    "C3H5": 147629731.22486657,
    "C4H": 154511.01181562647,
    "C3H6": 948284677.2442014,
    "CH2Plus": 167613.16932894484,
    "C2H5Plus": 412483032.2621688,
    "C2H4Plus": 34766.00386349948,
    "C2H3Plus": 23177.335908999652,
    "HMinus": 79362007.09544486,
    "C2HPlus": 152661.1751576163,
    "H2Plus": 24724219.479119644,
    "C2H2Star": 6138597.505381188
  }
}