{
  "pressure_mTorr": 500.0,
  "n_total": 1.2070595635737908e+16,
  "Te": 1.2325385040785002,
  "Ne": 2180131662.109191,
  "E_field": 56.41544439298971,
  "n_i_total": 2465323605.3744593,
  "Ni_over_Ne": 1.1308140917458886,
  "charge_imbalance_pct": 13.08140917458886,
  "rate_values": {
    "loss_C2_11_3": 1871.1728278088603,
    "e_CH4_CH3_HMinus_cm3_8_1": 9.060182172986001e-13,
    "loss_C2H2Star_11_25": 3641.956835841631,
    "e_CH4Plus_CH2_H2_cm3_6_9": 1.4787765295014583e-06,
    "e_CH_CHPlus_2e_cm3_2_10": 1.3267587409659907e-11,
    "loss_C3H4_11_18": 781.3476382677037,
    "e_CH4Plus_CH_H2_H_cm3_6_11": 1.4448289615738905e-07,
    "stick_ArStar_9_5": 192.81125816166727,
    "loss_CH_11_9": 3801.7986759825653,
    "loss_C3_11_14": 553.5001479261863,
    "loss_C4H_11_15": 625.8457765962658,
    "e_CH4Plus_C_2H2_cm3_6_13": 1.7034006106715425e-08,
    "loss_C3H6_11_16": 779.0959463591633,
    "ArStar_CH4_CH3_H_cm3_3_1": 3.4783024393600366e-10,
    "loss_C2H_11_12": 980.8051486627822,
    "loss_C3H_11_10": 866.1933299295551,
    "loss_C4H2_11_11": 476.8148568445953,
    "loss_C3H3_11_13": 251.62256776956588,
    "e_CH4Plus_CH3_H_cm3_6_4": 1.0426004446075539e-07,
    "e_CH4_CH_H2_H_vib_cm3_1_3": 6.567935572916033e-11,
    "stick_C2_9_9": 2050.17122504661,
    "stick_H_9_1": 360.1171552505784,
    "stick_CH_9_3": 1522.3577378423047,
    "stick_C_9_10": 2347.87628869263,
    "loss_CH2_11_1": 3798.4893196457388,
    "stick_CH3_9_2": 2622.902840963622,
    "e_Ar_ArStar_cm3_1_7": 1.0018034332876781e-10,
    "CH_CH4_C2H4_H_cm3_7_20": 5.6525879952822675e-11,
    "C2HPlus_e_C2_H_cm3_6_18": 2.610997237612317e-07,
    "C2H2_H_C2_H2_H_cm3_7_50": 9.53324722989126e-12,
    "CH_CH4_CH2_CH3_cm3_7_39": 9.813370035187706e-12,
    "C_CH_C2_H_cm3_7_4": 8.954681661793036e-11,
    "e_C2H2_C2_H2_cm3_1_16": 6.9864875674834e-11,
    "e_CH4_CH3_H_cm3_1_1": 1.1181882732504015e-10,
    "CH2_C2H3_C2H2_CH3_cm3_7_53": 9.490225436534984e-11,
    "CH_CH3_C2H4_cm3_7_5": 1.0915841549102706e-10,
    "CH2_H_CH_H2_cm3_7_1": 1.67376535135503e-11,
    "CH3_CH3_C2H2_H2_H2_cm3_7_49": 1.1326411813021722e-11,
    "CH_C_C2_H_cm3_7_9": 9.262583719379712e-11,
    "CH_H_C_H2_cm3_7_3": 9.488552659584572e-11,
    "C_H_CH_cm3_7_12": 1.0157129549238227e-10,
    "C2_H_CH_C_cm3_7_6": 9.835397013785263e-11,
    "e_CH4_CH2_H2_cm3_1_2": 3.809797775427248e-11,
    "CH2_CH2_C2H2_H2_cm3_7_15": 9.887686207294544e-11,
    "CH3_C2H5_C2H2_CH3_H2_cm3_7_61": 1.0556128422384704e-11,
    "CH_CH_C2_H2_cm3_5_4": 1.2828645681061038e-10,
    "CH2_CH3_C2H2_H_H2_cm3_7_62": 9.403334556351387e-12,
    "C_CH3_C2_H2_H_cm3_7_8": 1.1299677963300228e-10,
    "C2H2_C_C2_CH2_cm3_7_19": 8.929994333765563e-11,
    "C2H_H_C2_H2_cm3_7_47": 1.1206373915567488e-10
  },
  "target_densities": {
    "H": 10440592346555.217,
    "CH": 4407561192.892655,
    "C2": 38300826922.42557
  },
  "all_densities": {
    "e": 2180131662.109191,
    "Ar": 1.0260006290377222e+16,
    "CH4": 1810589345360686.2,
    "ArPlus": 231352260.26645327,
    "CH4Plus": 641583145.6977179,
    "CH3Plus": 143019341.15544838,
    "CH5Plus": 871443571.5714536,
    "ArHPlus": 154447856.25678664,
    "CH3Minus": 60136.667450992,
    "H": 10440592346555.217,
    "C2": 38300826922.42557,
    "CH": 4407561192.892655,
    "H2": 31678682722119.68,
    "ArStar": 900991631.8801191,
    "C2H4": 267076692174.67236,
    "C2H6": 2687722717869.1934,
    "CH2": 524537248877.868,
    "C2H2": 1834640388558.0188,
    "C2H5": 244521417480.85907,
    "CH3": 15561628756313.531,
    "C": 18603738113.46582,
    "H3Plus": 114423.00620958886,
    "C2H3": 3549038739.5943136,
    "C3H2": 808272726.8017902,
    "CHPlus": 201.56460178831756,
    "C3H": 382035318.8498743,
    "C4H2": 97511.55655181022,
    "C2H": 469358807.62041783,
    "C3H3": 1041713.5275173237,
    "C3H4": 63744507.63410391,
    "C3": 467087084.301396,
    "C3H5": 107774311.05197382,
    "C4H": 189914.946546901,
    "C3H6": 986775295.0628353,
    "CH2Plus": 120896.99449936648,
    "C2H5Plus": 416950300.2882003,
    "C2H4Plus": 33750.05344859588,
    "C2H3Plus": 22500.035632397256,
    "HMinus": 746489808.0689629,
    "C2HPlus": 151791.6564336868,
    "H2Plus": 6083566.827573949,
    "C2H2Star": 27232540.83627385
  }
}