{
  "pressure_mTorr": 500.0,
  "n_total": 1.2070595635737908e+16,
  "Te": 1.0311441022209669,
  "Ne": 2756534338.0264215,
  "E_field": 58.22736808165919,
  "n_i_total": 1649820269.019315,
  "Ni_over_Ne": 0.5985125040018643,
  "charge_imbalance_pct": 40.14874959981357,
  "rate_values": {
    "loss_C2_11_3": 1992.9702825400677,
    "e_CH4_CH3_HMinus_cm3_8_1": 8.562811602798524e-13,
    "loss_C2H2Star_11_25": 3857.9433323834705,
    "e_CH4Plus_CH2_H2_cm3_6_9": 1.37937150366376e-06,
    "e_CH_CHPlus_2e_cm3_2_10": 4.195926435963764e-12,
    "loss_C3H4_11_18": 1099.1086178493983,
    "e_CH4Plus_CH_H2_H_cm3_6_11": 1.8529771301067168e-07,
    "stick_ArStar_9_5": 620.5981017786225,
    "loss_CH_11_9": 1654.6132296790156,
    "loss_C3_11_14": 484.56674811945834,
    "loss_C4H_11_15": 227.4549810657058,
    "e_CH4Plus_C_2H2_cm3_6_13": 5.284792724640662e-08,
    "loss_C3H6_11_16": 613.0309636138293,
    "ArStar_CH4_CH3_H_cm3_3_1": 3.9935786881571655e-10,
    "loss_C2H_11_12": 425.5684222379961,
    "loss_C3H_11_10": 952.4547683406586,
    "loss_C4H2_11_11": 860.8224819563774,
    "loss_C3H3_11_13": 944.9796339530951,
    "e_CH4Plus_CH3_H_cm3_6_4": 3.176101293420532e-07,
    "e_CH4_CH_H2_H_vib_cm3_1_3": 9.310018854504627e-11,
    "stick_C2_9_9": 1637.34585916969,
    "stick_H_9_1": 311.21637878485956,
    "stick_CH_9_3": 2534.6862705159792,
    "stick_C_9_10": 3371.801938589236,
    "loss_CH2_11_1": 3118.4271138041595,
    "stick_CH3_9_2": 5102.167244688776,
    "e_Ar_ArStar_cm3_1_7": 6.869986035180595e-11,
    "CH_CH4_C2H4_H_cm3_7_20": 5.959987160971183e-11,
    "C2HPlus_e_C2_H_cm3_6_18": 2.032329336217082e-07,
    "C2H2_H_C2_H2_H_cm3_7_50": 8.217621896790167e-12,
    "CH_CH4_CH2_CH3_cm3_7_39": 9.874740021446864e-12,
    "C_CH_C2_H_cm3_7_4": 1.1884130447339808e-10,
    "e_C2H2_C2_H2_cm3_1_16": 1.1194770025340438e-10,
    "e_CH4_CH3_H_cm3_1_1": 9.418221204109583e-11,
    "CH2_C2H3_C2H2_CH3_cm3_7_53": 1.1223036727686714e-10,
    "CH_CH3_C2H4_cm3_7_5": 1.0539829345989958e-10,
    "CH2_H_CH_H2_cm3_7_1": 1.6171950959895007e-11,
    "CH3_CH3_C2H2_H2_H2_cm3_7_49": 1.1000651026849163e-11,
    "CH_C_C2_H_cm3_7_9": 1.1049406475573327e-10,
    "CH_H_C_H2_cm3_7_3": 8.971115756425228e-11,
    "C_H_CH_cm3_7_12": 1.0401062792453939e-10,
    "C2_H_CH_C_cm3_7_6": 9.857264837674289e-11,
    "e_CH4_CH2_H2_cm3_1_2": 5.8291253026752e-11,
    "CH2_CH2_C2H2_H2_cm3_7_15": 9.909070251009092e-11,
    "CH3_C2H5_C2H2_CH3_H2_cm3_7_61": 9.57985902255238e-12,
    "CH_CH_C2_H2_cm3_5_4": 1.2469639847767405e-10,
    "CH2_CH3_C2H2_H_H2_cm3_7_62": 9.775078420800145e-12,
    "C_CH3_C2_H2_H_cm3_7_8": 8.379586612120863e-11,
    "C2H2_C_C2_CH2_cm3_7_19": 8.018777675812015e-11,
    "C2H_H_C2_H2_cm3_7_47": 8.70449065734293e-11
  },
  "target_densities": {
    "H": 10528486366905.139,
    "CH": 4708268655.475976,
    "C2": 17042209901.382051
  },
  "all_densities": {
    "e": 2756534338.0264215,
    "Ar": 1.0260006290377222e+16,
    "CH4": 1810589345360686.2,
    "ArPlus": 167112047.6536275,
    "CH4Plus": 417093940.6179059,
    "CH3Plus": 95957855.95216721,
    "CH5Plus": 587143242.0190912,
    "ArHPlus": 111032426.92623484,
    "CH3Minus": 40429.491440547834,
    "H": 10528486366905.139,
    "C2": 17042209901.382051,
    "CH": 4708268655.475976,
    "H2": 30734382276874.867,
    "ArStar": 753676471.7809775,
    "C2H4": 289241753911.47534,
    "C2H6": 1326147692207.0547,
    "CH2": 373238392262.3593,
    "C2H2": 884609571002.247,
    "C2H5": 125034715865.4811,
    "CH3": 10930000332257.637,
    "C": 11579499431.947954,
    "H3Plus": 10463.197133196518,
    "C2H3": 2672489861.972371,
    "C3H2": 416301945.408315,
    "CHPlus": 83.4057184046946,
    "C3H": 189065827.94023344,
    "C4H2": 42171.84150358181,
    "C2H": 333845437.9945781,
    "C3H3": 573253.6217905844,
    "C3H4": 63769323.42734108,
    "C3": 249368214.02640408,
    "C3H5": 58869703.355578944,
    "C4H": 132664.71235325388,
    "C3H6": 576207882.6784436,
    "CH2Plus": 55921.92289152742,
    "C2H5Plus": 270760025.55144465,
    "C2H4Plus": 20804.792067665443,
    "C2H3Plus": 13869.861378443626,
    "HMinus": 883265498.7881274,
    "C2HPlus": 42835.07460193223,
    "H2Plus": 576752.0450523611,
    "C2H2Star": 10368883.567267312
  }
}