{
  "pressure_mTorr": 500.0,
  "n_total": 1.2070595635737908e+16,
  "Te": 1.191897217075614,
  "Ne": 2096645141.1260066,
  "E_field": 22.48720796387039,
  "n_i_total": 5908261957.99741,
  "Ni_over_Ne": 2.817959912293202,
  "charge_imbalance_pct": 181.7959912293202,
  "rate_values": {
    "loss_C2_11_3": 1063.227607005374,
    "e_CH4_CH3_HMinus_cm3_8_1": 9.743025445952568e-14,
    "loss_C2H2Star_11_25": 2320.3471456007983,
    "e_CH4Plus_CH2_H2_cm3_6_9": 1.8246599188479627e-06,
    "e_CH_CHPlus_2e_cm3_2_10": 1.7542516229432702e-12,
    "loss_C3H4_11_18": 1452.7725186169137,
    "e_CH4Plus_CH_H2_H_cm3_6_11": 5.164977961217846e-07,
    "stick_ArStar_9_5": 270.9252607456264,
    "loss_CH_11_9": 7921.1676834967275,
    "loss_C3_11_14": 398.8774716685004,
    "loss_C4H_11_15": 388.1094565579876,
    "e_CH4Plus_C_2H2_cm3_6_13": 8.803068352238642e-08,
    "loss_C3H6_11_16": 893.4070647043836,
    "ArStar_CH4_CH3_H_cm3_3_1": 4.106092837318365e-10,
    "loss_C2H_11_12": 499.7686858538797,
    "loss_C3H_11_10": 160.85684782900063,
    "loss_C4H2_11_11": 217.11843245662777,
    "loss_C3H3_11_13": 540.5217672624849,
    "e_CH4Plus_CH3_H_cm3_6_4": 1.8102036668930135e-07,
    "e_CH4_CH_H2_H_vib_cm3_1_3": 3.687075237947802e-11,
    "stick_C2_9_9": 4242.244963088141,
    "stick_H_9_1": 218.59008286181108,
    "stick_CH_9_3": 3460.0497175550563,
    "stick_C_9_10": 2633.203051157746,
    "loss_CH2_11_1": 2000.916414751357,
    "stick_CH3_9_2": 5383.896297244615,
    "e_Ar_ArStar_cm3_1_7": 1.1671768109671622e-10,
    "CH_CH4_C2H4_H_cm3_7_20": 4.574765509967038e-11,
    "C2HPlus_e_C2_H_cm3_6_18": 2.0629910659017918e-07,
    "C2H2_H_C2_H2_H_cm3_7_50": 9.164269513072179e-12,
    "CH_CH4_CH2_CH3_cm3_7_39": 1.137370489641538e-11,
    "C_CH_C2_H_cm3_7_4": 9.981334493101983e-11,
    "e_C2H2_C2_H2_cm3_1_16": 6.854840684042753e-11,
    "e_CH4_CH3_H_cm3_1_1": 7.588293658856115e-11,
    "CH2_C2H3_C2H2_CH3_cm3_7_53": 1.1142707007175441e-10,
    "CH_CH3_C2H4_cm3_7_5": 9.53364492930537e-11,
    "CH2_H_CH_H2_cm3_7_1": 1.009755542407801e-11,
    "CH3_CH3_C2H2_H2_H2_cm3_7_49": 8.049719383499493e-12,
    "CH_C_C2_H_cm3_7_9": 1.076368556653721e-10,
    "CH_H_C_H2_cm3_7_3": 1.0934094943830143e-10,
    "C_H_CH_cm3_7_12": 1.1611002222081075e-10,
    "C2_H_CH_C_cm3_7_6": 9.124623775043835e-11,
    "e_CH4_CH2_H2_cm3_1_2": 4.768721322180305e-11,
    "CH2_CH2_C2H2_H2_cm3_7_15": 9.415026315499157e-11,
    "CH3_C2H5_C2H2_CH3_H2_cm3_7_61": 1.0693687611642089e-11,
    "CH_CH_C2_H2_cm3_5_4": 1.3414162822715062e-10,
    "CH2_CH3_C2H2_H_H2_cm3_7_62": 9.318454264143482e-12,
    "C_CH3_C2_H2_H_cm3_7_8": 1.058692937465565e-10,
    "C2H2_C_C2_CH2_cm3_7_19": 1.1281162117793175e-10,
    "C2H_H_C2_H2_cm3_7_47": 8.793016986912042e-11
  },
  "target_densities": {
    "H": 10629538209059.32,
    "CH": 3318902049.675433,
    "C2": 10541216325.76904
  },
  "all_densities": {
    "e": 2096645141.1260066,
    "Ar": 1.0260006290377222e+16,
    "CH4": 1810589345360686.2,
    "ArPlus": 246527010.78147045,
    "CH4Plus": 1634144272.8653877,
    "CH3Plus": 162950998.0565982,
    "CH5Plus": 2484156897.2420244,
    "ArHPlus": 183285875.2278002,
    "CH3Minus": 94364.89788286552,
    "H": 10629538209059.32,
    "C2": 10541216325.76904,
    "CH": 3318902049.675433,
    "H2": 30625076824114.473,
    "ArStar": 966481507.2714819,
    "C2H4": 167491199651.32352,
    "C2H6": 1277495163861.2827,
    "CH2": 443086955384.08514,
    "C2H2": 644792877457.9241,
    "C2H5": 145122336191.46576,
    "CH3": 10727360773623.295,
    "C": 12618215985.796776,
    "H3Plus": 163570.28889779272,
    "C2H3": 1843048706.6787734,
    "C3H2": 213929439.17570588,
    "CHPlus": 47.77588347417369,
    "C3H": 151645513.10072273,
    "C4H2": 34305.11082948651,
    "C2H": 186493570.23949683,
    "C3H3": 341626.57176739705,
    "C3H4": 22624011.832147162,
    "C3": 134029057.31462774,
    "C3H5": 48164681.903954305,
    "C4H": 43343.309650262825,
    "C3H6": 341983478.9840403,
    "CH2Plus": 291912.61520272197,
    "C2H5Plus": 1188542062.6999154,
    "C2H4Plus": 50998.71027469861,
    "C2H3Plus": 33999.14018313241,
    "HMinus": 136803542.91061124,
    "C2HPlus": 127093.08377811626,
    "H2Plus": 7987219.509992323,
    "C2H2Star": 16114323.06407133
  }
}