{
  "pressure_mTorr": 500.0,
  "n_total": 1.2070595635737908e+16,
  "Te": 1.0319861062867028,
  "Ne": 2394686070.4891,
  "E_field": 273.99920144461316,
  "n_i_total": 460957675.3357755,
  "Ni_over_Ne": 0.19249190155502416,
  "charge_imbalance_pct": 80.75080984449758,
  "rate_values": {
    "loss_C2_11_3": 1137.1898718888615,
    "e_CH4_CH3_HMinus_cm3_8_1": 9.364817607491073e-13,
    "loss_C2H2Star_11_25": 5737.865602583073,
    "e_CH4Plus_CH2_H2_cm3_6_9": 1.0055209711081745e-06,
    "e_CH_CHPlus_2e_cm3_2_10": 1.408717459000045e-11,
    "loss_C3H4_11_18": 765.5175691405262,
    "e_CH4Plus_CH_H2_H_cm3_6_11": 3.959826908975584e-07,
    "stick_ArStar_9_5": 605.4605842872948,
    "loss_CH_11_9": 8401.496918567982,
    "loss_C3_11_14": 182.90696113836236,
    "loss_C4H_11_15": 456.8362221656424,
    "e_CH4Plus_C_2H2_cm3_6_13": 7.594200558567242e-08,
    "loss_C3H6_11_16": 355.7547568604699,
    "ArStar_CH4_CH3_H_cm3_3_1": 4.015518862397042e-10,
    "loss_C2H_11_12": 557.4199854119416,
    "loss_C3H_11_10": 742.8190994953811,
    "loss_C4H2_11_11": 991.6211419035352,
    "loss_C3H3_11_13": 742.6848520549313,
    "e_CH4Plus_CH3_H_cm3_6_4": 5.185096502548548e-07,
    "e_CH4_CH_H2_H_vib_cm3_1_3": 6.536553642510585e-11,
    "stick_C2_9_9": 4351.789844610947,
    "stick_H_9_1": 304.408661780767,
    "stick_CH_9_3": 1410.515572136674,
    "stick_C_9_10": 4812.461547304444,
    "loss_CH2_11_1": 3931.710251445134,
    "stick_CH3_9_2": 4875.979992957829,
    "e_Ar_ArStar_cm3_1_7": 1.1050555346644109e-10,
    "CH_CH4_C2H4_H_cm3_7_20": 7.558496364109923e-11,
    "C2HPlus_e_C2_H_cm3_6_18": 2.8240266326733086e-07,
    "C2H2_H_C2_H2_H_cm3_7_50": 8.414076446383577e-12,
    "CH_CH4_CH2_CH3_cm3_7_39": 1.1276695669899949e-11,
    "C_CH_C2_H_cm3_7_4": 9.163131364629526e-11,
    "e_C2H2_C2_H2_cm3_1_16": 1.083199028374604e-10,
    "e_CH4_CH3_H_cm3_1_1": 9.280722407663067e-11,
    "CH2_C2H3_C2H2_CH3_cm3_7_53": 8.654794949856452e-11,
    "CH_CH3_C2H4_cm3_7_5": 9.629282001389159e-11,
    "CH2_H_CH_H2_cm3_7_1": 1.3775916975298668e-11,
    "CH3_CH3_C2H2_H2_H2_cm3_7_49": 1.1198526085304249e-11,
    "CH_C_C2_H_cm3_7_9": 1.1691692774601945e-10,
    "CH_H_C_H2_cm3_7_3": 1.0069030121612226e-10,
    "C_H_CH_cm3_7_12": 1.0306352855940834e-10,
    "C2_H_CH_C_cm3_7_6": 1.085006628985284e-10,
    "e_CH4_CH2_H2_cm3_1_2": 4.5719634989863885e-11,
    "CH2_CH2_C2H2_H2_cm3_7_15": 1.1771811755362875e-10,
    "CH3_C2H5_C2H2_CH3_H2_cm3_7_61": 1.1651693353587314e-11,
    "CH_CH_C2_H2_cm3_5_4": 1.5558010280837064e-10,
    "CH2_CH3_C2H2_H_H2_cm3_7_62": 1.1644641349612358e-11,
    "C_CH3_C2_H2_H_cm3_7_8": 1.0095124639427935e-10,
    "C2H2_C_C2_CH2_cm3_7_19": 1.178106559872505e-10,
    "C2H_H_C2_H2_cm3_7_47": 1.1181171241032248e-10
  },
  "target_densities": {
    "H": 10508452411208.074,
    "CH": 2562630261.57189,
    "C2": 12957483370.626585
  },
  "all_densities": {
    "e": 2394686070.4891,
    "Ar": 1.0260006290377222e+16,
    "CH4": 1810589345360686.2,
    "ArPlus": 147729574.24712974,
    "CH4Plus": 87543687.24995661,
    "CH3Plus": 58394775.66380559,
    "CH5Plus": 72208212.51601386,
    "ArHPlus": 59865436.75811706,
    "CH3Minus": 7735.021218225536,
    "H": 10508452411208.074,
    "C2": 12957483370.626585,
    "CH": 2562630261.57189,
    "H2": 30616056648449.617,
    "ArStar": 1051515647.8932946,
    "C2H4": 195690204092.77795,
    "C2H6": 1405541845089.2842,
    "CH2": 318585449317.1216,
    "C2H2": 944531905042.3485,
    "C2H5": 108811259886.97682,
    "CH3": 11250506479903.883,
    "C": 7517616318.303668,
    "H3Plus": 1226.4717503952384,
    "C2H3": 1512040778.7426386,
    "C3H2": 241986592.0717931,
    "CHPlus": 28.341460380838154,
    "C3H": 121444782.69097623,
    "C4H2": 13883.616165827123,
    "C2H": 156715500.99568185,
    "C3H3": 194451.29280431732,
    "C3H4": 27369138.88707484,
    "C3": 173556035.96933725,
    "C3H5": 27884302.738613024,
    "C4H": 36331.67351879932,
    "C3H6": 386510562.78627276,
    "CH2Plus": 6172.954054214075,
    "C2H5Plus": 35079722.687772624,
    "C2H4Plus": 2624.0165843080536,
    "C2H3Plus": 1749.3443895387022,
    "HMinus": 890636499.8864324,
    "C2HPlus": 8580.840509967093,
    "H2Plus": 115884.24423112646,
    "C2H2Star": 10385639.680783512
  }
}