{
  "pressure_mTorr": 500.0,
  "n_total": 1.2070595635737908e+16,
  "Te": 1.1491762223995736,
  "Ne": 2496607660.5795493,
  "E_field": 37.8270200213089,
  "n_i_total": 3865673164.913011,
  "Ni_over_Ne": 1.5483703050144668,
  "charge_imbalance_pct": 54.83703050144667,
  "rate_values": {
    "loss_C2_11_3": 1297.7771139147533,
    "e_CH4_CH3_HMinus_cm3_8_1": 5.283414239547302e-13,
    "loss_C2H2Star_11_25": 9391.291045484442,
    "e_CH4Plus_CH2_H2_cm3_6_9": 2.745689105037435e-06,
    "e_CH_CHPlus_2e_cm3_2_10": 2.571429506039952e-12,
    "loss_C3H4_11_18": 1362.3566603202994,
    "e_CH4Plus_CH_H2_H_cm3_6_11": 1.74203120274703e-07,
    "stick_ArStar_9_5": 319.01817456377364,
    "loss_CH_11_9": 3735.8397120735426,
    "loss_C3_11_14": 199.42601206542668,
    "loss_C4H_11_15": 786.0594459803838,
    "e_CH4Plus_C_2H2_cm3_6_13": 7.741372125694017e-08,
    "loss_C3H6_11_16": 751.8820648932289,
    "ArStar_CH4_CH3_H_cm3_3_1": 2.351643762557839e-10,
    "loss_C2H_11_12": 651.4404661086552,
    "loss_C3H_11_10": 473.532833925903,
    "loss_C4H2_11_11": 351.1234424635315,
    "loss_C3H3_11_13": 692.2018007358153,
    "e_CH4Plus_CH3_H_cm3_6_4": 2.565458601673558e-07,
    "e_CH4_CH_H2_H_vib_cm3_1_3": 5.222260546118175e-11,
    "stick_C2_9_9": 2284.9222502753582,
    "stick_H_9_1": 184.8298507506364,
    "stick_CH_9_3": 1436.9229312326397,
    "stick_C_9_10": 4756.520774486988,
    "loss_CH2_11_1": 2408.0297536358166,
    "stick_CH3_9_2": 4654.065165703668,
    "e_Ar_ArStar_cm3_1_7": 7.988469179179906e-11,
    "CH_CH4_C2H4_H_cm3_7_20": 7.457561034581128e-11,
    "C2HPlus_e_C2_H_cm3_6_18": 2.88903834987142e-07,
    "C2H2_H_C2_H2_H_cm3_7_50": 9.420328464047196e-12,
    "CH_CH4_CH2_CH3_cm3_7_39": 8.100124878090647e-12,
    "C_CH_C2_H_cm3_7_4": 1.1429382606440407e-10,
    "e_C2H2_C2_H2_cm3_1_16": 8.628888061786855e-11,
    "e_CH4_CH3_H_cm3_1_1": 8.92549458852316e-11,
    "CH2_C2H3_C2H2_CH3_cm3_7_53": 8.867787833103958e-11,
    "CH_CH3_C2H4_cm3_7_5": 1.1538860665003012e-10,
    "CH2_H_CH_H2_cm3_7_1": 2.1155591110051003e-11,
    "CH3_CH3_C2H2_H2_H2_cm3_7_49": 1.0914027345986839e-11,
    "CH_C_C2_H_cm3_7_9": 8.078052810232638e-11,
    "CH_H_C_H2_cm3_7_3": 1.0422753613756784e-10,
    "C_H_CH_cm3_7_12": 1.1511614404886976e-10,
    "C2_H_CH_C_cm3_7_6": 1.1246794471416934e-10,
    "e_CH4_CH2_H2_cm3_1_2": 3.3172283224674714e-11,
    "CH2_CH2_C2H2_H2_cm3_7_15": 1.0206249465289532e-10,
    "CH3_C2H5_C2H2_CH3_H2_cm3_7_61": 1.1435280059129703e-11,
    "CH_CH_C2_H2_cm3_5_4": 1.5368132227506294e-10,
    "CH2_CH3_C2H2_H_H2_cm3_7_62": 9.187962729352802e-12,
    "C_CH3_C2_H2_H_cm3_7_8": 8.36633685390113e-11,
    "C2H2_C_C2_CH2_cm3_7_19": 8.372236771728937e-11,
    "C2H_H_C2_H2_cm3_7_47": 1.1633334299237337e-10
  },
  "target_densities": {
    "H": 10687097509841.621,
    "CH": 3719768666.4009614,
    "C2": 21931644468.779922
  },
  "all_densities": {
    "e": 2496607660.5795493,
    "Ar": 1.0260006290377222e+16,
    "CH4": 1810589345360686.2,
    "ArPlus": 255852822.90958002,
    "CH4Plus": 1039621376.5408336,
    "CH3Plus": 165685795.9494272,
    "CH5Plus": 1500006134.792565,
    "ArHPlus": 180805843.5130502,
    "CH3Minus": 70169.30901285178,
    "H": 10687097509841.621,
    "C2": 21931644468.779922,
    "CH": 3719768666.4009614,
    "H2": 31320965635956.223,
    "ArStar": 897076105.764057,
    "C2H4": 283863440944.9286,
    "C2H6": 1524787691081.4768,
    "CH2": 442961671295.7348,
    "C2H2": 1006057201059.243,
    "C2H5": 157342714015.94653,
    "CH3": 11720164262828.492,
    "C": 11523744737.91305,
    "H3Plus": 75726.07889434007,
    "C2H3": 2274002624.852515,
    "C3H2": 374090852.1676944,
    "CHPlus": 56.044946736235055,
    "C3H": 217082754.7831223,
    "C4H2": 50433.19008656973,
    "C2H": 237658847.3594057,
    "C3H3": 435524.45003579295,
    "C3H4": 44461653.499398716,
    "C3": 269448823.76832634,
    "C3H5": 58527849.74830054,
    "C4H": 68344.34196053578,
    "C3H6": 487702447.85542136,
    "CH2Plus": 176397.20886687364,
    "C2H5Plus": 719383173.6857901,
    "C2H4Plus": 61220.76270561847,
    "C2H3Plus": 40813.84180374565,
    "HMinus": 507351581.93867624,
    "C2HPlus": 141498.77994983288,
    "H2Plus": 3822304.8045981107,
    "C2H2Star": 5766043.486871133
  }
}