{
  "pressure_mTorr": 500.0,
  "n_total": 1.2070595635737908e+16,
  "Te": 1.3591649163490325,
  "Ne": 2033271635.0566797,
  "E_field": 14.700284938168153,
  "n_i_total": 10241624869.98288,
  "Ni_over_Ne": 5.037017530467533,
  "charge_imbalance_pct": 403.70175304675325,
  "rate_values": {
    "loss_C2_11_3": 578.0159030182031,
    "e_CH4_CH3_HMinus_cm3_8_1": 9.809373343944636e-13,
    "loss_C2H2Star_11_25": 6307.463531125628,
    "e_CH4Plus_CH2_H2_cm3_6_9": 1.312488494320837e-06,
    "e_CH_CHPlus_2e_cm3_2_10": 9.273169305198327e-12,
    "loss_C3H4_11_18": 355.48438752582587,
    "e_CH4Plus_CH_H2_H_cm3_6_11": 9.656971208862663e-07,
    "stick_ArStar_9_5": 555.1772994573133,
    "loss_CH_11_9": 5235.255692447475,
    "loss_C3_11_14": 662.5536528776383,
    "loss_C4H_11_15": 994.1103555684563,
    "e_CH4Plus_C_2H2_cm3_6_13": 8.311031832573496e-08,
    "loss_C3H6_11_16": 221.55175659217315,
    "ArStar_CH4_CH3_H_cm3_3_1": 3.0706580387115663e-10,
    "loss_C2H_11_12": 900.4184831198482,
    "loss_C3H_11_10": 935.9544160743421,
    "loss_C4H2_11_11": 324.44247406011243,
    "loss_C3H3_11_13": 631.6371226416244,
    "e_CH4Plus_CH3_H_cm3_6_4": 3.994518182213809e-07,
    "e_CH4_CH_H2_H_vib_cm3_1_3": 3.305235792110193e-11,
    "stick_C2_9_9": 2745.4502876656143,
    "stick_H_9_1": 301.4810804027451,
    "stick_CH_9_3": 2375.602848381889,
    "stick_C_9_10": 1881.9754277627737,
    "loss_CH2_11_1": 4899.308788045928,
    "stick_CH3_9_2": 3762.223368708517,
    "e_Ar_ArStar_cm3_1_7": 1.5404962784617082e-10,
    "CH_CH4_C2H4_H_cm3_7_20": 6.278497733276317e-11,
    "C2HPlus_e_C2_H_cm3_6_18": 1.9876012958554578e-07,
    "C2H2_H_C2_H2_H_cm3_7_50": 1.1349714054252105e-11,
    "CH_CH4_CH2_CH3_cm3_7_39": 8.799746851951158e-12,
    "C_CH_C2_H_cm3_7_4": 1.1031858262398125e-10,
    "e_C2H2_C2_H2_cm3_1_16": 6.6783985144951e-11,
    "e_CH4_CH3_H_cm3_1_1": 1.1555413334840623e-10,
    "CH2_C2H3_C2H2_CH3_cm3_7_53": 9.468487804441682e-11,
    "CH_CH3_C2H4_cm3_7_5": 8.205181734819443e-11,
    "CH2_H_CH_H2_cm3_7_1": 2.003564856444658e-11,
    "CH3_CH3_C2H2_H2_H2_cm3_7_49": 1.1347989268789893e-11,
    "CH_C_C2_H_cm3_7_9": 1.0573627458235431e-10,
    "CH_H_C_H2_cm3_7_3": 9.60882345812185e-11,
    "C_H_CH_cm3_7_12": 9.531487176847591e-11,
    "C2_H_CH_C_cm3_7_6": 8.050003818534198e-11,
    "e_CH4_CH2_H2_cm3_1_2": 2.891953310939206e-11,
    "CH2_CH2_C2H2_H2_cm3_7_15": 1.1834738657182674e-10,
    "CH3_C2H5_C2H2_CH3_H2_cm3_7_61": 1.0061730712152787e-11,
    "CH_CH_C2_H2_cm3_5_4": 1.6403363346453295e-10,
    "CH2_CH3_C2H2_H_H2_cm3_7_62": 1.1077647964050483e-11,
    "C_CH3_C2_H2_H_cm3_7_8": 9.932342238443678e-11,
    "C2H2_C_C2_CH2_cm3_7_19": 1.0105273943651783e-10,
    "C2H_H_C2_H2_cm3_7_47": 8.890316658329246e-11
  },
  "target_densities": {
    "H": 10539808065163.52,
    "CH": 3026177566.2594,
    "C2": 38006415602.06771
  },
  "all_densities": {
    "e": 2033271635.0566797,
    "Ar": 1.0260006290377222e+16,
    "CH4": 1810589345360686.2,
    "ArPlus": 291815367.09916085,
    "CH4Plus": 2839592324.4200473,
    "CH3Plus": 192841748.89293945,
    "CH5Plus": 4486174224.3721075,
    "ArHPlus": 223043630.1035207,
    "CH3Minus": 199797.81179082886,
    "H": 10539808065163.52,
    "C2": 38006415602.06771,
    "CH": 3026177566.2594,
    "H2": 31235166147537.523,
    "ArStar": 1332284073.24029,
    "C2H4": 197548576847.47803,
    "C2H6": 1928648039164.9744,
    "CH2": 365946358037.6656,
    "C2H2": 1290532640163.7341,
    "C2H5": 146432074702.64746,
    "CH3": 13180830984383.936,
    "C": 16879847949.80214,
    "H3Plus": 1223109.2551739465,
    "C2H3": 2094301710.5819635,
    "C3H2": 390419944.411181,
    "CHPlus": 337.80116680560945,
    "C3H": 178633201.11751112,
    "C4H2": 34334.42597727305,
    "C2H": 350424160.4960221,
    "C3H3": 336819.9307549963,
    "C3H4": 40959524.97339136,
    "C3": 216224483.0363146,
    "C3H5": 44312945.94459724,
    "C4H": 52648.03819766149,
    "C3H6": 693676688.7931004,
    "CH2Plus": 436450.6541422027,
    "C2H5Plus": 2149104699.540133,
    "C2H4Plus": 89161.98469186343,
    "C2H3Plus": 59441.323127908974,
    "HMinus": 670694391.5818468,
    "C2HPlus": 373212.3133881428,
    "H2Plus": 56871162.223279975,
    "C2H2Star": 16355443.743771113
  }
}