{
  "objective": 3407.1651074670053,
  "parameters": {
    "Te": 1.4700762646387704,
    "Ne": 844290826.5691926,
    "E_field": 251.91703558170124,
    "H_drift_gain": 3.404291829360308e+17,
    "P": 0.4,
    "Tgas": 300
  },
  "all_densities": {
    "e": 844290826.5691926,
    "Ar": 8211000000000000.0,
    "CH4": 1449000000000000.0,
    "ArPlus": 2723472393.0081573,
    "CH4Plus": 2510210572.797253,
    "CH3Plus": 513437960.30588883,
    "CH5Plus": 7006471505.792769,
    "ArHPlus": 1210127948.028179,
    "CH3Minus": -1.4179285568201772e+18,
    "H": 27463839355311.97,
    "C2": 21209939668.675945,
    "CH": 5350885592.057735,
    "H2": 22033773035209.195,
    "ArStar": 154490764.6298835,
    "C2H4": 217751231561.6427,
    "C2H6": 645874350071.7493,
    "CH2": 761462029129.9458,
    "C2H2": 684756029481.2084,
    "C2H5": 216529774171.91406,
    "CH3": 18366614829942.363,
    "C": 28640846297.93356,
    "H3Plus": -2.3632360244237276e+18,
    "C2H3": 13770735967.88447,
    "C3H2": 101015727.73278143,
    "CHPlus": -2.363236024423727e+18,
    "C3H": 225192009.9951128,
    "C4H2": 75068.90509356436,
    "C2H": 135166281.29268664,
    "C3H3": 3113847.6783671365,
    "C3H4": 50145482.796650335,
    "C3": 393163462.26976305,
    "C3H5": 38336818.87853644,
    "C4H": 29814.97474934889,
    "C3H6": 284509451.31940556,
    "CH2Plus": -2.339023641884836e+18,
    "C2H5Plus": -1.5940133382817457e+18,
    "C2H4Plus": -2.3393377890112067e+18,
    "C2H3Plus": -2.3393633944399805e+18,
    "HMinus": 144606022.643817,
    "C2HPlus": -2.363021280205768e+18,
    "H2Plus": -2.353835381919938e+18,
    "C2H2Star": 730100.6725266036
  },
  "total_ion_density": -1.805506686062721e+19,
  "electron_density": 844290826.5691926,
  "charge_imbalance_percent": 2138489048239.3298
}