{
  "pressure_mTorr": 500.0,
  "n_total": 1.2070595635737908e+16,
  "Te": 2.157836944171914,
  "Ne": 397233730.8313127,
  "E_field": 269.7137426768578,
  "n_i_total": 118371074045.59984,
  "Ni_over_Ne": 297.9884759480979,
  "charge_imbalance_pct": 29698.84759480979,
  "rate_values": {
    "CH_CH_C2_H2_cm3_5_4": 1.7056192145335124e-10,
    "e_C2H2_C2_H2_cm3_1_16": 8.271197366419694e-11,
    "C2HPlus_e_C2_H_cm3_6_18": 2.710659893045085e-07,
    "C_CH_C2_H_cm3_7_4": 1.5835488935582218e-10,
    "CH_C_C2_H_cm3_7_9": 9.033269652250909e-11,
    "C2H_H_C2_H2_cm3_7_47": 1.9712499381180226e-10,
    "C2H2_H_C2_H2_H_cm3_7_50": 1.4551479663528373e-11,
    "C2_H_CH_C_cm3_7_6": 1.045884296281151e-11,
    "stick_C2_9_9": 1520.014617730987,
    "loss_C2_11_3": 1281.9088356202294,
    "stick_C2H2_9_11": 1581.4374100483572,
    "loss_C2H2_11_19": 1243.2404296369218
  },
  "target_densities": {
    "H": 506718615682880.8,
    "CH": 188976947391.90524,
    "C2": 1016187303334.3641
  },
  "all_densities": {
    "e": 397233730.8313127,
    "Ar": 1.0260006290377222e+16,
    "CH4": 1810589345360686.2,
    "ArPlus": 43876807267.8442,
    "CH4Plus": 15173439112.198479,
    "CH3Plus": 13922936572.270681,
    "CH5Plus": 18210214758.728165,
    "ArHPlus": 18302672142.94557,
    "CH3Minus": 6481.829934174934,
    "H": 506718615682880.8,
    "C2": 1016187303334.3641,
    "CH": 188976947391.90524,
    "H2": 91901073885109.98,
    "ArStar": 60077345495.12333,
    "C2H4": 30199876984862.824,
    "C2H6": 11544070246023.85,
    "CH2": 2424716146756.2705,
    "C2H2": 1080973349445.4993,
    "C2H5": 1685794674657.1895,
    "CH3": 22682048563585.562,
    "C": 627459701818.2142,
    "H3Plus": 6337228.833325945,
    "C2H3": 562077883243.5845,
    "C3H2": 93321697167.07411,
    "CHPlus": 55396.75591391469,
    "C3H": 13906961970.31505,
    "C4H2": 181247946.2514106,
    "C2H": 208503747.9917095,
    "C3H3": 7325500867.025952,
    "C3H4": 432950939353.89484,
    "C3": 40575930545.88235,
    "C3H5": 159288165773.12283,
    "C4H": 1216251686.625205,
    "C3H6": 315744069575.92645,
    "CH2Plus": 11379707.111323783,
    "C2H5Plus": 8634062483.662405,
    "C2H4Plus": 19943136.26173198,
    "C2H3Plus": 13295424.174487986,
    "HMinus": 54928658371.52255,
    "C2HPlus": 762271.9645759515,
    "H2Plus": 199168542.84898987,
    "C2H2Star": 12988401877.13159
  }
}