{
  "pressure_mTorr": 500.0,
  "n_total": 1.2070595635737908e+16,
  "Te": 1.1211981723298075,
  "Ne": 259279178.32517886,
  "E_field": 193.66635200126697,
  "n_i_total": 168579043.53582597,
  "Ni_over_Ne": 0.6501834995959453,
  "charge_imbalance_pct": 34.98165004040546,
  "rate_values": {
    "CH_CH_C2_H2_cm3_5_4": 5.175758245171436e-11,
    "e_C2H2_C2_H2_cm3_1_16": 7.768099340651736e-11,
    "C2HPlus_e_C2_H_cm3_6_18": 1.993427959833888e-07,
    "C_CH_C2_H_cm3_7_4": 1.2324635149657726e-10,
    "CH_C_C2_H_cm3_7_9": 7.495558762110305e-11,
    "C2H_H_C2_H2_cm3_7_47": 1.3110025506404065e-10,
    "C2H2_H_C2_H2_H_cm3_7_50": 1.6733672004867086e-11,
    "C2_H_CH_C_cm3_7_6": 1.8487892005112348e-11,
    "stick_C2_9_9": 6918.666083066972,
    "loss_C2_11_3": 2665.2955356716243,
    "stick_C2H2_9_11": 1398.2484879415283,
    "loss_C2H2_11_19": 1680.6113852903877
  },
  "target_densities": {
    "H": 199982896820906.9,
    "CH": 446177488.8129594,
    "C2": 5095963.715464441
  },
  "all_densities": {
    "e": 259279178.32517886,
    "Ar": 1.0260006290377222e+16,
    "CH4": 1810589345360686.2,
    "ArPlus": 45517777.41763361,
    "CH4Plus": 30311579.60379881,
    "CH3Plus": 20379713.68041702,
    "CH5Plus": 33067235.195949662,
    "ArHPlus": 21980130.52260152,
    "CH3Minus": 15.646793129783212,
    "H": 199982896820906.9,
    "C2": 5095963.715464441,
    "CH": 446177488.8129594,
    "H2": 142772086164.9523,
    "ArStar": 211337418.38534468,
    "C2H4": 75191526047.26608,
    "C2H6": 177611911.83473545,
    "CH2": 8783761039.984886,
    "C2H2": 19768368.783325892,
    "C2H5": 26244549.256672073,
    "CH3": 85939810484.05876,
    "C": 1403955296.8984272,
    "H3Plus": 0.01693391894953187,
    "C2H3": 11436795.251635466,
    "C3H2": 4409.116946472892,
    "CHPlus": 0.896922194933295,
    "C3H": 608.2710168853802,
    "C4H2": 0.018717023091836146,
    "C2H": 38.1211258896449,
    "C3H3": 351.92004037535787,
    "C3H4": 2545078.8206180516,
    "C3": 921.9041192392145,
    "C3H5": 5854.863541184984,
    "C4H": 0.1356723260041337,
    "C3H6": 11494.529273830747,
    "CH2Plus": 84.0362819161214,
    "C2H5Plus": 17321630.11912049,
    "C2H4Plus": 361.79702228642225,
    "C2H3Plus": 241.1980148576149,
    "HMinus": 350209477.69268966,
    "C2HPlus": 0.06902768418540269,
    "H2Plus": 288.9821019962509,
    "C2H2Star": 835.5592048715063
  }
}