{
  "pressure_mTorr": 500.0,
  "n_total": 1.2070595635737908e+16,
  "Te": 2.109756492128529,
  "Ne": 1142462760.0572972,
  "E_field": 204.69456874063152,
  "n_i_total": 370943268212.3293,
  "Ni_over_Ne": 324.687404422465,
  "charge_imbalance_pct": 32368.7404422465,
  "rate_values": {
    "CH_CH_C2_H2_cm3_5_4": 7.644477628342709e-11,
    "e_C2H2_C2_H2_cm3_1_16": 9.959479826455881e-11,
    "C2HPlus_e_C2_H_cm3_6_18": 2.007681905643376e-07,
    "C_CH_C2_H_cm3_7_4": 1.1508966306167343e-10,
    "CH_C_C2_H_cm3_7_9": 9.643922780082301e-11,
    "C2H_H_C2_H2_cm3_7_47": 7.580158335856192e-11,
    "C2H2_H_C2_H2_H_cm3_7_50": 9.14386449197654e-12,
    "C2_H_CH_C_cm3_7_6": 3.93881006461863e-11,
    "stick_C2_9_9": 7692.046950718923,
    "loss_C2_11_3": 1256.722362670514,
    "stick_C2H2_9_11": 926.2779883143876,
    "loss_C2H2_11_19": 1137.8402751691601
  },
  "target_densities": {
    "H": 770899768658649.2,
    "CH": 569099521660.3257,
    "C2": 1113135408910.4294
  },
  "all_densities": {
    "e": 1142462760.0572972,
    "Ar": 1.0260006290377222e+16,
    "CH4": 1810589345360686.2,
    "ArPlus": 113975975689.7722,
    "CH4Plus": 50505891386.18979,
    "CH3Plus": 41034902795.742294,
    "CH5Plus": 71933377018.63689,
    "ArHPlus": 56133930397.369194,
    "CH3Minus": 43607.73882707527,
    "H": 770899768658649.2,
    "C2": 1113135408910.4294,
    "CH": 569099521660.3257,
    "H2": 313742967283538.3,
    "ArStar": 145024532776.70676,
    "C2H4": 77826558726678.05,
    "C2H6": 37365088507828.92,
    "CH2": 5480689278894.415,
    "C2H2": 5814810899122.718,
    "C2H5": 6405764493969.526,
    "CH3": 43295578426323.086,
    "C": 1827347753862.8215,
    "H3Plus": 219111145.10715562,
    "C2H3": 1861309356500.8733,
    "C3H2": 1288080151561.1797,
    "CHPlus": 558338.3448474823,
    "C3H": 219602113349.861,
    "C4H2": 8618997080.20707,
    "C2H": 5744533978.197785,
    "C3H3": 73053121685.96797,
    "C3H4": 3360011246772.682,
    "C3": 315598328189.2537,
    "C3H5": 1822758754693.3777,
    "C4H": 50554882628.52602,
    "C3H6": 3175893201305.0024,
    "CH2Plus": 99890613.68437263,
    "C2H5Plus": 34924272118.15284,
    "C2H4Plus": 172356300.63409024,
    "C2H3Plus": 114904200.4227268,
    "HMinus": 78026510081.70863,
    "C2HPlus": 13613935.668843238,
    "H2Plus": 1814484272.6040096,
    "C2H2Star": 168658046766.03485
  }
}