{
  "pressure_mTorr": 500.0,
  "n_total": 1.2070595635737908e+16,
  "Te": 1.0923889714229587,
  "Ne": 1501612153.8896153,
  "E_field": 101.26187591772828,
  "n_i_total": 1267377167.879252,
  "Ni_over_Ne": 0.8440109948473538,
  "charge_imbalance_pct": 15.598900515264619,
  "rate_values": {
    "CH_CH_C2_H2_cm3_5_4": 1.0675479727284669e-10,
    "e_C2H2_C2_H2_cm3_1_16": 6.803185869442947e-11,
    "C2HPlus_e_C2_H_cm3_6_18": 1.917899875659916e-07,
    "C_CH_C2_H_cm3_7_4": 1.0748849372098821e-10,
    "CH_C_C2_H_cm3_7_9": 5.632460411748807e-11,
    "C2H_H_C2_H2_cm3_7_47": 1.659276708872877e-10,
    "C2H2_H_C2_H2_H_cm3_7_50": 7.570523006487452e-12,
    "C2_H_CH_C_cm3_7_6": 3.141071317280161e-11,
    "stick_C2_9_9": 5497.192585382029,
    "loss_C2_11_3": 1454.5122141051804,
    "stick_C2H2_9_11": 1444.0892325003301,
    "loss_C2H2_11_19": 1419.3004650000867
  },
  "target_densities": {
    "H": 203454098364647.8,
    "CH": 2113620662.4320142,
    "C2": 73095154.01889583
  },
  "all_densities": {
    "e": 1501612153.8896153,
    "Ar": 1.0260006290377222e+16,
    "CH4": 1810589345360686.2,
    "ArPlus": 213820659.65089095,
    "CH4Plus": 261468809.16770086,
    "CH3Plus": 115023056.35901734,
    "CH5Plus": 361781550.7704369,
    "ArHPlus": 128355355.68717083,
    "CH3Minus": 532.2333673716649,
    "H": 203454098364647.8,
    "C2": 73095154.01889583,
    "CH": 2113620662.4320142,
    "H2": 710260991371.485,
    "ArStar": 921510697.8780276,
    "C2H4": 356254076980.4966,
    "C2H6": 3564528482.962334,
    "CH2": 44542214367.79929,
    "C2H2": 608366649.2504346,
    "C2H5": 591412330.3799318,
    "CH3": 382523409897.73157,
    "C": 7007899673.782903,
    "H3Plus": 4.024304044522672,
    "C2H3": 239500951.0172,
    "C3H2": 642249.42426834,
    "CHPlus": 36.07757173386399,
    "C3H": 88666.82152856508,
    "C4H2": 12.924691452065305,
    "C2H": 4326.894407964499,
    "C3H3": 34911.32129255667,
    "C3H4": 57123074.20688174,
    "C3": 109989.46040732593,
    "C3H5": 625010.6607540464,
    "C4H": 93.61873472887095,
    "C3H6": 1117665.6374961643,
    "CH2Plus": 4599.950404237821,
    "C2H5Plus": 186887788.86231202,
    "C2H4Plus": 14634.911924991316,
    "C2H3Plus": 9756.60794999421,
    "HMinus": 1521348112.141743,
    "C2HPlus": 17.72107182033819,
    "H2Plus": 10898.088496270862,
    "C2H2Star": 112123.27510329704
  }
}