{
  "pressure_mTorr": 500.0,
  "n_total": 1.2070595635737908e+16,
  "Te": 1.1684808798098127,
  "Ne": 741729109.2034515,
  "E_field": 25.584535816372096,
  "n_i_total": 5177505897.632291,
  "Ni_over_Ne": 6.980319139951853,
  "charge_imbalance_pct": 598.0319139951854,
  "rate_values": {
    "CH_CH_C2_H2_cm3_5_4": 1.355759354396068e-10,
    "e_C2H2_C2_H2_cm3_1_16": 4.357151417619604e-11,
    "C2HPlus_e_C2_H_cm3_6_18": 2.0685172496594519e-07,
    "C_CH_C2_H_cm3_7_4": 5.4590599663698593e-11,
    "CH_C_C2_H_cm3_7_9": 1.7408526919698383e-10,
    "C2H_H_C2_H2_cm3_7_47": 6.059090157301578e-11,
    "C2H2_H_C2_H2_H_cm3_7_50": 8.209332435995948e-12,
    "C2_H_CH_C_cm3_7_6": 1.4730502604788933e-11,
    "stick_C2_9_9": 7054.419204747428,
    "loss_C2_11_3": 1019.4435597466824,
    "stick_C2H2_9_11": 755.1800343468531,
    "loss_C2H2_11_19": 1522.8848961131002
  },
  "target_densities": {
    "H": 203585718514606.4,
    "CH": 2352761222.7949343,
    "C2": 127253104.44248325
  },
  "all_densities": {
    "e": 741729109.2034515,
    "Ar": 1.0260006290377222e+16,
    "CH4": 1810589345360686.2,
    "ArPlus": 276411294.39630365,
    "CH4Plus": 1226502054.892702,
    "CH3Plus": 173846125.97460002,
    "CH5Plus": 2175635944.7795253,
    "ArHPlus": 206338100.70734024,
    "CH3Minus": 1232.4950400880662,
    "H": 203585718514606.4,
    "C2": 127253104.44248325,
    "CH": 2352761222.7949343,
    "H2": 863409827223.0714,
    "ArStar": 934386613.56514,
    "C2H4": 396302501020.9412,
    "C2H6": 4276179412.7463202,
    "CH2": 56495633274.5813,
    "C2H2": 807854690.2474412,
    "C2H5": 785375656.0241581,
    "CH3": 400578640303.2167,
    "C": 8538436787.558934,
    "H3Plus": 37.929644631673426,
    "C2H3": 270312824.9538222,
    "C3H2": 949227.9410879037,
    "CHPlus": 151.08609247039684,
    "C3H": 131060.74718781923,
    "C4H2": 21.265837504415956,
    "C2H": 16667.16990848481,
    "C3H3": 43860.79535003501,
    "C3H4": 70734184.31645465,
    "C3": 172378.03642015788,
    "C3H5": 923900.6944103859,
    "C4H": 154.0211511300065,
    "C3H6": 1524970.9648065604,
    "CH2Plus": 34901.55421962304,
    "C2H5Plus": 1118568607.8702683,
    "C2H4Plus": 61536.6704874456,
    "C2H3Plus": 41024.446991630386,
    "HMinus": 1383317245.0222652,
    "C2HPlus": 92.64248117282544,
    "H2Plus": 66024.68163502567,
    "C2H2Star": 150969.72165460436
  }
}