{
  "pressure_mTorr": 500.0,
  "n_total": 1.2070595635737908e+16,
  "Te": 2.671774326815913,
  "Ne": 2645781818.5380125,
  "E_field": 213.0692052481458,
  "n_i_total": 4530284546511.816,
  "Ni_over_Ne": 1712.2668674982162,
  "charge_imbalance_pct": 171126.6867498216,
  "rate_values": {
    "CH_CH_C2_H2_cm3_5_4": 6.058507339837387e-11,
    "e_C2H2_C2_H2_cm3_1_16": 7.753726748517365e-11,
    "C2HPlus_e_C2_H_cm3_6_18": 1.402630660283837e-07,
    "C_CH_C2_H_cm3_7_4": 1.9461981288362826e-10,
    "CH_C_C2_H_cm3_7_9": 1.094901536650413e-10,
    "C2H_H_C2_H2_cm3_7_47": 9.210151544047559e-11,
    "C2H2_H_C2_H2_H_cm3_7_50": 5.541383478034384e-12,
    "C2_H_CH_C_cm3_7_6": 3.205332030817727e-11,
    "stick_C2_9_9": 3972.026790508163,
    "loss_C2_11_3": 1811.7714914973733,
    "stick_C2H2_9_11": 795.7838780150375,
    "loss_C2H2_11_19": 1123.4316634311424
  },
  "target_densities": {
    "H": 2216880121713517.2,
    "CH": 4524862660632.674,
    "C2": 13340693151112.42
  },
  "all_densities": {
    "e": 2645781818.5380125,
    "Ar": 1.0260006290377222e+16,
    "CH4": 1810589345360686.2,
    "ArPlus": 1240634327672.3481,
    "CH4Plus": 434862645695.3757,
    "CH3Plus": 447882521611.2736,
    "CH5Plus": 1002625953238.1444,
    "ArHPlus": 794503728853.9005,
    "CH3Minus": 292670.90091657493,
    "H": 2216880121713517.2,
    "C2": 13340693151112.42,
    "CH": 4524862660632.674,
    "H2": 3007219264322228.0,
    "ArStar": 874316129166.6726,
    "C2H4": 239598473759020.22,
    "C2H6": 192157675127616.84,
    "CH2": 29337240126574.637,
    "C2H2": 68300626715209.51,
    "C2H5": 62599049020891.64,
    "CH3": 145208740803621.6,
    "C": 13670421186668.44,
    "H3Plus": 77465684509.09464,
    "C2H3": 10581116487053.137,
    "C3H2": 47365128064089.445,
    "CHPlus": 32108548.663242914,
    "C3H": 16244582735462.674,
    "C4H2": 5069276266017.464,
    "C2H": 153297637649.26086,
    "C3H3": 3301937855177.3457,
    "C3H4": 82245876289823.8,
    "C3": 29640038905814.844,
    "C3H5": 141626049752873.47,
    "C4H": 14780737889191.936,
    "C3H6": 154257946808373.84,
    "CH2Plus": 5606671292.279344,
    "C2H5Plus": 428783756535.36835,
    "C2H4Plus": 3784401288.445022,
    "C2H3Plus": 2522934192.2966814,
    "HMinus": 125686172229.18422,
    "C2HPlus": 1247681423.9839578,
    "H2Plus": 90332131650.6435,
    "C2H2Star": 11943267913859.96
  }
}