{
  "pressure_mTorr": 500.0,
  "n_total": 1.2070595635737908e+16,
  "Te": 1.338489192228947,
  "Ne": 123356887.36674161,
  "E_field": 187.34632600756066,
  "n_i_total": 651631183.1372125,
  "Ni_over_Ne": 5.282487237213635,
  "charge_imbalance_pct": 428.2487237213636,
  "rate_values": {
    "CH_CH_C2_H2_cm3_5_4": 1.9990526781596112e-10,
    "e_C2H2_C2_H2_cm3_1_16": 8.538362130246837e-11,
    "C2HPlus_e_C2_H_cm3_6_18": 1.2851512883509142e-07,
    "C_CH_C2_H_cm3_7_4": 6.514400699173176e-11,
    "CH_C_C2_H_cm3_7_9": 1.0831324188864846e-10,
    "C2H_H_C2_H2_cm3_7_47": 6.686788231518323e-11,
    "C2H2_H_C2_H2_H_cm3_7_50": 1.2615292787144737e-11,
    "C2_H_CH_C_cm3_7_6": 1.823933001097701e-11,
    "stick_C2_9_9": 3766.003638155295,
    "loss_C2_11_3": 1791.649478279655,
    "stick_C2H2_9_11": 1223.282505572615,
    "loss_C2H2_11_19": 1005.6102436559838
  },
  "target_densities": {
    "H": 201825831418269.7,
    "CH": 1218738748.2714074,
    "C2": 59681682.71136909
  },
  "all_densities": {
    "e": 123356887.36674161,
    "Ar": 1.0260006290377222e+16,
    "CH4": 1810589345360686.2,
    "ArPlus": 180099226.63916543,
    "CH4Plus": 110374521.28011252,
    "CH3Plus": 75493311.94855963,
    "CH5Plus": 131977601.47420025,
    "ArHPlus": 87340194.21734086,
    "CH3Minus": 27.184519002708853,
    "H": 201825831418269.7,
    "C2": 59681682.71136909,
    "CH": 1218738748.2714074,
    "H2": 416446855755.3159,
    "ArStar": 580651198.46622,
    "C2H4": 205383307357.1752,
    "C2H6": 1416368029.3640635,
    "CH2": 26353889872.956142,
    "C2H2": 211359917.92718634,
    "C2H5": 221889025.22335216,
    "CH3": 242382488897.00998,
    "C": 4099361619.9344716,
    "H3Plus": 0.7332945128746687,
    "C2H3": 83142455.42803259,
    "C3H2": 128717.82420468751,
    "CHPlus": 6.144303076380106,
    "C3H": 17763.508464362465,
    "C4H2": 1.4930397290183213,
    "C2H": 2032.5386041100944,
    "C3H3": 6988.20221079805,
    "C3H4": 18988927.890810896,
    "C3": 27797.60554304117,
    "C3H5": 135212.3764279355,
    "C4H": 10.818855169064822,
    "C3H6": 253171.53497001642,
    "CH2Plus": 965.4959035379865,
    "C2H5Plus": 66337076.53550559,
    "C2H4Plus": 2428.875787903845,
    "C2H3Plus": 1619.25052526923,
    "HMinus": 931538418.4498706,
    "C2HPlus": 2.0662275983933505,
    "H2Plus": 4228.476286468755,
    "C2H2Star": 24545.277930428532
  }
}