{
  "pressure_mTorr": 500.0,
  "n_total": 1.2070595635737908e+16,
  "Te": 1.024224869918645,
  "Ne": 356245319.5926652,
  "E_field": 274.8953581481103,
  "n_i_total": 53110837.215538464,
  "Ni_over_Ne": 0.14908501050979694,
  "charge_imbalance_pct": 85.09149894902032,
  "rate_values": {
    "CH_CH_C2_H2_cm3_5_4": 6.793210389190271e-11,
    "e_C2H2_C2_H2_cm3_1_16": 9.011350698592338e-11,
    "C2HPlus_e_C2_H_cm3_6_18": 1.5983276313430352e-07,
    "C_CH_C2_H_cm3_7_4": 1.222260574135695e-10,
    "CH_C_C2_H_cm3_7_9": 1.315009937443896e-10,
    "C2H_H_C2_H2_cm3_7_47": 7.181753641247557e-11,
    "C2H2_H_C2_H2_H_cm3_7_50": 1.1942352703677617e-11,
    "C2_H_CH_C_cm3_7_6": 5.924207634384331e-12,
    "stick_C2_9_9": 4891.454390594955,
    "loss_C2_11_3": 1040.0965470161052,
    "stick_C2H2_9_11": 1149.8462377074693,
    "loss_C2H2_11_19": 1428.4222295782795
  },
  "target_densities": {
    "H": 199475112096119.7,
    "CH": 219961696.04252627,
    "C2": 2144497.348253183
  },
  "all_densities": {
    "e": 356245319.5926652,
    "Ar": 1.0260006290377222e+16,
    "CH4": 1810589345360686.2,
    "ArPlus": 17423472.84722349,
    "CH4Plus": 9056958.6966824,
    "CH3Plus": 7183257.114139369,
    "CH5Plus": 7908200.134446415,
    "ArHPlus": 7237609.734322129,
    "CH3Minus": 6.898072320442551,
    "H": 199475112096119.7,
    "C2": 2144497.348253183,
    "CH": 219961696.04252627,
    "H2": 66956649812.0081,
    "ArStar": 105095064.38359642,
    "C2H4": 37069140561.8004,
    "C2H6": 44056636.83272017,
    "CH2": 3970672526.7501755,
    "C2H2": 6262163.148328411,
    "C2H5": 5924365.344681258,
    "CH3": 42905287732.216774,
    "C": 653419955.4740168,
    "H3Plus": 0.0007905730436137837,
    "C2H3": 2944278.012696736,
    "C3H2": 688.6422760391596,
    "CHPlus": 0.1666879349518546,
    "C3H": 94.99414702949164,
    "C4H2": 0.0014410395651531097,
    "C2H": 11.28304784626462,
    "C3H3": 44.66402657196502,
    "C3H4": 618563.4573581837,
    "C3": 160.058660328432,
    "C3H5": 651.5667245958277,
    "C4H": 0.010446546414079938,
    "C3H6": 1382.2064750849547,
    "CH2Plus": 9.433231377876078,
    "C2H5Plus": 4301181.665056444,
    "C2H4Plus": 67.99161901601006,
    "C2H3Plus": 45.32774601067337,
    "HMinus": 181450724.99364161,
    "C2HPlus": 0.007730675214517313,
    "H2Plus": 34.09586262384668,
    "C2H2Star": 131.62448785083185
  }
}