{
  "pressure_mTorr": 500.0,
  "n_total": 1.2070595635737908e+16,
  "Te": 1.1443397906322326,
  "Ne": 1673699338.523871,
  "E_field": 137.6438798382178,
  "n_i_total": 150644976707.21466,
  "Ni_over_Ne": 90.00719139918935,
  "charge_imbalance_pct": 8900.719139918936,
  "rate_values": {
    "e_Ar_ArStar_cm3_1_7": 3.333273487968829e-08,
    "stick_ArStar_9_5": 175.97754691292843,
    "ArStar_CH4_CH3_H_cm3_3_1": 1.2053948398878955e-10,
    "CH_CH_C2_H2_cm3_5_4": 1.579908223039667e-10,
    "e_C2H2_C2_H2_cm3_1_16": 7.857485094103772e-11,
    "C2HPlus_e_C2_H_cm3_6_18": 1.705209883945735e-07,
    "C_CH_C2_H_cm3_7_4": 1.2103952228440638e-10,
    "CH_C_C2_H_cm3_7_9": 6.701308635068818e-11,
    "C2H_H_C2_H2_cm3_7_47": 1.75677131423349e-10,
    "C2H2_H_C2_H2_H_cm3_7_50": 6.59877345451861e-12,
    "C2_H_CH_C_cm3_7_6": 4.746036542415853e-11,
    "stick_C2_9_9": 2382.169323926464,
    "loss_C2_11_3": 2857.4682241308215,
    "stick_C2H2_9_11": 1989.9887757964634,
    "loss_C2H2_11_19": 806.7608013027035,
    "CH3_CH3_C2H2_H2_H2_cm3_7_49": 4.762321021317386e-11,
    "C_CH3_C2_H2_H_cm3_7_8": 1.646403717561304e-10,
    "CH3_CH_C2H2_H2_cm3_7_16": 1.9954770449292563e-10,
    "loss_CH_11_9": 3855.8924818902733,
    "stick_CH_9_3": 2463.3830848423477,
    "stick_CH3_9_2": 618.7526495008232,
    "e_CH4Plus_CH3_H_cm3_6_4": 6.986526665457537e-07
  },
  "target_densities": {
    "H": 449498317487788.8,
    "CH": 226238185707.98734,
    "C2": 756438963245.6555
  },
  "all_densities": {
    "e": 1673699338.523871,
    "Ar": 1.0260006290377222e+16,
    "CH4": 1810589345360686.2,
    "ArPlus": 31781656454.76876,
    "CH4Plus": 27368689027.46643,
    "CH3Plus": 15122542483.235962,
    "CH5Plus": 37930904902.197876,
    "ArHPlus": 19905287909.085514,
    "CH3Minus": 26372.276824215653,
    "H": 449498317487788.8,
    "C2": 756438963245.6555,
    "CH": 226238185707.98734,
    "H2": 138495820449159.86,
    "ArStar": 262369662839.14136,
    "C2H4": 35378061195916.87,
    "C2H6": 14144881336469.729,
    "CH2": 2830056683660.9395,
    "C2H2": 6436534844504.685,
    "C2H5": 2090231049526.1838,
    "CH3": 24426019985404.684,
    "C": 914488180429.7206,
    "H3Plus": 184137.54855753385,
    "C2H3": 636079608642.3475,
    "C3H2": 654103399544.3239,
    "CHPlus": 5049.616213492883,
    "C3H": 98884042693.2816,
    "C4H2": 1542851476.8551166,
    "C2H": 1841067412.131432,
    "C3H3": 9924517008.626987,
    "C3H4": 607190014945.753,
    "C3": 124031773983.03712,
    "C3H5": 236445040177.65305,
    "C4H": 10205735612.298939,
    "C3H6": 464175103501.2363,
    "CH2Plus": 28268674.96732759,
    "C2H5Plus": 18501155102.241333,
    "C2H4Plus": 1887151.4731765937,
    "C2H3Plus": 1258100.9821177293,
    "HMinus": 184476909170.93912,
    "C2HPlus": 253026.9645374419,
    "H2Plus": 2884686.666885084,
    "C2H2Star": 337750295401.01587
  }
}