{
  "pressure_mTorr": 500.0,
  "n_total": 1.2070595635737908e+16,
  "Te": 0.5904061055167338,
  "Ne": 523155211.1040049,
  "E_field": 171.5803732911274,
  "n_i_total": 12716485488.464281,
  "Ni_over_Ne": 24.307290109237204,
  "charge_imbalance_pct": 2330.7290109237206,
  "rate_values": {
    "e_Ar_ArStar_cm3_1_7": 1.0910122966885425e-08,
    "stick_ArStar_9_5": 309.88132430091446,
    "ArStar_CH4_CH3_H_cm3_3_1": 8.898528694453702e-11,
    "CH_CH_C2_H2_cm3_5_4": 1.1249942421093093e-10,
    "e_C2H2_C2_H2_cm3_1_16": 6.906968784214733e-11,
    "C2HPlus_e_C2_H_cm3_6_18": 1.680989224921894e-07,
    "C_CH_C2_H_cm3_7_4": 1.4725203827682272e-10,
    "CH_C_C2_H_cm3_7_9": 1.6164237532500516e-10,
    "C2H_H_C2_H2_cm3_7_47": 5.833687142488954e-11,
    "C2H2_H_C2_H2_H_cm3_7_50": 6.884076226476017e-12,
    "C2_H_CH_C_cm3_7_6": 2.1880120538322594e-11,
    "stick_C2_9_9": 7461.6423992969485,
    "loss_C2_11_3": 2958.2628797250604,
    "stick_C2H2_9_11": 1784.7453244732324,
    "loss_C2H2_11_19": 1301.300202016755,
    "CH3_CH3_C2H2_H2_H2_cm3_7_49": 1.3810982117012401e-11,
    "C_CH3_C2_H2_H_cm3_7_8": 2.762458603352826e-10,
    "CH3_CH_C2H2_H2_cm3_7_16": 7.34356036978187e-11,
    "loss_CH_11_9": 3494.048655913127,
    "stick_CH_9_3": 1848.7705218173955,
    "stick_CH3_9_2": 1742.75449893629,
    "e_CH4Plus_CH3_H_cm3_6_4": 5.080235982970377e-07
  },
  "target_densities": {
    "H": 229207312184480.25,
    "CH": 8089337445.419894,
    "C2": 8057993488.195341
  },
  "all_densities": {
    "e": 523155211.1040049,
    "Ar": 1.0260006290377222e+16,
    "CH4": 1810589345360686.2,
    "ArPlus": 3182068872.854215,
    "CH4Plus": 2328025108.085719,
    "CH3Plus": 1426950645.26863,
    "CH5Plus": 2737520129.325458,
    "ArHPlus": 1674980494.2429588,
    "CH3Minus": 385.86681984320063,
    "H": 229207312184480.25,
    "C2": 8057993488.195341,
    "CH": 8089337445.419894,
    "H2": 4993663664673.695,
    "ArStar": 28763648420.15339,
    "C2H4": 1377265731070.2698,
    "C2H6": 477215106492.11145,
    "CH2": 319431536157.5316,
    "C2H2": 77588779774.0026,
    "C2H5": 47927549234.4276,
    "CH3": 4408067218603.683,
    "C": 43524246124.21838,
    "H3Plus": 0.0001517019087051545,
    "C2H3": 8462594610.4129,
    "C3H2": 312556722.3860309,
    "CHPlus": 0.005295708915930041,
    "C3H": 43261507.90582269,
    "C4H2": 24134.961092958634,
    "C2H": 4591054.367153616,
    "C3H3": 4721157.480511838,
    "C3H4": 845191998.3244395,
    "C3": 52276515.757813334,
    "C3H5": 193851059.34463036,
    "C4H": 174370.8136700021,
    "C3H6": 526714952.45320046,
    "CH2Plus": 241524.69626849116,
    "C2H5Plus": 1366698709.8418329,
    "C2H4Plus": 2.4152657076961948,
    "C2H3Plus": 1.6101771384641295,
    "HMinus": 38986014747.84803,
    "C2HPlus": 0.0479720921497901,
    "H2Plus": 0.07033801043543897,
    "C2H2Star": 446347276.5536238
  }
}