{
  "pressure_mTorr": 500.0,
  "n_total": 1.2070595635737908e+16,
  "Te": 1.3018627478546327,
  "Ne": 127282863.94770336,
  "E_field": 153.16321162521737,
  "n_i_total": 20363040449.852802,
  "Ni_over_Ne": 159.98257595947365,
  "charge_imbalance_pct": 15898.257595947365,
  "rate_values": {
    "e_Ar_ArStar_cm3_1_7": 7.634737275617669e-08,
    "stick_ArStar_9_5": 181.83961858757775,
    "ArStar_CH4_CH3_H_cm3_3_1": 3.2081825367251793e-10,
    "CH_CH_C2_H2_cm3_5_4": 8.216081828948672e-11,
    "e_C2H2_C2_H2_cm3_1_16": 4.6927458944099535e-11,
    "C2HPlus_e_C2_H_cm3_6_18": 2.393914580779385e-07,
    "C_CH_C2_H_cm3_7_4": 8.605110556482879e-11,
    "CH_C_C2_H_cm3_7_9": 1.7896496669097954e-10,
    "C2H_H_C2_H2_cm3_7_47": 7.594296190481899e-11,
    "C2H2_H_C2_H2_H_cm3_7_50": 1.7515017806163165e-11,
    "C2_H_CH_C_cm3_7_6": 1.6861952012805243e-11,
    "stick_C2_9_9": 2677.0452281881053,
    "loss_C2_11_3": 2865.9002287482863,
    "stick_C2H2_9_11": 1109.8991773880946,
    "loss_C2H2_11_19": 1000.6011445281654,
    "CH3_CH3_C2H2_H2_H2_cm3_7_49": 3.2688625597498794e-11,
    "C_CH3_C2_H2_H_cm3_7_8": 1.6576090732319254e-10,
    "CH3_CH_C2H2_H2_cm3_7_16": 1.181986956474885e-10,
    "loss_CH_11_9": 1584.271477190796,
    "stick_CH_9_3": 954.2839948531814,
    "stick_CH3_9_2": 1915.8761093780786,
    "e_CH4Plus_CH3_H_cm3_6_4": 6.811382592658393e-07
  },
  "target_densities": {
    "H": 280613869884508.5,
    "CH": 27374773211.837704,
    "C2": 237217338744.5557
  },
  "all_densities": {
    "e": 127282863.94770336,
    "Ar": 1.0260006290377222e+16,
    "CH4": 1810589345360686.2,
    "ArPlus": 4700787424.741414,
    "CH4Plus": 3784499937.2281113,
    "CH3Plus": 2178730882.337029,
    "CH5Plus": 4737198138.286871,
    "ArHPlus": 2618992426.4585657,
    "CH3Minus": 872.460796941714,
    "H": 280613869884508.5,
    "C2": 237217338744.5557,
    "CH": 27374773211.837704,
    "H2": 16693385172233.354,
    "ArStar": 40370898161.77267,
    "C2H4": 4634125265713.913,
    "C2H6": 2243489125803.2085,
    "CH2": 565471114225.0259,
    "C2H2": 493069459814.6065,
    "C2H5": 181293683066.48642,
    "CH3": 9664356224843.928,
    "C": 128105284080.67155,
    "H3Plus": 1126.6077058366243,
    "C2H3": 56963306404.673096,
    "C3H2": 6657705727.848585,
    "CHPlus": 137.28513695245238,
    "C3H": 929119324.7796963,
    "C4H2": 1754098.676039998,
    "C2H": 62670180.321249485,
    "C3H3": 107541903.04995504,
    "C3H4": 9623720069.14359,
    "C3": 1826565954.496825,
    "C3H5": 2481436729.341924,
    "C4H": 12569185.131793648,
    "C3H6": 8160477704.189146,
    "CH2Plus": 731310.755439351,
    "C2H5Plus": 2341853570.1596026,
    "C2H4Plus": 54705.29732683571,
    "C2H3Plus": 36470.19821789047,
    "HMinus": 58074017451.33199,
    "C2HPlus": 4718.83292421508,
    "H2Plus": 149601.66445743124,
    "C2H2Star": 3981131389.771148
  }
}