{
  "pressure_mTorr": 500.0,
  "n_total": 1.2070595635737908e+16,
  "Te": 2.053980616533134,
  "Ne": 5462649187.393056,
  "E_field": 59.633433171484384,
  "n_i_total": 7220728903730.89,
  "Ni_over_Ne": 1321.8364672575365,
  "charge_imbalance_pct": 132083.64672575367,
  "rate_values": {
    "e_Ar_ArStar_cm3_1_7": 9.715071572713303e-08,
    "stick_ArStar_9_5": 409.12220593941566,
    "ArStar_CH4_CH3_H_cm3_3_1": 1.986288471808273e-10,
    "CH_CH_C2_H2_cm3_5_4": 1.5184290176838087e-10,
    "e_C2H2_C2_H2_cm3_1_16": 9.139197876941664e-11,
    "C2HPlus_e_C2_H_cm3_6_18": 1.6888215657332423e-07,
    "C_CH_C2_H_cm3_7_4": 1.6643339988607718e-10,
    "CH_C_C2_H_cm3_7_9": 1.195916858571274e-10,
    "C2H_H_C2_H2_cm3_7_47": 6.502688992061227e-11,
    "C2H2_H_C2_H2_H_cm3_7_50": 6.428978609337203e-12,
    "C2_H_CH_C_cm3_7_6": 4.2124515961547063e-11,
    "stick_C2_9_9": 6781.3762157767305,
    "loss_C2_11_3": 1668.1434388728662,
    "stick_C2H2_9_11": 1516.946194695582,
    "loss_C2H2_11_19": 1213.3667253545163,
    "CH3_CH3_C2H2_H2_H2_cm3_7_49": 3.7717741151114816e-11,
    "C_CH3_C2_H2_H_cm3_7_8": 2.3937189621871036e-10,
    "CH3_CH_C2H2_H2_cm3_7_16": 2.7940820153412956e-10,
    "loss_CH_11_9": 2252.982066251794,
    "stick_CH_9_3": 526.3564941073582,
    "stick_CH3_9_2": 181.37172334340391,
    "e_CH4Plus_CH3_H_cm3_6_4": 8.382518607151661e-07
  },
  "target_densities": {
    "H": 1858778300747413.5,
    "CH": 4317490492096.6255,
    "C2": 10923583495833.887
  },
  "all_densities": {
    "e": 5462649187.393056,
    "Ar": 1.0260006290377222e+16,
    "CH4": 1810589345360686.2,
    "ArPlus": 706114287242.7809,
    "CH4Plus": 712414463072.3052,
    "CH3Plus": 367496542921.5258,
    "CH5Plus": 3037944066836.1543,
    "ArHPlus": 775344847075.446,
    "CH3Minus": 450340.2466728842,
    "H": 1858778300747413.5,
    "C2": 10923583495833.887,
    "CH": 4317490492096.6255,
    "H2": 2824559890451138.0,
    "ArStar": 1621573696046.7473,
    "C2H4": 143736504340834.06,
    "C2H6": 104572671074982.55,
    "CH2": 27926572100190.734,
    "C2H2": 65411066003712.29,
    "C2H5": 43058167760604.945,
    "CH3": 93578723176631.27,
    "C": 12865306102585.791,
    "H3Plus": 45555962171.22553,
    "C2H3": 6806269442384.826,
    "C3H2": 44703138992015.625,
    "CHPlus": 59402843.88805477,
    "C3H": 15007934010517.818,
    "C4H2": 4468731889408.57,
    "C2H": 235632741460.12674,
    "C3H3": 2026620938216.8474,
    "C3H4": 47078557927216.01,
    "C3": 25981833883772.793,
    "C3H5": 92951614956756.66,
    "C4H": 13310715694131.13,
    "C3H6": 87158675168747.92,
    "CH2Plus": 15646726326.609932,
    "C2H5Plus": 1508658158671.226,
    "C2H4Plus": 4497159570.453478,
    "C2H3Plus": 2998106380.302319,
    "HMinus": 129323493702.76231,
    "C2HPlus": 2127488739.716261,
    "H2Plus": 41871691879.25568,
    "C2H2Star": 21213772812399.496
  }
}