{
  "pressure_mTorr": 500.0,
  "n_total": 1.2070595635737908e+16,
  "Te": 2.204792529120239,
  "Ne": 17828264506.83964,
  "E_field": 16.04240844355371,
  "n_i_total": 87386835998353.44,
  "Ni_over_Ne": 4901.589605922008,
  "charge_imbalance_pct": 490058.96059220075,
  "rate_values": {
    "e_Ar_ArStar_cm3_1_7": 1.893177473418435e-08,
    "stick_ArStar_9_5": 384.4194799231294,
    "ArStar_CH4_CH3_H_cm3_3_1": 4.461531184777193e-10,
    "CH_CH_C2_H2_cm3_5_4": 9.302492113923488e-11,
    "e_C2H2_C2_H2_cm3_1_16": 3.837691795988077e-11,
    "C2HPlus_e_C2_H_cm3_6_18": 2.5408648976395944e-07,
    "C_CH_C2_H_cm3_7_4": 1.1617184466129889e-10,
    "CH_C_C2_H_cm3_7_9": 1.0971929675706681e-10,
    "C2H_H_C2_H2_cm3_7_47": 1.6679742344722812e-10,
    "C2H2_H_C2_H2_H_cm3_7_50": 1.8978759835876474e-11,
    "C2_H_CH_C_cm3_7_6": 3.941697010269317e-12,
    "stick_C2_9_9": 7745.150712639221,
    "loss_C2_11_3": 2143.3849154226064,
    "stick_C2H2_9_11": 742.8383608227682,
    "loss_C2H2_11_19": 142.3115727163272,
    "CH3_CH3_C2H2_H2_H2_cm3_7_49": 1.711763070397322e-11,
    "C_CH3_C2_H2_H_cm3_7_8": 2.994717208264854e-10,
    "CH3_CH_C2H2_H2_cm3_7_16": 1.7427045093337662e-10,
    "loss_CH_11_9": 2658.320788091911,
    "stick_CH_9_3": 680.7045778447737,
    "stick_CH3_9_2": 123.13563986312647,
    "e_CH4Plus_CH3_H_cm3_6_4": 8.925298232104211e-07
  },
  "target_densities": {
    "H": 4486724484531053.5,
    "CH": 8244628572232.532,
    "C2": 96354871344596.62
  },
  "all_densities": {
    "e": 17828264506.83964,
    "Ar": 1.0260006290377222e+16,
    "CH4": 1810589345360686.2,
    "ArPlus": 2447483402551.657,
    "CH4Plus": 2458776804524.342,
    "CH3Plus": 1443896421912.3787,
    "CH5Plus": 54136271893913.195,
    "ArHPlus": 3112578226951.9585,
    "CH3Minus": 331627.5452068626,
    "H": 4486724484531053.5,
    "C2": 96354871344596.62,
    "CH": 8244628572232.532,
    "H2": 5999099012207519.0,
    "ArStar": 680162573288.8293,
    "C2H4": 33658909402592.24,
    "C2H6": 160067369968009.94,
    "CH2": 50796857056344.88,
    "C2H2": 29819556215198.21,
    "C2H5": 93493232729644.38,
    "CH3": 159870822208078.72,
    "C": 20857232236730.69,
    "H3Plus": 727563690763.6525,
    "C2H3": 12771667243688.184,
    "C3H2": 23998055512669.594,
    "CHPlus": 1956702001.4699678,
    "C3H": 10809196747370.12,
    "C4H2": 6146056023879.354,
    "C2H": 33672922889.73677,
    "C3H3": 7261907080852.27,
    "C3H4": 21052119088819.176,
    "C3": 126529063165932.39,
    "C3H5": 385408488936605.9,
    "C4H": 13645176148812.287,
    "C3H6": 296112615567536.8,
    "CH2Plus": 415667169054.64417,
    "C2H5Plus": 22185924987534.51,
    "C2H4Plus": 18495255802.000668,
    "C2H3Plus": 12330170534.667112,
    "HMinus": 11239673332.227772,
    "C2HPlus": 17066760309.733881,
    "H2Plus": 408824512499.21765,
    "C2H2Star": 4056429217932.025
  }
}