{
  "pressure_mTorr": 500.0,
  "n_total": 1.2070595635737908e+16,
  "Te": 0.5178720948968865,
  "Ne": 3473574587.274292,
  "E_field": 40.17727370878052,
  "n_i_total": 2826251050687.9175,
  "Ni_over_Ne": 813.6434038417099,
  "charge_imbalance_pct": 81264.34038417098,
  "rate_values": {
    "e_Ar_ArStar_cm3_1_7": 9.588111877659448e-08,
    "stick_ArStar_9_5": 51.50658000335304,
    "ArStar_CH4_CH3_H_cm3_3_1": 1.943509003618732e-10,
    "CH_CH_C2_H2_cm3_5_4": 6.491851326592445e-11,
    "e_C2H2_C2_H2_cm3_1_16": 3.426566849193539e-11,
    "C2HPlus_e_C2_H_cm3_6_18": 2.444550369595598e-07,
    "C_CH_C2_H_cm3_7_4": 1.995669706290677e-10,
    "CH_C_C2_H_cm3_7_9": 1.7311707112806347e-10,
    "C2H_H_C2_H2_cm3_7_47": 1.1589537985138948e-10,
    "C2H2_H_C2_H2_H_cm3_7_50": 1.519457393318053e-11,
    "C2_H_CH_C_cm3_7_6": 8.631145546332893e-12,
    "stick_C2_9_9": 6098.337855988618,
    "loss_C2_11_3": 1340.5624920556897,
    "stick_C2H2_9_11": 805.4688014888909,
    "loss_C2H2_11_19": 700.0454746346165,
    "CH3_CH3_C2H2_H2_H2_cm3_7_49": 2.8901043629280652e-11,
    "C_CH3_C2_H2_H_cm3_7_8": 2.734220500142448e-10,
    "CH3_CH_C2H2_H2_cm3_7_16": 2.432831341336098e-10,
    "loss_CH_11_9": 4464.761645474405,
    "stick_CH_9_3": 1068.9813957165184,
    "stick_CH3_9_2": 789.4178557516723,
    "e_CH4Plus_CH3_H_cm3_6_4": 5.686390160849227e-07
  },
  "target_densities": {
    "H": 1360650316906854.2,
    "CH": 1498845154569.0977,
    "C2": 17115527082466.365
  },
  "all_densities": {
    "e": 3473574587.274292,
    "Ar": 1.0260006290377222e+16,
    "CH4": 1810589345360686.2,
    "ArPlus": 202581077298.7374,
    "CH4Plus": 396880614875.0848,
    "CH3Plus": 118309208706.47786,
    "CH5Plus": 1212309130820.058,
    "ArHPlus": 233692900922.1326,
    "CH3Minus": 51626.259303563726,
    "H": 1360650316906854.2,
    "C2": 17115527082466.365,
    "CH": 1498845154569.0977,
    "H2": 1121874589478050.6,
    "ArStar": 1234438877052.0415,
    "C2H4": 97617974848889.08,
    "C2H6": 103354546159621.45,
    "CH2": 11470248505494.32,
    "C2H2": 15219910848575.568,
    "C2H5": 18064947752724.508,
    "CH3": 70774698480794.67,
    "C": 4568953120173.383,
    "H3Plus": 1.2292213330832233,
    "C2H3": 4132069433923.5396,
    "C3H2": 6519948331686.2,
    "CHPlus": 2.061750546662838,
    "C3H": 1425871018061.9626,
    "C4H2": 147390335618.11578,
    "C2H": 14438791291.821793,
    "C3H3": 427126362026.1635,
    "C3H4": 11099700100773.516,
    "C3": 5111678572362.958,
    "C3H5": 13538279703357.518,
    "C4H": 673958135516.4644,
    "C3H6": 23230847067425.258,
    "CH2Plus": 3070812670.067212,
    "C2H5Plus": 659407304748.0935,
    "C2H4Plus": 375.1784040477462,
    "C2H3Plus": 250.11893603183077,
    "HMinus": 182055351136.56512,
    "C2HPlus": 16.54866254297835,
    "H2Plus": 2.129266752468017,
    "C2H2Star": 3757609931349.5615
  }
}