{
  "pressure_mTorr": 500.0,
  "n_total": 1.2070595635737908e+16,
  "Te": 0.7175195592423453,
  "Ne": 811358075.6387265,
  "E_field": 128.70834777201824,
  "n_i_total": 2382343128.8373003,
  "Ni_over_Ne": 2.9362413469069684,
  "charge_imbalance_pct": 193.62413469069685,
  "rate_values": {
    "e_Ar_ArStar_cm3_1_7": 1.228665217821444e-09,
    "stick_ArStar_9_5": 241.665784881925,
    "ArStar_CH4_CH3_H_cm3_3_1": 3.21984188428399e-10,
    "CH_CH_C2_H2_cm3_5_4": 1.974327786672047e-10,
    "e_C2H2_C2_H2_cm3_1_16": 6.597833741856668e-11,
    "C2HPlus_e_C2_H_cm3_6_18": 1.3505756391216268e-07,
    "C_CH_C2_H_cm3_7_4": 6.91484098626074e-11,
    "CH_C_C2_H_cm3_7_9": 1.4339984496569e-10,
    "C2H_H_C2_H2_cm3_7_47": 6.72423828847573e-11,
    "C2H2_H_C2_H2_H_cm3_7_50": 1.9068926329160697e-11,
    "C2_H_CH_C_cm3_7_6": 4.8150763550979155e-11,
    "stick_C2_9_9": 5084.967798426984,
    "loss_C2_11_3": 1949.705101525258,
    "stick_C2H2_9_11": 312.2485497985849,
    "loss_C2H2_11_19": 393.23270879339543,
    "CH3_CH3_C2H2_H2_H2_cm3_7_49": 1.737648168833965e-11,
    "C_CH3_C2_H2_H_cm3_7_8": 2.020537737589167e-10,
    "CH3_CH_C2H2_H2_cm3_7_16": 1.6017635353360792e-10,
    "loss_CH_11_9": 1378.5578230483834,
    "stick_CH_9_3": 3865.2898352099364,
    "stick_CH3_9_2": 792.8447909248232,
    "e_CH4Plus_CH3_H_cm3_6_4": 1.4071936243628937e-06
  },
  "target_densities": {
    "H": 207717101939606.53,
    "CH": 2135110765.8090544,
    "C2": 6262071820.083629
  },
  "all_densities": {
    "e": 811358075.6387265,
    "Ar": 1.0260006290377222e+16,
    "CH4": 1810589345360686.2,
    "ArPlus": 487203634.695843,
    "CH4Plus": 464617894.5277183,
    "CH3Plus": 237067038.6091481,
    "CH5Plus": 609580144.9183065,
    "ArHPlus": 280861531.4900282,
    "CH3Minus": 693.6518087210708,
    "H": 207717101939606.53,
    "C2": 6262071820.083629,
    "CH": 2135110765.8090544,
    "H2": 1107324780889.7383,
    "ArStar": 4170675368.71968,
    "C2H4": 361359689335.50244,
    "C2H6": 157965531898.33618,
    "CH2": 67567430669.41299,
    "C2H2": 26905240101.91662,
    "C2H5": 5973843416.376302,
    "CH3": 2571890502283.7114,
    "C": 11956306763.783373,
    "H3Plus": 0.0019491240419181812,
    "C2H3": 1425940088.1580403,
    "C3H2": 28692203.38297095,
    "CHPlus": 0.07750521586113643,
    "C3H": 3961186.9121005693,
    "C4H2": 583.2808842350241,
    "C2H": 403191.7046339776,
    "C3H3": 209968.2781810306,
    "C3H4": 58530845.47121457,
    "C3": 5805938.049444121,
    "C3H5": 6377408.6957812905,
    "C4H": 4224.898781914776,
    "C3H6": 42178701.35462579,
    "CH2Plus": 11314.732078612891,
    "C2H5Plus": 303001508.76674026,
    "C2H4Plus": 33.723032100185854,
    "C2H3Plus": 22.482021400123905,
    "HMinus": 6515250044.493258,
    "C2HPlus": 1.1587766159057467,
    "H2Plus": 3.6541532787849462,
    "C2H2Star": 22442604.43651052
  }
}