{
  "pressure_mTorr": 500.0,
  "n_total": 1.2070595635737908e+16,
  "Te": 0.859817520723694,
  "Ne": 406029277.28618884,
  "E_field": 283.3668500169757,
  "n_i_total": 20660041103.63743,
  "Ni_over_Ne": 50.88313148678499,
  "charge_imbalance_pct": 4988.313148678499,
  "rate_values": {
    "e_Ar_ArStar_cm3_1_7": 4.1560478863522465e-08,
    "stick_ArStar_9_5": 403.5806860838591,
    "ArStar_CH4_CH3_H_cm3_3_1": 2.8542926336398187e-10,
    "CH_CH_C2_H2_cm3_5_4": 9.829818878206994e-11,
    "e_C2H2_C2_H2_cm3_1_16": 9.120222882778178e-11,
    "C2HPlus_e_C2_H_cm3_6_18": 2.4046150183291795e-07,
    "C_CH_C2_H_cm3_7_4": 1.120528534199154e-10,
    "CH_C_C2_H_cm3_7_9": 6.106209088492251e-11,
    "C2H_H_C2_H2_cm3_7_47": 1.4243129147671563e-10,
    "C2H2_H_C2_H2_H_cm3_7_50": 9.978000541521176e-12,
    "C2_H_CH_C_cm3_7_6": 1.9557986812083664e-12,
    "stick_C2_9_9": 3653.6459811836203,
    "loss_C2_11_3": 2498.171411340732,
    "stick_C2H2_9_11": 1025.2059339833404,
    "loss_C2H2_11_19": 417.75763931215556,
    "CH3_CH3_C2H2_H2_H2_cm3_7_49": 1.7009032252992016e-11,
    "C_CH3_C2_H2_H_cm3_7_8": 2.9110060833729344e-10,
    "CH3_CH_C2H2_H2_cm3_7_16": 7.746331610615528e-11,
    "loss_CH_11_9": 2334.4196739622976,
    "stick_CH_9_3": 4889.7672876042,
    "stick_CH3_9_2": 1106.0413851552003,
    "e_CH4Plus_CH3_H_cm3_6_4": 7.245312585251339e-07
  },
  "target_densities": {
    "H": 332164592712301.1,
    "CH": 26956042145.49564,
    "C2": 637480609886.551
  },
  "all_densities": {
    "e": 406029277.28618884,
    "Ar": 1.0260006290377222e+16,
    "CH4": 1810589345360686.2,
    "ArPlus": 7024941434.425115,
    "CH4Plus": 3277703628.062671,
    "CH3Plus": 2643917063.5871377,
    "CH5Plus": 3075114242.4193983,
    "ArHPlus": 3105613977.6443567,
    "CH3Minus": 1473.6034075704072,
    "H": 332164592712301.1,
    "C2": 637480609886.551,
    "CH": 26956042145.49564,
    "H2": 25686739906577.844,
    "ArStar": 71543160676.10579,
    "C2H4": 4657294614405.682,
    "C2H6": 7233973523919.944,
    "CH2": 771448990986.4109,
    "C2H2": 1300223670188.519,
    "C2H5": 432041447478.1903,
    "CH3": 17443511020299.805,
    "C": 118475724449.23123,
    "H3Plus": 6.385215262167119,
    "C2H3": 96048871706.89713,
    "C3H2": 17291388329.80026,
    "CHPlus": 2.839163636962896,
    "C3H": 2412679156.6305556,
    "C4H2": 4485260.760668423,
    "C2H": 73643567.87616539,
    "C3H3": 178558443.70747745,
    "C3H4": 9523893303.51037,
    "C3": 4787364994.913725,
    "C3H5": 5823063733.411521,
    "C4H": 32145337.418774296,
    "C3H6": 25162848970.98976,
    "CH2Plus": 654407.7160130728,
    "C2H5Plus": 1532093384.3014193,
    "C2H4Plus": 1218.6637944168601,
    "C2H3Plus": 812.4425296112399,
    "HMinus": 119291062855.37662,
    "C2HPlus": 193.58329823415593,
    "H2Plus": 731.5673166103772,
    "C2H2Star": 18604422190.23464
  }
}