{
  "pressure_mTorr": 500.0,
  "n_total": 1.2070595635737908e+16,
  "Te": 0.8826180935662926,
  "Ne": 158482497.27926522,
  "E_field": 230.98737563148563,
  "n_i_total": 14064982361.60151,
  "Ni_over_Ne": 88.74785924667327,
  "charge_imbalance_pct": 8774.785924667327,
  "rate_values": {
    "e_Ar_ArStar_cm3_1_7": 6.249640655444537e-08,
    "stick_ArStar_9_5": 348.4308010340363,
    "ArStar_CH4_CH3_H_cm3_3_1": 3.254209552135595e-10,
    "CH_CH_C2_H2_cm3_5_4": 1.1073355164663702e-10,
    "e_C2H2_C2_H2_cm3_1_16": 6.080231940955873e-11,
    "C2HPlus_e_C2_H_cm3_6_18": 2.969246369021467e-07,
    "C_CH_C2_H_cm3_7_4": 1.392175932826256e-10,
    "CH_C_C2_H_cm3_7_9": 7.484268844363211e-11,
    "C2H_H_C2_H2_cm3_7_47": 1.5917814399846566e-10,
    "C2H2_H_C2_H2_H_cm3_7_50": 7.44280795941884e-12,
    "C2_H_CH_C_cm3_7_6": 9.9227259340686e-12,
    "stick_C2_9_9": 7861.8399583329465,
    "loss_C2_11_3": 2175.593989311664,
    "stick_C2H2_9_11": 1882.2892321828258,
    "loss_C2H2_11_19": 1892.896026756197,
    "CH3_CH3_C2H2_H2_H2_cm3_7_49": 2.3273939655346975e-11,
    "C_CH3_C2_H2_H_cm3_7_8": 1.1491319804275638e-10,
    "CH3_CH_C2H2_H2_cm3_7_16": 1.811203043560552e-10,
    "loss_CH_11_9": 583.7414112039492,
    "stick_CH_9_3": 3728.426892769926,
    "stick_CH3_9_2": 1604.7007651479655,
    "e_CH4Plus_CH3_H_cm3_6_4": 9.852408698110214e-07
  },
  "target_densities": {
    "H": 283688416137240.56,
    "CH": 15910784211.942429,
    "C2": 85293857450.35442
  },
  "all_densities": {
    "e": 158482497.27926522,
    "Ar": 1.0260006290377222e+16,
    "CH4": 1810589345360686.2,
    "ArPlus": 4249001535.0796566,
    "CH4Plus": 2376821242.038406,
    "CH3Plus": 1726813492.8171673,
    "CH5Plus": 2460909401.851275,
    "ArHPlus": 2022475914.9969184,
    "CH3Minus": 461.0854131138786,
    "H": 283688416137240.56,
    "C2": 85293857450.35442,
    "CH": 15910784211.942429,
    "H2": 13022560528936.588,
    "ArStar": 41012990791.79438,
    "C2H4": 2723758013928.6807,
    "C2H6": 2844324910523.5806,
    "CH2": 471734045473.47784,
    "C2H2": 515137837937.9037,
    "C2H5": 170200776889.2848,
    "CH3": 10912087447758.299,
    "C": 77765084768.0112,
    "H3Plus": 1.4148570735958057,
    "C2H3": 38960454441.49311,
    "C3H2": 4065778626.2305365,
    "CHPlus": 1.118876816423911,
    "C3H": 564638836.6998718,
    "C4H2": 619575.6336837144,
    "C2H": 18036594.175256886,
    "C3H3": 42751129.890883505,
    "C3H4": 3287644041.771374,
    "C3": 752443537.9193165,
    "C3H5": 1354013916.895184,
    "C4H": 4461360.439688399,
    "C3H6": 5840738864.688348,
    "CH2Plus": 320624.5850349314,
    "C2H5Plus": 1228639017.5804694,
    "C2H4Plus": 474.026949124899,
    "C2H3Plus": 316.01796608326595,
    "HMinus": 66565976243.34541,
    "C2HPlus": 52.38901932280269,
    "H2Plus": 287.6849141864964,
    "C2H2Star": 4225468680.7704225
  }
}