{
  "pressure_mTorr": 500.0,
  "n_total": 1.2070595635737908e+16,
  "Te": 0.7788178785178217,
  "Ne": 559256495.7436693,
  "E_field": 230.158477849978,
  "n_i_total": 20288198345.706497,
  "Ni_over_Ne": 36.27709020836377,
  "charge_imbalance_pct": 3527.7090208363766,
  "rate_values": {
    "e_Ar_ArStar_cm3_1_7": 2.727787395246827e-08,
    "stick_ArStar_9_5": 319.60033776140676,
    "ArStar_CH4_CH3_H_cm3_3_1": 4.315447974141505e-10,
    "CH_CH_C2_H2_cm3_5_4": 1.4101219929808156e-10,
    "e_C2H2_C2_H2_cm3_1_16": 6.619511594654542e-11,
    "C2HPlus_e_C2_H_cm3_6_18": 2.5081149206833885e-07,
    "C_CH_C2_H_cm3_7_4": 1.8336347868550495e-10,
    "CH_C_C2_H_cm3_7_9": 9.41501225002466e-11,
    "C2H_H_C2_H2_cm3_7_47": 1.6770581015372586e-10,
    "C2H2_H_C2_H2_H_cm3_7_50": 7.898885205544423e-12,
    "C2_H_CH_C_cm3_7_6": 4.457558067789626e-11,
    "stick_C2_9_9": 4815.5256408942905,
    "loss_C2_11_3": 1510.9218673896582,
    "stick_C2H2_9_11": 1276.2190402528583,
    "loss_C2H2_11_19": 1938.2289217237628,
    "CH3_CH3_C2H2_H2_H2_cm3_7_49": 3.904819390447082e-11,
    "C_CH3_C2_H2_H_cm3_7_8": 8.504958189056333e-11,
    "CH3_CH_C2H2_H2_cm3_7_16": 8.935424780764121e-11,
    "loss_CH_11_9": 3924.7595901453833,
    "stick_CH_9_3": 2392.4354193310583,
    "stick_CH3_9_2": 433.22229583317016,
    "e_CH4Plus_CH3_H_cm3_6_4": 1.0292155052070376e-06
  },
  "target_densities": {
    "H": 327340566276488.94,
    "CH": 70831273965.51195,
    "C2": 317031540923.4974
  },
  "all_densities": {
    "e": 559256495.7436693,
    "Ar": 1.0260006290377222e+16,
    "CH4": 1810589345360686.2,
    "ArPlus": 6083023601.105958,
    "CH4Plus": 3389036389.4714904,
    "CH3Plus": 2476414330.6561565,
    "CH5Plus": 3587357116.450704,
    "ArHPlus": 2975517345.8334093,
    "CH3Minus": 2228.044480259754,
    "H": 327340566276488.94,
    "C2": 317031540923.4974,
    "CH": 70831273965.51195,
    "H2": 46475446818473.48,
    "ArStar": 58141513212.37799,
    "C2H4": 11930488229630.232,
    "C2H6": 7973602412796.087,
    "CH2": 973258828909.2477,
    "C2H2": 2513742971451.728,
    "C2H5": 570830620273.2351,
    "CH3": 18456785939073.26,
    "C": 322667959104.1611,
    "H3Plus": 5.673475279150389,
    "C2H3": 239518851160.05887,
    "C3H2": 85980745668.77664,
    "CHPlus": 3.3230040496298434,
    "C3H": 12219729522.770042,
    "C4H2": 59692345.49046753,
    "C2H": 322598481.5396414,
    "C3H3": 1170029335.615366,
    "C3H4": 64107368853.0193,
    "C3": 15376766410.448189,
    "C3H5": 20216330026.23831,
    "C4H": 420008672.5671809,
    "C3H6": 74098169290.51164,
    "CH2Plus": 952066.0849166649,
    "C2H5Plus": 1775894653.0469565,
    "C2H4Plus": 1414.801958243179,
    "C2H3Plus": 943.2013054954525,
    "HMinus": 96731324851.62514,
    "C2HPlus": 152.06357881693808,
    "H2Plus": 323.9935788598828,
    "C2H2Star": 29230564037.436592
  }
}