{
  "pressure_mTorr": 500.0,
  "n_total": 1.2070595635737908e+16,
  "Te": 1.1545370330913676,
  "Ne": 223472050.6871153,
  "E_field": 236.859027395233,
  "n_i_total": 177651457.9358404,
  "Ni_over_Ne": 0.7949605214146953,
  "charge_imbalance_pct": 20.503947858530474,
  "rate_values": {
    "e_CH4_CH3_H_cm3_1_1": 3.532649455904214e-09,
    "ArPlus_CH4_ArHPlus_CH3_cm3_5_9": 2.1278500553554397e-09,
    "CH_CH4_CH2_CH3_cm3_7_39": 3.254751208024181e-11,
    "H_CH4_CH3_H2_cm3_7_25": 2.4655197824371193e-17,
    "CH_CH_C2_H2_cm3_5_4": 9.618231015031907e-11,
    "e_C2H2_C2_H2_cm3_1_16": 3.0686362205335883e-11,
    "C2HPlus_e_C2_H_cm3_6_18": 2.1115122287482592e-07,
    "C_CH_C2_H_cm3_7_4": 1.5045167940262711e-10,
    "CH_C_C2_H_cm3_7_9": 5.19248671872572e-11,
    "C2H_H_C2_H2_cm3_7_47": 1.1287743118338734e-10,
    "C2H2_H_C2_H2_H_cm3_7_50": 1.147184178813487e-11,
    "C2_H_CH_C_cm3_7_6": 4.37355391780134e-12,
    "stick_C2_9_9": 2323.664682231984,
    "loss_C2_11_3": 1521.769185273911,
    "stick_C2H2_9_11": 1412.4639145632746,
    "loss_C2H2_11_19": 1713.219360550936,
    "CH3_CH3_C2H2_H2_H2_cm3_7_49": 2.826156664637628e-11,
    "C_CH3_C2_H2_H_cm3_7_8": 2.972788423481868e-10,
    "CH3_CH_C2H2_H2_cm3_7_16": 7.19528495595602e-11,
    "loss_CH_11_9": 3831.391695025409,
    "stick_CH_9_3": 839.074998902551,
    "stick_CH3_9_2": 214.22282913695813,
    "e_CH4Plus_CH3_H_cm3_6_4": 7.008840931919158e-07
  },
  "target_densities": {
    "H": 203442360424141.72,
    "CH": 778838522.2189234,
    "C2": 15596186876.144735
  },
  "all_densities": {
    "e": 223472050.6871153,
    "Ar": 1.0260006290377222e+16,
    "CH4": 1810589345360686.2,
    "ArPlus": 37805464.509039655,
    "CH4Plus": 24629520.668352503,
    "CH3Plus": 17735168.042642202,
    "CH5Plus": 41319686.24318436,
    "ArHPlus": 43832114.53446083,
    "CH3Minus": 216.97560186938907,
    "H": 203442360424141.72,
    "C2": 15596186876.144735,
    "CH": 778838522.2189234,
    "H2": 632943835584.6183,
    "ArStar": 248391400.98401096,
    "C2H4": 131687644476.82932,
    "C2H6": 142071364031.6948,
    "CH2": 24312037313.857597,
    "C2H2": 31633694519.437523,
    "C2H5": 2044333682.7250378,
    "CH3": 2443167801479.692,
    "C": 3899563325.141174,
    "H3Plus": 0.3223926561928378,
    "C2H3": 504869052.1740786,
    "C3H2": 12313974.647013428,
    "CHPlus": 1.4732510314810865,
    "C3H": 1699049.4211519468,
    "C4H2": 91.26104416185514,
    "C2H": 115430.57889196264,
    "C3H3": 27118.032173057098,
    "C3H4": 7780672.51453153,
    "C3": 3374576.7013501413,
    "C3H5": 796102.912187969,
    "C4H": 661.4205390842226,
    "C3H6": 13366387.111313209,
    "CH2Plus": 165.50424239117615,
    "C2H5Plus": 12326877.586556148,
    "C2H4Plus": 593.844957167136,
    "C2H3Plus": 395.896638111424,
    "HMinus": 415241669.0742918,
    "C2HPlus": 105.99436823646887,
    "H2Plus": 1363.3157551185188,
    "C2H2Star": 1571507.539996663
  }
}