{
  "pressure_mTorr": 500.0,
  "n_total": 1.2070595635737908e+16,
  "Te": 1.0970240927298,
  "Ne": 232007068.81765085,
  "E_field": 154.87894971461924,
  "n_i_total": 145849831.35884863,
  "Ni_over_Ne": 0.6286439120244276,
  "charge_imbalance_pct": 37.13560879755723,
  "rate_values": {
    "e_CH4_CH3_H_cm3_1_1": 2.487639193508199e-09,
    "ArPlus_CH4_ArHPlus_CH3_cm3_5_9": 3.9481590574977754e-09,
    "CH_CH4_CH2_CH3_cm3_7_39": 8.675463559429159e-11,
    "H_CH4_CH3_H2_cm3_7_25": 3.548216383392969e-18,
    "CH_CH_C2_H2_cm3_5_4": 8.418779518784098e-11,
    "e_C2H2_C2_H2_cm3_1_16": 8.929182632990856e-11,
    "C2HPlus_e_C2_H_cm3_6_18": 1.3205025399711415e-07,
    "C_CH_C2_H_cm3_7_4": 1.3751389027011809e-10,
    "CH_C_C2_H_cm3_7_9": 7.649619755030142e-11,
    "C2H_H_C2_H2_cm3_7_47": 8.897659169946779e-11,
    "C2H2_H_C2_H2_H_cm3_7_50": 1.856221876748707e-11,
    "C2_H_CH_C_cm3_7_6": 3.104013250979395e-11,
    "stick_C2_9_9": 4783.768261845466,
    "loss_C2_11_3": 521.1775444035684,
    "stick_C2H2_9_11": 695.7405473459418,
    "loss_C2H2_11_19": 122.82698033202712,
    "CH3_CH3_C2H2_H2_H2_cm3_7_49": 2.1818876858207737e-11,
    "C_CH3_C2_H2_H_cm3_7_8": 1.89707843219522e-10,
    "CH3_CH_C2H2_H2_cm3_7_16": 2.5910662597850747e-10,
    "loss_CH_11_9": 557.2901900612242,
    "stick_CH_9_3": 1578.9449967061978,
    "stick_CH3_9_2": 223.25380307582213,
    "e_CH4Plus_CH3_H_cm3_6_4": 6.697782434418413e-07
  },
  "target_densities": {
    "H": 201895820322879.38,
    "CH": 638992817.126955,
    "C2": 6369567136.374073
  },
  "all_densities": {
    "e": 232007068.81765085,
    "Ar": 1.0260006290377222e+16,
    "CH4": 1810589345360686.2,
    "ArPlus": 15388200.925018784,
    "CH4Plus": 18955158.568113342,
    "CH3Plus": 10032331.152647372,
    "CH5Plus": 51540883.311211854,
    "ArHPlus": 39266914.599334106,
    "CH3Minus": 260.96522891838043,
    "H": 201895820322879.38,
    "C2": 6369567136.374073,
    "CH": 638992817.126955,
    "H2": 430516263513.1103,
    "ArStar": 149145005.14535007,
    "C2H4": 108017002129.11354,
    "C2H6": 94511176171.44284,
    "CH2": 26090397061.105423,
    "C2H2": 19662025794.319553,
    "C2H5": 1792598514.6704237,
    "CH3": 1992623081666.8733,
    "C": 5116233895.414902,
    "H3Plus": 0.13790966613559075,
    "C2H3": 337337064.8247623,
    "C3H2": 6279940.208025096,
    "CHPlus": 1.1527413193719724,
    "C3H": 866437.2141778452,
    "C4H2": 38.18256250697463,
    "C2H": 74098.38850947088,
    "C3H3": 14865.928370600901,
    "C3H4": 5236158.43702756,
    "C3": 1427869.5551335854,
    "C3H5": 572728.7874334246,
    "C4H": 276.74735758033046,
    "C3H6": 7345496.970457959,
    "CH2Plus": 153.64999963821037,
    "C2H5Plus": 10664635.719719615,
    "C2H4Plus": 467.9767884019414,
    "C2H3Plus": 311.9845256012942,
    "HMinus": 251408149.67589626,
    "C2HPlus": 60.69981957889273,
    "H2Plus": 711.4810193371055,
    "C2H2Star": 586498.587652359
  }
}