{
  "pressure_mTorr": 500.0,
  "n_total": 1.2070595635737908e+16,
  "Te": 1.3059477774022228,
  "Ne": 154055672.09881595,
  "E_field": 107.0381746386883,
  "n_i_total": 1058842262.0140316,
  "Ni_over_Ne": 6.873114424082083,
  "charge_imbalance_pct": 587.3114424082083,
  "rate_values": {
    "e_CH4_CH3_H_cm3_1_1": 3.1438491681167495e-09,
    "ArPlus_CH4_ArHPlus_CH3_cm3_5_9": 2.6530262836231457e-09,
    "CH_CH4_CH2_CH3_cm3_7_39": 7.445675791330901e-11,
    "H_CH4_CH3_H2_cm3_7_25": 5.325766350180627e-17,
    "CH_CH_C2_H2_cm3_5_4": 1.6179464730772346e-10,
    "e_C2H2_C2_H2_cm3_1_16": 6.080118142724514e-11,
    "C2HPlus_e_C2_H_cm3_6_18": 1.8315415437482698e-07,
    "C_CH_C2_H_cm3_7_4": 1.1429866194276147e-10,
    "CH_C_C2_H_cm3_7_9": 1.7559122651207948e-10,
    "C2H_H_C2_H2_cm3_7_47": 1.6761025112247368e-10,
    "C2H2_H_C2_H2_H_cm3_7_50": 1.1543594394643723e-11,
    "C2_H_CH_C_cm3_7_6": 4.3753567530253794e-11,
    "stick_C2_9_9": 5108.890105248683,
    "loss_C2_11_3": 2678.914360078964,
    "stick_C2H2_9_11": 983.6238392601371,
    "loss_C2H2_11_19": 1536.7121636790755,
    "CH3_CH3_C2H2_H2_H2_cm3_7_49": 4.822869329102878e-12,
    "C_CH3_C2_H2_H_cm3_7_8": 8.434684228178817e-11,
    "CH3_CH_C2H2_H2_cm3_7_16": 2.1565564137630304e-10,
    "loss_CH_11_9": 2714.186602680571,
    "stick_CH_9_3": 1590.694672758693,
    "stick_CH3_9_2": 1308.6739783064809,
    "e_CH4Plus_CH3_H_cm3_6_4": 1.234284651845864e-06
  },
  "target_densities": {
    "H": 203313480223285.9,
    "CH": 930547291.4877427,
    "C2": 273212962.102302
  },
  "all_densities": {
    "e": 154055672.09881595,
    "Ar": 1.0260006290377222e+16,
    "CH4": 1810589345360686.2,
    "ArPlus": 111904667.69499683,
    "CH4Plus": 146822914.32923362,
    "CH3Plus": 65007772.82066957,
    "CH5Plus": 419798427.3333042,
    "ArHPlus": 215289636.13886034,
    "CH3Minus": 212.5190984068614,
    "H": 203313480223285.9,
    "C2": 273212962.102302,
    "CH": 930547291.4877427,
    "H2": 491393541127.6604,
    "ArStar": 578086143.8197787,
    "C2H4": 157149544596.18637,
    "C2H6": 37457531677.94442,
    "CH2": 40294611844.4529,
    "C2H2": 1931585564.369906,
    "C2H5": 1747806904.4320564,
    "CH3": 1254122382145.2275,
    "C": 5361943741.919991,
    "H3Plus": 2.0269150825344324,
    "C2H3": 310685690.81546277,
    "C3H2": 898297.9032602055,
    "CHPlus": 8.29398565148613,
    "C3H": 123952.8531868575,
    "C4H2": 7.95475805553159,
    "C2H": 5873.030580192513,
    "C3H3": 19938.46400636739,
    "C3H4": 11093695.957983779,
    "C3": 159028.0606185186,
    "C3H5": 813208.4904814131,
    "C4H": 57.64887453985536,
    "C3H6": 4415058.182297401,
    "CH2Plus": 2224.9280964104446,
    "C2H5Plus": 100003010.16218935,
    "C2H4Plus": 3300.1170360104134,
    "C2H3Plus": 2200.078024006943,
    "HMinus": 927444177.9883413,
    "C2HPlus": 32.914682788650076,
    "H2Plus": 8065.176037841504,
    "C2H2Star": 223324.57007290993
  }
}