{
  "pressure_mTorr": 500.0,
  "n_total": 1.2070595635737908e+16,
  "Te": 1.615819377877285,
  "Ne": 569985647.4830451,
  "E_field": 15.750058537492606,
  "n_i_total": 205202470092.27448,
  "Ni_over_Ne": 360.01339858014313,
  "charge_imbalance_pct": 35901.33985801431,
  "rate_values": {
    "e_CH4_CH3_H_cm3_1_1": 4.833426255121274e-09,
    "ArPlus_CH4_ArHPlus_CH3_cm3_5_9": 2.219553801738225e-09,
    "CH_CH4_CH2_CH3_cm3_7_39": 6.227661941714825e-11,
    "H_CH4_CH3_H2_cm3_7_25": 1.5153908761798033e-17,
    "CH_CH_C2_H2_cm3_5_4": 1.4246979256122642e-10,
    "e_C2H2_C2_H2_cm3_1_16": 8.150368769017918e-11,
    "C2HPlus_e_C2_H_cm3_6_18": 1.9734655739744446e-07,
    "C_CH_C2_H_cm3_7_4": 1.362647328852545e-10,
    "CH_C_C2_H_cm3_7_9": 1.459181959184412e-10,
    "C2H_H_C2_H2_cm3_7_47": 1.7534514330977753e-10,
    "C2H2_H_C2_H2_H_cm3_7_50": 1.6973827552807595e-11,
    "C2_H_CH_C_cm3_7_6": 4.683423381823713e-12,
    "stick_C2_9_9": 7753.643359605724,
    "loss_C2_11_3": 2196.8192349100736,
    "stick_C2H2_9_11": 303.2422939640544,
    "loss_C2H2_11_19": 399.9408770068288,
    "CH3_CH3_C2H2_H2_H2_cm3_7_49": 1.5830749298850556e-11,
    "C_CH3_C2_H2_H_cm3_7_8": 5.470878104798617e-11,
    "CH3_CH_C2H2_H2_cm3_7_16": 1.531481772504961e-10,
    "loss_CH_11_9": 2329.885434192843,
    "stick_CH_9_3": 4574.396866306684,
    "stick_CH3_9_2": 1736.2478704068046,
    "e_CH4Plus_CH3_H_cm3_6_4": 5.944727727062835e-07
  },
  "target_densities": {
    "H": 263758720132087.6,
    "CH": 28795183112.55162,
    "C2": 241877797271.12738
  },
  "all_densities": {
    "e": 569985647.4830451,
    "Ar": 1.0260006290377222e+16,
    "CH4": 1810589345360686.2,
    "ArPlus": 4660874265.612384,
    "CH4Plus": 32269664006.62217,
    "CH3Plus": 3007269153.599789,
    "CH5Plus": 121529026699.7123,
    "ArHPlus": 9848420430.693247,
    "CH3Minus": 50089.3303235894,
    "H": 263758720132087.6,
    "C2": 241877797271.12738,
    "CH": 28795183112.55162,
    "H2": 22847021082523.04,
    "ArStar": 12775570039.12315,
    "C2H4": 4425882358215.642,
    "C2H6": 3754250051578.6855,
    "CH2": 1073957123230.9991,
    "C2H2": 597881402414.1954,
    "C2H5": 441254519092.8167,
    "CH3": 12561524574872.975,
    "C": 161262199555.6398,
    "H3Plus": 1238011.7423836675,
    "C2H3": 68912680779.27734,
    "C3H2": 8485876053.635533,
    "CHPlus": 33407.36393225449,
    "C3H": 1184964358.3741164,
    "C4H2": 2353190.736636546,
    "C2H": 38948009.46526736,
    "C3H3": 136851949.090766,
    "C3H4": 9668172567.818916,
    "C3": 2147995544.0463047,
    "C3H5": 6353002338.259281,
    "C4H": 16851886.540334627,
    "C3H6": 15086147485.83692,
    "CH2Plus": 18643158.035226136,
    "C2H5Plus": 33766724480.248123,
    "C2H4Plus": 12140599.856420806,
    "C2H3Plus": 8093733.237613869,
    "HMinus": 4376540615.482008,
    "C2HPlus": 1482939.7961712074,
    "H2Plus": 78859205.75479794,
    "C2H2Star": 1527655146.3263452
  }
}