{
  "pressure_mTorr": 500.0,
  "n_total": 1.2070595635737908e+16,
  "Te": 1.31132346745428,
  "Ne": 122099595.93669036,
  "E_field": 249.97593869728217,
  "n_i_total": 381148115.11354494,
  "Ni_over_Ne": 3.1216165146948835,
  "charge_imbalance_pct": 212.16165146948836,
  "rate_values": {
    "CH_CH_C2_H2_cm3_5_4": 1.9290372558318996e-10,
    "e_C2H2_C2_H2_cm3_1_16": 9.697667912180723e-11,
    "C2HPlus_e_C2_H_cm3_6_18": 2.544251387530996e-07,
    "C_CH_C2_H_cm3_7_4": 1.1256064822179612e-10,
    "CH_C_C2_H_cm3_7_9": 1.9121764794055795e-10,
    "C2H_H_C2_H2_cm3_7_47": 1.0004345852173607e-10,
    "C2H2_H_C2_H2_H_cm3_7_50": 9.478163331194661e-12,
    "C2_H_CH_C_cm3_7_6": 3.531609588485295e-11,
    "stick_C2_9_9": 1922.4349019999513,
    "loss_C2_11_3": 736.751208414952,
    "stick_C2H2_9_11": 221.1336332332346,
    "loss_C2H2_11_19": 1397.743056531973,
    "CH3_CH3_C2H2_H2_H2_cm3_7_49": 3.3907277503446e-11,
    "C_CH3_C2_H2_H_cm3_7_8": 2.730109756525553e-10,
    "CH3_CH_C2H2_H2_cm3_7_16": 1.4297350757806743e-10,
    "e_CH4Plus_CH3_H_cm3_6_4": 6.438875769111204e-07,
    "e_CH4Plus_CH2_H2_cm3_6_9": 9.767348206538878e-07,
    "ArStar_CH4_CH3_H_cm3_3_1": 6.915266642620584e-10,
    "stick_ArStar_9_5": 650.7727302129463,
    "e_CH4_CH3_HMinus_cm3_8_1": 7.421749340978522e-13,
    "loss_CH_11_9": 4992.673826253837,
    "stick_CH_9_3": 4596.596075173049,
    "stick_CH3_9_2": 831.5775986172029
  },
  "target_densities": {
    "H": 201464770409098.25,
    "CH": 1007482916.1054776,
    "C2": 941097609.5227923
  },
  "all_densities": {
    "e": 122099595.93669036,
    "Ar": 1.0260006290377222e+16,
    "CH4": 1810589345360686.2,
    "ArPlus": 125832074.38621156,
    "CH4Plus": 60101700.01695221,
    "CH3Plus": 48002037.128345795,
    "CH5Plus": 61798714.73120891,
    "ArHPlus": 53797768.89932842,
    "CH3Minus": 42.48450532643529,
    "H": 201464770409098.25,
    "C2": 941097609.5227923,
    "CH": 1007482916.1054776,
    "H2": 349046189734.7129,
    "ArStar": 423127595.68949246,
    "C2H4": 169882616029.25504,
    "C2H6": 11172596166.095219,
    "CH2": 19643712410.449524,
    "C2H2": 4811715676.840266,
    "C2H5": 466567544.70494884,
    "CH3": 684978092177.9462,
    "C": 3421858996.413515,
    "H3Plus": 0.2603865574871476,
    "C2H3": 186322244.22593203,
    "C3H2": 2422640.28643651,
    "CHPlus": 3.165107154831862,
    "C3H": 334302.38190585445,
    "C4H2": 23.22785783334602,
    "C2H": 25896.616156899785,
    "C3H3": 12945.963996417862,
    "C3H4": 12984083.9125558,
    "C3": 465103.50824395224,
    "C3H5": 235029.41524975732,
    "C4H": 168.32887589335618,
    "C3H6": 1415743.3960592244,
    "CH2Plus": 342.94734000271023,
    "C2H5Plus": 31611303.820472024,
    "C2H4Plus": 1253.8852362550574,
    "C2H3Plus": 835.9234908367051,
    "HMinus": 707061320.4626564,
    "C2HPlus": 28.968921588230653,
    "H2Plus": 2050.9805436767947,
    "C2H2Star": 407193.93709657213
  }
}