{
  "pressure_mTorr": 500.0,
  "n_total": 1.2070595635737908e+16,
  "Te": 1.9431115044765666,
  "Ne": 27840873486.934807,
  "E_field": 276.1940444877511,
  "n_i_total": 4078706562465.188,
  "Ni_over_Ne": 146.50066796141462,
  "charge_imbalance_pct": 14550.066796141466,
  "rate_values": {
    "CH_CH_C2_H2_cm3_5_4": 7.501088180601616e-11,
    "e_C2H2_C2_H2_cm3_1_16": 3.0526071561158756e-11,
    "C2HPlus_e_C2_H_cm3_6_18": 1.0281926650017592e-07,
    "C_CH_C2_H_cm3_7_4": 1.9793868047427078e-10,
    "CH_C_C2_H_cm3_7_9": 1.049027810475331e-10,
    "C2H_H_C2_H2_cm3_7_47": 8.557653424137946e-11,
    "C2H2_H_C2_H2_H_cm3_7_50": 1.1044915480955322e-11,
    "C2_H_CH_C_cm3_7_6": 1.299511314469549e-11,
    "stick_C2_9_9": 6994.22726734752,
    "loss_C2_11_3": 2411.8091246737804,
    "stick_C2H2_9_11": 1099.6252614213395,
    "loss_C2H2_11_19": 889.4522472397621,
    "CH3_CH3_C2H2_H2_H2_cm3_7_49": 1.8155507099484925e-11,
    "C_CH3_C2_H2_H_cm3_7_8": 9.309038666600447e-11,
    "CH3_CH_C2H2_H2_cm3_7_16": 1.8900049991101364e-10,
    "e_CH4Plus_CH3_H_cm3_6_4": 3.808919409538619e-07,
    "e_CH4Plus_CH2_H2_cm3_6_9": 1.4274393606265815e-07,
    "ArStar_CH4_CH3_H_cm3_3_1": 6.345438225870136e-10,
    "stick_ArStar_9_5": 1518.7653890650213,
    "e_CH4_CH3_HMinus_cm3_8_1": 7.597570871833904e-13,
    "loss_CH_11_9": 4715.304010517577,
    "stick_CH_9_3": 3180.133374537779,
    "stick_CH3_9_2": 463.97981378531176
  },
  "target_densities": {
    "H": 2640412055650874.5,
    "CH": 5937659063034.178,
    "C2": 42388235127980.05
  },
  "all_densities": {
    "e": 27840873486.934807,
    "Ar": 1.0260006290377222e+16,
    "CH4": 1810589345360686.2,
    "ArPlus": 1185581709752.6296,
    "CH4Plus": 346428377766.2954,
    "CH3Plus": 408878489914.07623,
    "CH5Plus": 797891206556.836,
    "ArHPlus": 810068188524.6215,
    "CH3Minus": 2256658.2843124894,
    "H": 2640412055650874.5,
    "C2": 42388235127980.05,
    "CH": 5937659063034.178,
    "H2": 4421881788220961.5,
    "ArStar": 1324363332488.8972,
    "C2H4": 285395243778077.25,
    "C2H6": 206467579202301.25,
    "CH2": 34671819018189.355,
    "C2H2": 56460269613972.125,
    "C2H5": 76261210585857.22,
    "CH3": 168716130926281.53,
    "C": 17965226202313.215,
    "H3Plus": 104708273607.54205,
    "C2H3": 13563757595060.62,
    "C3H2": 42234345026984.35,
    "CHPlus": 65430149.499779426,
    "C3H": 16403142382441.953,
    "C4H2": 6716983933058.379,
    "C2H": 152871565323.39777,
    "C3H3": 5554273669869.68,
    "C3H4": 128554318713263.7,
    "C3": 57835559208420.94,
    "C3H5": 226406534096536.53,
    "C4H": 17294699415226.629,
    "C3H6": 227212768829218.0,
    "CH2Plus": 4666582972.421414,
    "C2H5Plus": 304959849308.37195,
    "C2H4Plus": 7137662209.670197,
    "C2H3Plus": 4758441473.113463,
    "HMinus": 253497321610.13495,
    "C2HPlus": 1441071446.8028178,
    "H2Plus": 102121278783.30698,
    "C2H2Star": 14954782163836.352
  }
}