{
  "pressure_mTorr": 500.0,
  "n_total": 1.2070595635737908e+16,
  "Te": 1.598558933630383,
  "Ne": 4644723272.318827,
  "E_field": 24.566623146675397,
  "n_i_total": 1001281175251.2819,
  "Ni_over_Ne": 215.5739139979815,
  "charge_imbalance_pct": 21457.391399798147,
  "rate_values": {
    "CH_CH_C2_H2_cm3_5_4": 1.970188686268797e-10,
    "e_C2H2_C2_H2_cm3_1_16": 4.592636110893413e-11,
    "C2HPlus_e_C2_H_cm3_6_18": 1.528100901192349e-07,
    "C_CH_C2_H_cm3_7_4": 5.874079278598937e-11,
    "CH_C_C2_H_cm3_7_9": 1.9960213990927466e-10,
    "C2H_H_C2_H2_cm3_7_47": 1.9960236756241126e-10,
    "C2H2_H_C2_H2_H_cm3_7_50": 1.946574893874301e-11,
    "C2_H_CH_C_cm3_7_6": 4.5854098039449616e-11,
    "stick_C2_9_9": 2525.9038451854353,
    "loss_C2_11_3": 1837.1002384038748,
    "stick_C2H2_9_11": 813.4012649448223,
    "loss_C2H2_11_19": 1944.1321925128482,
    "CH3_CH3_C2H2_H2_H2_cm3_7_49": 1.7210263157048622e-11,
    "C_CH3_C2_H2_H_cm3_7_8": 1.0379634618560085e-10,
    "CH3_CH_C2H2_H2_cm3_7_16": 2.251719065545196e-10,
    "e_CH4Plus_CH3_H_cm3_6_4": 6.444731349182456e-08,
    "e_CH4Plus_CH2_H2_cm3_6_9": 6.577485335805678e-08,
    "ArStar_CH4_CH3_H_cm3_3_1": 4.162109524261877e-10,
    "stick_ArStar_9_5": 999.6839594364634,
    "e_CH4_CH3_HMinus_cm3_8_1": 3.8938990684506443e-13,
    "loss_CH_11_9": 2001.9710276142625,
    "stick_CH_9_3": 1222.5452073312465,
    "stick_CH3_9_2": 758.4439930249089
  },
  "target_densities": {
    "H": 504266876781350.9,
    "CH": 513139521384.57544,
    "C2": 1541639287499.991
  },
  "all_densities": {
    "e": 4644723272.318827,
    "Ar": 1.0260006290377222e+16,
    "CH4": 1810589345360686.2,
    "ArPlus": 54531653153.77763,
    "CH4Plus": 190485914186.84357,
    "CH3Plus": 31556967601.05861,
    "CH5Plus": 403467938416.6178,
    "ArHPlus": 42756886724.05928,
    "CH3Minus": 496164.3961032492,
    "H": 504266876781350.9,
    "C2": 1541639287499.991,
    "CH": 513139521384.57544,
    "H2": 247792810618936.1,
    "ArStar": 96809480023.92937,
    "C2H4": 55799680421727.38,
    "C2H6": 28044732019473.54,
    "CH2": 5241276262846.202,
    "C2H2": 4089673372296.685,
    "C2H5": 5360035806655.58,
    "CH3": 36799298186740.45,
    "C": 1894321786166.877,
    "H3Plus": 295946785.73815745,
    "C2H3": 1459449170216.162,
    "C3H2": 835040402262.8186,
    "CHPlus": 2900345.622683116,
    "C3H": 139782424181.8559,
    "C4H2": 4946750775.355395,
    "C2H": 2126333829.2459311,
    "C3H3": 51648348185.50601,
    "C3H4": 2172160236932.3584,
    "C3": 253843112355.1979,
    "C3H5": 1375223104215.7153,
    "C4H": 29551188438.2018,
    "C3H6": 2200819172040.326,
    "CH2Plus": 612109701.0576023,
    "C2H5Plus": 274406297401.1575,
    "C2H4Plus": 739310497.5072079,
    "C2H3Plus": 492873665.0048052,
    "HMinus": 14745507220.849413,
    "C2HPlus": 49241184.86905178,
    "H2Plus": 1883135587.968067,
    "C2H2Star": 79183830527.95036
  }
}