{
  "pressure_mTorr": 500.0,
  "n_total": 1.2070595635737908e+16,
  "Te": 0.5494758569417559,
  "Ne": 8965977229.533234,
  "E_field": 292.3830158764126,
  "n_i_total": 31482.775356942784,
  "Ni_over_Ne": 3.5113601731265796e-06,
  "charge_imbalance_pct": 99.9996488639827,
  "rate_values": {
    "CH_CH_C2_H2_cm3_5_4": 1.9345590772490872e-10,
    "e_C2H2_C2_H2_cm3_1_16": 9.776414077838876e-11,
    "C2HPlus_e_C2_H_cm3_6_18": 1.6288321417557868e-07,
    "C_CH_C2_H_cm3_7_4": 1.9734915003831887e-10,
    "CH_C_C2_H_cm3_7_9": 6.120239071896519e-11,
    "C2H_H_C2_H2_cm3_7_47": 5.071353630794895e-11,
    "C2H2_H_C2_H2_H_cm3_7_50": 1.0906719936355043e-11,
    "C2_H_CH_C_cm3_7_6": 4.9322733087462186e-11,
    "stick_C2_9_9": 2834.94433416246,
    "loss_C2_11_3": 2514.228826135386,
    "stick_C2H2_9_11": 1624.7563775452636,
    "loss_C2H2_11_19": 1332.9798633880785,
    "CH3_CH3_C2H2_H2_H2_cm3_7_49": 3.582382639440884e-11,
    "C_CH3_C2_H2_H_cm3_7_8": 2.226381603757683e-10,
    "CH3_CH_C2H2_H2_cm3_7_16": 5.226817216273108e-11,
    "e_CH4Plus_CH3_H_cm3_6_4": 2.858045828832854e-07,
    "e_CH4Plus_CH2_H2_cm3_6_9": 9.683320884249658e-07,
    "ArStar_CH4_CH3_H_cm3_3_1": 4.397343914592702e-10,
    "stick_ArStar_9_5": 1051.4962504203156,
    "e_CH4_CH3_HMinus_cm3_8_1": 5.4888823442605466e-14,
    "loss_CH_11_9": 4583.352787295967,
    "stick_CH_9_3": 4950.136297501563,
    "stick_CH3_9_2": 1239.1661720620407
  },
  "target_densities": {
    "H": 198970579738024.34,
    "CH": 510464.36371341866,
    "C2": 2844.2157011763866
  },
  "all_densities": {
    "e": 8965977229.533234,
    "Ar": 1.0260006290377222e+16,
    "CH4": 1810589345360686.2,
    "ArPlus": 11987.70867690457,
    "CH4Plus": 6374.288993470321,
    "CH3Plus": 5034.798674138095,
    "CH5Plus": 5119.304654855702,
    "ArHPlus": 4957.908095391028,
    "CH3Minus": 1.3103419336335036,
    "H": 198970579738024.34,
    "C2": 2844.2157011763866,
    "CH": 510464.36371341866,
    "H2": 1226221839.8625906,
    "ArStar": 123437.84536981094,
    "C2H4": 86065625.43564971,
    "C2H6": 67064.45339823485,
    "CH2": 11824806.82708678,
    "C2H2": 19863.751254110866,
    "C2H5": 689.51033301222,
    "CH3": 1676427079.557135,
    "C": 1794492.9918211647,
    "H3Plus": -2986.444227022125,
    "C2H3": 276.497632596869,
    "C3H2": 0.005069867278452376,
    "CHPlus": -249.70470207617953,
    "C3H": 0.0006992921922708679,
    "C4H2": -0.7249604290742939,
    "C2H": 0.000277604677458524,
    "C3H3": 9.733944006332919e-06,
    "C3H4": 3.3328812550459985,
    "C3": 0.0008995502524979838,
    "C3H5": 0.00017598522670745517,
    "C4H": -0.7248364575586899,
    "C3H6": 0.00410983259073304,
    "CH2Plus": 1.8512558043251167e-05,
    "C2H5Plus": 2826.435044301531,
    "C2H4Plus": 0.0003888760155634333,
    "C2H3Plus": 0.0002592506770422888,
    "HMinus": 178406068.44023043,
    "C2HPlus": -1581.5205437282307,
    "H2Plus": 2.4068809901427913e-05,
    "C2H2Star": 0.0004903877311538651
  }
}