{
  "pressure_mTorr": 500.0,
  "n_total": 1.2070595635737908e+16,
  "Te": 1.1841578714595966,
  "Ne": 245378328.86309582,
  "E_field": 152.3221594784979,
  "n_i_total": 397064086.6011901,
  "Ni_over_Ne": 1.6181709625332255,
  "charge_imbalance_pct": 61.817096253322546,
  "rate_values": {
    "CH_CH_C2_H2_cm3_5_4": 1.4333060686192097e-10,
    "e_C2H2_C2_H2_cm3_1_16": 3.298691286243966e-11,
    "C2HPlus_e_C2_H_cm3_6_18": 1.582977332944524e-07,
    "C_CH_C2_H_cm3_7_4": 1.721731490510243e-10,
    "CH_C_C2_H_cm3_7_9": 1.6391790042444787e-10,
    "C2H_H_C2_H2_cm3_7_47": 1.6040037987815368e-10,
    "C2H2_H_C2_H2_H_cm3_7_50": 7.223892062649678e-12,
    "C2_H_CH_C_cm3_7_6": 3.741062538431982e-11,
    "stick_C2_9_9": 5416.204106618099,
    "loss_C2_11_3": 558.8845208669723,
    "stick_C2H2_9_11": 1657.38002036518,
    "loss_C2H2_11_19": 1655.1382210143356,
    "CH3_CH3_C2H2_H2_H2_cm3_7_49": 4.7725507000540734e-11,
    "C_CH3_C2_H2_H_cm3_7_8": 1.3798228775193577e-10,
    "CH3_CH_C2H2_H2_cm3_7_16": 7.340301021100944e-11,
    "e_CH4Plus_CH3_H_cm3_6_4": 2.4052664730301424e-07,
    "e_CH4Plus_CH2_H2_cm3_6_9": 9.564345771442453e-07,
    "ArStar_CH4_CH3_H_cm3_3_1": 4.003328315197612e-10,
    "stick_ArStar_9_5": 373.4632412428082,
    "e_CH4_CH3_HMinus_cm3_8_1": 3.4188446600677254e-13,
    "loss_CH_11_9": 3565.645750540053,
    "stick_CH_9_3": 4964.9681840688645,
    "stick_CH3_9_2": 245.51821184995788
  },
  "target_densities": {
    "H": 200558863838344.38,
    "CH": 841192416.9341483,
    "C2": 683598080.0588404
  },
  "all_densities": {
    "e": 245378328.86309582,
    "Ar": 1.0260006290377222e+16,
    "CH4": 1810589345360686.2,
    "ArPlus": 92386944.9180527,
    "CH4Plus": 73897235.84671576,
    "CH3Plus": 43451570.39017478,
    "CH5Plus": 91612235.32201962,
    "ArHPlus": 48753965.44339193,
    "CH3Minus": 130.60897814254744,
    "H": 200558863838344.38,
    "C2": 683598080.0588404,
    "CH": 841192416.9341483,
    "H2": 332378911323.1378,
    "ArStar": 379221765.193846,
    "C2H4": 141872874293.31592,
    "C2H6": 14754003465.488867,
    "CH2": 17644670218.992153,
    "C2H2": 6353287309.898201,
    "C2H5": 481396797.5283185,
    "CH3": 787116887843.0492,
    "C": 2975349134.2131042,
    "H3Plus": 0.26022081955214726,
    "C2H3": 178556390.99734184,
    "C3H2": 2671045.122394037,
    "CHPlus": 3.4611246805804314,
    "C3H": 368553.59194507194,
    "C4H2": 21.38099908814048,
    "C2H": 18272.40059598472,
    "C3H3": 10358.640144971916,
    "C3H4": 9053560.319076408,
    "C3": 447890.49310639995,
    "C3H5": 202473.66780860256,
    "C4H": 154.9560622239178,
    "C3H6": 1540376.1142000554,
    "CH2Plus": 457.61299143907513,
    "C2H5Plus": 46957583.77099764,
    "C2H4Plus": 1388.8666846904182,
    "C2H3Plus": 925.9111231269451,
    "HMinus": 631913881.9582164,
    "C2HPlus": 47.07396946256524,
    "H2Plus": 1727.723723383664,
    "C2H2Star": 481860.9656886514
  }
}