{
  "pressure_mTorr": 500.0,
  "n_total": 1.2070595635737908e+16,
  "Te": 1.191897217075614,
  "Ne": 2096645141.1260066,
  "E_field": 22.48720796387039,
  "n_i_total": 6382246976.427872,
  "Ni_over_Ne": 3.044028219768404,
  "charge_imbalance_pct": 204.40282197684039,
  "rate_values": {
    "loss_C2_11_3": 1063.227607005374,
    "e_CH4_CH3_HMinus_cm3_8_1": 9.743025445952568e-14,
    "loss_C2H2Star_11_25": 2320.3471456007983,
    "e_CH4Plus_CH2_H2_cm3_6_9": 1.8246599188479627e-06,
    "e_CH_CHPlus_2e_cm3_2_10": 1.7542516229432702e-12,
    "loss_C3H4_11_18": 1452.7725186169137,
    "e_CH4Plus_CH_H2_H_cm3_6_11": 5.164977961217846e-07,
    "loss_C3H6_11_16": 379.4471439014376,
    "loss_C4H_11_15": 792.1167683496727,
    "loss_C4H2_11_11": 398.8774716685004,
    "ArStar_CH4_CH3_H_cm3_3_1": 1.940547282789938e-10,
    "e_CH4Plus_C_2H2_cm3_6_13": 8.803068352238642e-08,
    "loss_C3H3_11_13": 893.4070647043836,
    "loss_C3H_11_10": 821.2185674636728,
    "stick_ArStar_9_5": 356.8348416996701,
    "loss_C2H_11_12": 160.85684782900063,
    "loss_C3_11_14": 217.11843245662777,
    "loss_CH_11_9": 5405.217672624849,
    "e_CH4Plus_CH3_H_cm3_6_4": 1.8102036668930135e-07,
    "e_CH4_CH_H2_H_vib_cm3_1_3": 3.687075237947802e-11,
    "stick_CH_9_3": 4242.244963088141,
    "stick_C_9_10": 2732.3760357726387,
    "stick_C2_9_9": 3460.0497175550563,
    "stick_H_9_1": 210.65624409261966,
    "loss_CH2_11_1": 2000.916414751357,
    "stick_CH3_9_2": 5383.896297244615,
    "e_Ar_ArStar_cm3_1_7": 1.1671768109671622e-10,
    "CH_CH4_CH2_CH3_cm3_7_39": 8.489876630948776e-12,
    "CH3_CH3_C2H2_H2_H2_cm3_7_49": 8.651964263607168e-12,
    "CH_CH_C2_H2_cm3_5_4": 1.3746404269608267e-10,
    "e_CH4_CH3_H_cm3_1_1": 1.0747409792830759e-10,
    "CH_CH4_C2H4_H_cm3_7_20": 5.89843436262801e-11,
    "C2_H_CH_C_cm3_7_6": 9.427420342021375e-11,
    "CH_C_C2_H_cm3_7_9": 9.794146829428056e-11,
    "CH2_CH2_C2H2_H2_cm3_7_15": 1.1142707007175441e-10,
    "C2H_H_C2_H2_cm3_7_47": 9.53364492930537e-11,
    "C_CH3_C2_H2_H_cm3_7_8": 8.031217735704963e-11,
    "CH2_CH3_C2H2_H_H2_cm3_7_62": 8.049719383499493e-12,
    "CH2_C2H3_C2H2_CH3_cm3_7_53": 1.076368556653721e-10,
    "C_CH_C2_H_cm3_7_4": 1.0934094943830143e-10,
    "C2H2_H_C2_H2_H_cm3_7_50": 1.1611002222081077e-11,
    "e_CH4_CH2_H2_cm3_1_2": 3.124623775043835e-11,
    "CH3_C2H5_C2H2_CH3_H2_cm3_7_61": 1.0768721322180306e-11,
    "C_H_CH_cm3_7_12": 9.415026315499157e-11,
    "C2H2_C_C2_CH2_cm3_7_19": 1.0693687611642086e-10,
    "CH2_H_CH_H2_cm3_7_1": 1.2946172547323043e-11,
    "CH_H_C_H2_cm3_7_3": 9.318454264143481e-11,
    "C2HPlus_e_C2_H_cm3_6_18": 2.5467323436639127e-07,
    "CH_CH3_C2H4_cm3_7_5": 1.1281162117793175e-10,
    "e_C2H2_C2_H2_cm3_1_16": 5.586033973824086e-11
  },
  "target_densities": {
    "H": 10625361060783.41,
    "CH": 3044788977.0620275,
    "C2": 15486418658.187458
  },
  "all_densities": {
    "e": 2096645141.1260066,
    "Ar": 1.0260006290377222e+16,
    "CH4": 1810589345360686.2,
    "ArPlus": 268025804.31557843,
    "CH4Plus": 1761221971.4846156,
    "CH3Plus": 175484361.67430112,
    "CH5Plus": 2689312735.017603,
    "ArHPlus": 199376206.28076282,
    "CH3Minus": 93960.9208578416,
    "H": 10625361060783.41,
    "C2": 15486418658.187458,
    "CH": 3044788977.0620275,
    "H2": 30652269915423.934,
    "ArStar": 1138241733.2168658,
    "C2H4": 190608431396.42078,
    "C2H6": 1267792617122.4365,
    "CH2": 427679768233.0977,
    "C2H2": 666749225221.366,
    "C2H5": 139536247327.88217,
    "CH3": 10686302616065.818,
    "C": 14100818184.772745,
    "H3Plus": 163832.0938033443,
    "C2H3": 1689343669.1726792,
    "C3H2": 202949275.3702112,
    "CHPlus": 43.83000196881065,
    "C3H": 98000874.04214704,
    "C4H2": 18096.674019327245,
    "C2H": 220084271.8112461,
    "C3H3": 239977.51370087542,
    "C3H4": 23620141.59677349,
    "C3": 144801973.58782074,
    "C3H5": 42485842.77645364,
    "C4H": 30259.666152652408,
    "C3H6": 425382455.79258364,
    "CH2Plus": 303433.8313439954,
    "C2H5Plus": 1280137537.0579386,
    "C2H4Plus": 58037.58160988261,
    "C2H3Plus": 38691.721073255074,
    "HMinus": 148088976.07564196,
    "C2HPlus": 131368.63904913745,
    "H2Plus": 7992952.900191284,
    "C2H2Star": 19624351.343526196
  }
}