{
  "pressure_mTorr": 500.0,
  "n_total": 1.2070595635737908e+16,
  "Te": 1.3681855408894004,
  "Ne": 2054790116.8847332,
  "E_field": 47.19023678682217,
  "n_i_total": 2451886211.7501535,
  "Ni_over_Ne": 1.1932538469999348,
  "charge_imbalance_pct": 19.325384699993478,
  "rate_values": {
    "loss_C2_11_3": 705.4463109066107,
    "e_CH4_CH3_HMinus_cm3_8_1": 5.147646402966312e-14,
    "loss_C2H2Star_11_25": 8542.290490172112,
    "e_CH4Plus_CH2_H2_cm3_6_9": 1.4489306680445102e-06,
    "e_CH_CHPlus_2e_cm3_2_10": 1.3764877747791358e-11,
    "loss_C3H4_11_18": 1287.8486481411637,
    "e_CH4Plus_CH_H2_H_cm3_6_11": 1.2112042894291843e-07,
    "loss_C3H6_11_16": 393.57253478282206,
    "loss_C4H_11_15": 537.5550072698521,
    "loss_C4H2_11_11": 954.5620871487697,
    "ArStar_CH4_CH3_H_cm3_3_1": 2.804222483917257e-10,
    "e_CH4Plus_C_2H2_cm3_6_13": 2.653340739162197e-08,
    "loss_C3H3_11_13": 957.6532057818698,
    "loss_C3H_11_10": 987.6820880220787,
    "stick_ArStar_9_5": 681.211503679335,
    "loss_C2H_11_12": 323.712541085189,
    "loss_C3_11_14": 796.9699227419161,
    "loss_CH_11_9": 4910.390519454422,
    "e_CH4Plus_CH3_H_cm3_6_4": 6.732483649256193e-07,
    "e_CH4_CH_H2_H_vib_cm3_1_3": 3.520626872881614e-11,
    "stick_CH_9_3": 3037.184086547613,
    "stick_C_9_10": 1711.2614819027124,
    "stick_C2_9_9": 5982.006648407691,
    "stick_H_9_1": 183.48908919783963,
    "loss_CH2_11_1": 1588.8958214771003,
    "stick_CH3_9_2": 2520.0582981095213,
    "e_Ar_ArStar_cm3_1_7": 6.956828762717555e-11,
    "CH_CH4_CH2_CH3_cm3_7_39": 9.078194799055596e-12,
    "CH3_CH3_C2H2_H2_H2_cm3_7_49": 8.413205280312089e-12,
    "CH_CH_C2_H2_cm3_5_4": 1.619673175318124e-10,
    "e_CH4_CH3_H_cm3_1_1": 9.396365464134553e-11,
    "CH_CH4_C2H4_H_cm3_7_20": 5.723241066836166e-11,
    "C2_H_CH_C_cm3_7_6": 9.026012155643819e-11,
    "CH_C_C2_H_cm3_7_9": 9.064479131961127e-11,
    "CH2_CH2_C2H2_H2_cm3_7_15": 9.397340474558445e-11,
    "C2H_H_C2_H2_cm3_7_47": 1.1856894958283556e-10,
    "C_CH3_C2_H2_H_cm3_7_8": 1.1536351819563294e-10,
    "CH2_CH3_C2H2_H_H2_cm3_7_62": 8.955847385753295e-12,
    "CH2_C2H3_C2H2_CH3_cm3_7_53": 1.0974546071163185e-10,
    "C_CH_C2_H_cm3_7_4": 1.1092128916674019e-10,
    "C2H2_H_C2_H2_H_cm3_7_50": 1.1166304648988547e-11,
    "e_CH4_CH2_H2_cm3_1_2": 5.557412834287257e-11,
    "CH3_C2H5_C2H2_CH3_H2_cm3_7_61": 8.680835455350254e-12,
    "C_H_CH_cm3_7_12": 1.1571851404909287e-10,
    "C2H2_C_C2_CH2_cm3_7_19": 9.621863849767466e-11,
    "CH2_H_CH_H2_cm3_7_1": 1.1559721336123301e-11,
    "CH_H_C_H2_cm3_7_3": 1.0521641725181065e-10,
    "C2HPlus_e_C2_H_cm3_6_18": 2.2847922262076258e-07,
    "CH_CH3_C2H4_cm3_7_5": 8.73639079101603e-11,
    "e_C2H2_C2_H2_cm3_1_16": 8.780382965133622e-11
  },
  "target_densities": {
    "H": 10595716723530.22,
    "CH": 3347137079.818933,
    "C2": 25015952127.97128
  },
  "all_densities": {
    "e": 2054790116.8847332,
    "Ar": 1.0260006290377222e+16,
    "CH4": 1810589345360686.2,
    "ArPlus": 193285134.37496778,
    "CH4Plus": 645537953.2470897,
    "CH3Plus": 124106102.92256095,
    "CH5Plus": 898397650.4478544,
    "ArHPlus": 132582845.58696593,
    "CH3Minus": 80124.10133802764,
    "H": 10595716723530.22,
    "C2": 25015952127.97128,
    "CH": 3347137079.818933,
    "H2": 31694576541516.69,
    "ArStar": 619912412.9150965,
    "C2H4": 223576122724.7849,
    "C2H6": 2892936698683.7344,
    "CH2": 767346538343.4854,
    "C2H2": 1527546693268.7156,
    "C2H5": 374173473416.2268,
    "CH3": 16144369774003.738,
    "C": 22676793043.39504,
    "H3Plus": 476066.9768586654,
    "C2H3": 2744708441.4727597,
    "C3H2": 511119739.03637606,
    "CHPlus": 178.65220915096717,
    "C3H": 228457095.3284207,
    "C4H2": 34686.127434517715,
    "C2H": 523642434.4044489,
    "C3H3": 416139.42686672293,
    "C3H4": 32435895.032220844,
    "C3": 257960400.95354575,
    "C3H5": 125240990.71560968,
    "C4H": 95705.46493944999,
    "C3H6": 1083028822.6452153,
    "CH2Plus": 183474.16969400522,
    "C2H5Plus": 432593214.61136043,
    "C2H4Plus": 31832.68095724623,
    "C2H3Plus": 21221.78730483082,
    "HMinus": 85864936.98284127,
    "C2HPlus": 142185.98472446197,
    "H2Plus": 24528350.307605527,
    "C2H2Star": 6651226.5595800895
  }
}