{
  "pressure_mTorr": 500.0,
  "n_total": 1.2070595635737908e+16,
  "Te": 1.444062342164659,
  "Ne": 2264658307.7155313,
  "E_field": 97.98811293095079,
  "n_i_total": 2024933157.71797,
  "Ni_over_Ne": 0.8941451126729207,
  "charge_imbalance_pct": 10.58548873270792,
  "rate_values": {
    "loss_C2_11_3": 283.00554010146095,
    "e_CH4_CH3_HMinus_cm3_8_1": 1.670235727969896e-13,
    "loss_C2H2Star_11_25": 8578.075796242065,
    "e_CH4Plus_CH2_H2_cm3_6_9": 2.5052696579633216e-07,
    "e_CH_CHPlus_2e_cm3_2_10": 2.0817981298456216e-11,
    "loss_C3H4_11_18": 324.20541519077557,
    "e_CH4Plus_CH_H2_H_cm3_6_11": 1.5588521658238006e-07,
    "loss_C3H6_11_16": 518.7226494795784,
    "loss_C4H_11_15": 933.691204495846,
    "loss_C4H2_11_11": 319.8347577315765,
    "ArStar_CH4_CH3_H_cm3_3_1": 6.2217969557186e-11,
    "e_CH4Plus_C_2H2_cm3_6_13": 7.70700259632019e-08,
    "loss_C3H3_11_13": 675.0865246806352,
    "loss_C3H_11_10": 924.3451394941078,
    "stick_ArStar_9_5": 620.7122968367842,
    "loss_C2H_11_12": 902.5529208221847,
    "loss_C3_11_14": 548.6729864049416,
    "loss_CH_11_9": 6824.505362403767,
    "e_CH4Plus_CH3_H_cm3_6_4": 7.157007255638187e-07,
    "e_CH4_CH_H2_H_vib_cm3_1_3": 2.9094752942245193e-11,
    "stick_CH_9_3": 5506.113059177951,
    "stick_C_9_10": 4132.715138172803,
    "stick_C2_9_9": 5088.804976274889,
    "stick_H_9_1": 432.9076383298336,
    "loss_CH2_11_1": 5047.486959222464,
    "stick_CH3_9_2": 2283.654783198639,
    "e_Ar_ArStar_cm3_1_7": 1.3618858196740018e-10,
    "CH_CH4_CH2_CH3_cm3_7_39": 8.299922780141074e-12,
    "CH3_CH3_C2H2_H2_H2_cm3_7_49": 1.060530020473239e-11,
    "CH_CH_C2_H2_cm3_5_4": 1.5216362023965872e-10,
    "e_CH4_CH3_H_cm3_1_1": 8.256531345758929e-11,
    "CH_CH4_C2H4_H_cm3_7_20": 6.56097572488162e-11,
    "C2_H_CH_C_cm3_7_6": 1.1051260063685026e-10,
    "CH_C_C2_H_cm3_7_9": 9.018358731302066e-11,
    "CH2_CH2_C2H2_H2_cm3_7_15": 1.0496978171574193e-10,
    "C2H_H_C2_H2_cm3_7_47": 1.0861184728576861e-10,
    "C_CH3_C2_H2_H_cm3_7_8": 9.493323452151013e-11,
    "CH2_CH3_C2H2_H_H2_cm3_7_62": 1.0626669220861131e-11,
    "CH2_C2H3_C2H2_CH3_cm3_7_53": 1.068771573723137e-10,
    "C_CH_C2_H_cm3_7_4": 8.396782295264052e-11,
    "C2H2_H_C2_H2_H_cm3_7_50": 9.384477546073924e-12,
    "e_CH4_CH2_H2_cm3_1_2": 5.7926204888360564e-11,
    "CH3_C2H5_C2H2_CH3_H2_cm3_7_61": 1.0785436390990277e-11,
    "C_H_CH_cm3_7_12": 1.0700179466142113e-10,
    "C2H2_C_C2_CH2_cm3_7_19": 8.278656059740743e-11,
    "CH2_H_CH_H2_cm3_7_1": 2.189175052349969e-11,
    "CH_H_C_H2_cm3_7_3": 9.496198239750822e-11,
    "C2HPlus_e_C2_H_cm3_6_18": 1.9832706534660464e-07,
    "CH_CH3_C2H4_cm3_7_5": 1.1390418070016629e-10,
    "e_C2H2_C2_H2_cm3_1_16": 7.126651807946748e-11
  },
  "target_densities": {
    "H": 10272102829008.725,
    "CH": 3109414915.6138287,
    "C2": 28640078037.57444
  },
  "all_densities": {
    "e": 2264658307.7155313,
    "Ar": 1.0260006290377222e+16,
    "CH4": 1810589345360686.2,
    "ArPlus": 302113877.5393721,
    "CH4Plus": 482781304.7527917,
    "CH3Plus": 166390351.29567906,
    "CH5Plus": 588549638.4785095,
    "ArHPlus": 179638472.13927925,
    "CH3Minus": 46012.36287687367,
    "H": 10272102829008.725,
    "C2": 28640078037.57444,
    "CH": 3109414915.6138287,
    "H2": 31266644422438.664,
    "ArStar": 1605790107.8562195,
    "C2H4": 216542153935.8693,
    "C2H6": 2943220124492.745,
    "CH2": 488377797790.02234,
    "C2H2": 1876026104698.5535,
    "C2H5": 237554273343.01804,
    "CH3": 16285009475802.285,
    "C": 12809972020.442894,
    "H3Plus": 414571.49557899043,
    "C2H3": 2637598090.6193323,
    "C3H2": 583153028.7304974,
    "CHPlus": 133.95407457687526,
    "C3H": 268242118.97389367,
    "C4H2": 53131.45486334694,
    "C2H": 585148816.2521222,
    "C3H3": 426026.9208277216,
    "C3H4": 47049218.38604608,
    "C3": 334215911.90484303,
    "C3H5": 73865480.08005847,
    "C4H": 83036.68219603517,
    "C3H6": 880642026.8853245,
    "CH2Plus": 75396.82668284589,
    "C2H5Plus": 279456358.17670596,
    "C2H4Plus": 16371.84778559112,
    "C2H3Plus": 10914.565190394083,
    "HMinus": 256635377.70794398,
    "C2HPlus": 93186.65665174325,
    "H2Plus": 25392579.989668045,
    "C2H2Star": 21071188.21909718
  }
}