{
  "pressure_mTorr": 500.0,
  "n_total": 1.2070595635737908e+16,
  "Te": 1.0311441022209669,
  "Ne": 2756534338.0264215,
  "E_field": 58.22736808165919,
  "n_i_total": 1863542040.7194,
  "Ni_over_Ne": 0.6760452844761689,
  "charge_imbalance_pct": 32.395471552383114,
  "rate_values": {
    "loss_C2_11_3": 1992.9702825400677,
    "e_CH4_CH3_HMinus_cm3_8_1": 8.562811602798524e-13,
    "loss_C2H2Star_11_25": 3857.9433323834705,
    "e_CH4Plus_CH2_H2_cm3_6_9": 1.37937150366376e-06,
    "e_CH_CHPlus_2e_cm3_2_10": 4.195926435963764e-12,
    "loss_C3H4_11_18": 1099.1086178493983,
    "e_CH4Plus_CH_H2_H_cm3_6_11": 1.8529771301067168e-07,
    "loss_C3H6_11_16": 869.1850164966702,
    "loss_C4H_11_15": 165.46132296790154,
    "loss_C4H2_11_11": 484.56674811945834,
    "ArStar_CH4_CH3_H_cm3_3_1": 1.1372749053285291e-10,
    "e_CH4Plus_C_2H2_cm3_6_13": 5.284792724640662e-08,
    "loss_C3H3_11_13": 613.0309636138293,
    "loss_C3H_11_10": 798.7157376314331,
    "stick_ArStar_9_5": 303.85585347792926,
    "loss_C2H_11_12": 952.4547683406586,
    "loss_C3_11_14": 860.8224819563774,
    "loss_CH_11_9": 9449.79633953095,
    "e_CH4Plus_CH3_H_cm3_6_4": 3.176101293420532e-07,
    "e_CH4_CH_H2_H_vib_cm3_1_3": 9.310018854504627e-11,
    "stick_CH_9_3": 1637.34585916969,
    "stick_C_9_10": 3890.2047348107444,
    "stick_C2_9_9": 2534.6862705159792,
    "stick_H_9_1": 269.7441550871389,
    "loss_CH2_11_1": 3118.4271138041595,
    "stick_CH3_9_2": 5102.167244688776,
    "e_Ar_ArStar_cm3_1_7": 6.869986035180595e-11,
    "CH_CH4_CH2_CH3_cm3_7_39": 1.0050689758840772e-11,
    "CH3_CH3_C2H2_H2_H2_cm3_7_49": 8.52931734486833e-12,
    "CH_CH_C2_H2_cm3_5_4": 1.232643284518525e-10,
    "e_CH4_CH3_H_cm3_1_1": 7.749480042893725e-11,
    "CH_CH4_C2H4_H_cm3_7_20": 7.58716577201408e-11,
    "C2_H_CH_C_cm3_7_6": 1.1597385012670218e-10,
    "CH_C_C2_H_cm3_7_9": 1.0709110602054791e-10,
    "CH2_CH2_C2H2_H2_cm3_7_15": 1.1223036727686714e-10,
    "C2H_H_C2_H2_cm3_7_47": 1.0539829345989958e-10,
    "C_CH3_C2_H2_H_cm3_7_8": 9.975024307166402e-11,
    "CH2_CH3_C2H2_H_H2_cm3_7_62": 1.1000651026849163e-11,
    "CH2_C2H3_C2H2_CH3_cm3_7_53": 1.1049406475573327e-10,
    "C_CH_C2_H_cm3_7_4": 8.971115756425228e-11,
    "C2H2_H_C2_H2_H_cm3_7_50": 1.040106279245394e-11,
    "e_CH4_CH2_H2_cm3_1_2": 3.85726483767429e-11,
    "CH3_C2H5_C2H2_CH3_H2_cm3_7_61": 1.1829125302675201e-11,
    "C_H_CH_cm3_7_12": 9.909070251009092e-11,
    "C2H2_C_C2_CH2_cm3_7_19": 9.579859022552378e-11,
    "CH2_H_CH_H2_cm3_7_1": 1.0978416349515426e-11,
    "CH_H_C_H2_cm3_7_3": 9.775078420800143e-11,
    "C2HPlus_e_C2_H_cm3_6_18": 1.9948966530302156e-07,
    "CH_CH3_C2H4_cm3_7_5": 8.018777675812015e-11,
    "e_C2H2_C2_H2_cm3_1_16": 5.408981314685862e-11
  },
  "target_densities": {
    "H": 10538098593512.424,
    "CH": 3648020298.453736,
    "C2": 13683067920.302454
  },
  "all_densities": {
    "e": 2756534338.0264215,
    "Ar": 1.0260006290377222e+16,
    "CH4": 1810589345360686.2,
    "ArPlus": 189593143.790311,
    "CH4Plus": 470453858.7104443,
    "CH3Plus": 108010315.35461198,
    "CH5Plus": 663966252.0372417,
    "ArHPlus": 126055368.41631354,
    "CH3Minus": 40550.14711630897,
    "H": 10538098593512.424,
    "C2": 13683067920.302454,
    "CH": 3648020298.453736,
    "H2": 30504414394883.305,
    "ArStar": 942987195.4488358,
    "C2H4": 278574532078.0779,
    "C2H6": 1334535374936.8086,
    "CH2": 362033640639.5998,
    "C2H2": 695895337141.0983,
    "C2H5": 120522132300.79947,
    "CH3": 10963590340373.402,
    "C": 10006525827.081476,
    "H3Plus": 10314.225714476243,
    "C2H3": 2080915687.5979543,
    "C3H2": 253771455.2070269,
    "CHPlus": 64.6237026839079,
    "C3H": 123891680.50513428,
    "C4H2": 26056.037669479687,
    "C2H": 135068573.93043187,
    "C3H3": 407466.2641678813,
    "C3H4": 47586990.8238553,
    "C3": 124997367.4755151,
    "C3H5": 43966718.504624315,
    "C4H": 65403.65354683526,
    "C3H6": 385637060.2311419,
    "CH2Plus": 61056.149533541,
    "C2H5Plus": 304751772.2798856,
    "C2H4Plus": 20037.512346870295,
    "C2H3Plus": 13358.341564580194,
    "HMinus": 894260837.1400692,
    "C2HPlus": 33697.57803949233,
    "H2Plus": 572801.6996897804,
    "C2H2Star": 10205754.762465954
  }
}