{
  "pressure_mTorr": 500.0,
  "n_total": 1.2070595635737908e+16,
  "Te": 1.3591649163490325,
  "Ne": 2033271635.0566797,
  "E_field": 14.700284938168153,
  "n_i_total": 9558013754.214724,
  "Ni_over_Ne": 4.700805140552843,
  "charge_imbalance_pct": 370.08051405528425,
  "rate_values": {
    "loss_C2_11_3": 578.0159030182031,
    "e_CH4_CH3_HMinus_cm3_8_1": 9.809373343944636e-13,
    "loss_C2H2Star_11_25": 6307.463531125628,
    "e_CH4Plus_CH2_H2_cm3_6_9": 1.312488494320837e-06,
    "e_CH_CHPlus_2e_cm3_2_10": 9.273169305198327e-12,
    "loss_C3H4_11_18": 355.48438752582587,
    "e_CH4Plus_CH_H2_H_cm3_6_11": 9.656971208862663e-07,
    "loss_C3H6_11_16": 777.5592429374137,
    "loss_C4H_11_15": 523.5255692447475,
    "loss_C4H2_11_11": 662.5536528776383,
    "ArStar_CH4_CH3_H_cm3_3_1": 4.970551777842282e-10,
    "e_CH4Plus_C_2H2_cm3_6_13": 8.311031832573496e-08,
    "loss_C3H3_11_13": 221.55175659217315,
    "loss_C3H_11_10": 614.1316077423131,
    "stick_ArStar_9_5": 642.8987969475717,
    "loss_C2H_11_12": 935.9544160743421,
    "loss_C3_11_14": 324.44247406011243,
    "loss_CH_11_9": 6316.371226416244,
    "e_CH4Plus_CH3_H_cm3_6_4": 3.994518182213809e-07,
    "e_CH4_CH_H2_H_vib_cm3_1_3": 3.305235792110193e-11,
    "stick_CH_9_3": 2745.4502876656143,
    "stick_C_9_10": 3768.5135050343138,
    "stick_C2_9_9": 2375.602848381889,
    "stick_H_9_1": 150.5580342210219,
    "loss_CH2_11_1": 4899.308788045928,
    "stick_CH3_9_2": 3762.223368708517,
    "e_Ar_ArStar_cm3_1_7": 1.5404962784617082e-10,
    "CH_CH4_CH2_CH3_cm3_7_39": 1.0409574910733878e-11,
    "CH3_CH3_C2H2_H2_H2_cm3_7_49": 8.350405183421832e-12,
    "CH_CH_C2_H2_cm3_5_4": 1.7024571081378155e-10,
    "e_CH4_CH3_H_cm3_1_1": 5.599493703902313e-11,
    "CH_CH4_C2H4_H_cm3_7_20": 6.830774207878337e-11,
    "C2_H_CH_C_cm3_7_6": 9.33919925724755e-11,
    "CH_C_C2_H_cm3_7_9": 1.177770666742031e-10,
    "CH2_CH2_C2H2_H2_cm3_7_15": 9.468487804441682e-11,
    "C2H_H_C2_H2_cm3_7_47": 8.205181734819443e-11,
    "C_CH3_C2_H2_H_cm3_7_8": 1.1211407540622905e-10,
    "CH2_CH3_C2H2_H_H2_cm3_7_62": 1.1347989268789893e-11,
    "CH2_C2H3_C2H2_CH3_cm3_7_53": 1.0573627458235431e-10,
    "C_CH_C2_H_cm3_7_4": 9.60882345812185e-11,
    "C2H2_H_C2_H2_H_cm3_7_50": 9.531487176847593e-12,
    "e_CH4_CH2_H2_cm3_1_2": 2.050003818534198e-11,
    "CH3_C2H5_C2H2_CH3_H2_cm3_7_61": 8.891953310939208e-12,
    "C_H_CH_cm3_7_12": 1.1834738657182674e-10,
    "C2H2_C_C2_CH2_cm3_7_19": 1.0061730712152784e-10,
    "CH2_H_CH_H2_cm3_7_1": 1.917367363844436e-11,
    "CH_H_C_H2_cm3_7_3": 1.1077647964050481e-10,
    "C2HPlus_e_C2_H_cm3_6_18": 2.3830855596109194e-07,
    "CH_CH3_C2H4_cm3_7_5": 1.0105273943651783e-10,
    "e_C2H2_C2_H2_cm3_1_16": 5.780633316658494e-11
  },
  "target_densities": {
    "H": 10754753376017.885,
    "CH": 2720806013.9324107,
    "C2": 27518711632.70815
  },
  "all_densities": {
    "e": 2033271635.0566797,
    "Ar": 1.0260006290377222e+16,
    "CH4": 1810589345360686.2,
    "ArPlus": 270727115.72196305,
    "CH4Plus": 2652585938.7552137,
    "CH3Plus": 180319037.1009051,
    "CH5Plus": 4178727998.532703,
    "ArHPlus": 206857168.41756472,
    "CH3Minus": 205984.32573860264,
    "H": 10754753376017.885,
    "C2": 27518711632.70815,
    "CH": 2720806013.9324107,
    "H2": 31472294142646.48,
    "ArStar": 1165849618.3112004,
    "C2H4": 192749786611.94202,
    "C2H6": 2046086544468.7725,
    "CH2": 376835044480.0412,
    "C2H2": 1032743716855.6886,
    "C2H5": 156011265881.57816,
    "CH3": 13575961062892.676,
    "C": 11100257585.428488,
    "H3Plus": 1239170.4223729377,
    "C2H3": 1934516500.2454019,
    "C3H2": 280913100.5618468,
    "CHPlus": 303.7136539526195,
    "C3H": 150712816.82392055,
    "C4H2": 21440.46195902729,
    "C2H": 266018440.84929103,
    "C3H3": 357679.85083367233,
    "C3H4": 35931726.33380573,
    "C3": 187980286.14227778,
    "C3H5": 42447639.04518062,
    "C4H": 43095.51926711453,
    "C3H6": 454896722.05373484,
    "CH2Plus": 420251.74124306074,
    "C2H5Plus": 2009506430.1066105,
    "C2H4Plus": 86996.08874693506,
    "C2H3Plus": 57997.39249795672,
    "HMinus": 669862975.6165746,
    "C2HPlus": 298519.4413221292,
    "H2Plus": 57186826.779925354,
    "C2H2Star": 11453325.370821053
  }
}