{
  "pressure_mTorr": 500.0,
  "n_total": 1.2070595635737908e+16,
  "Te": 1.2325385040785002,
  "Ne": 2180131662.109191,
  "E_field": 56.41544439298971,
  "n_i_total": 3351317587.1342072,
  "Ni_over_Ne": 1.5372088050370043,
  "charge_imbalance_pct": 53.72088050370042,
  "rate_values": {
    "loss_C2_11_3": 1871.1728278088603,
    "e_CH4_CH3_HMinus_cm3_8_1": 9.060182172986001e-13,
    "loss_C2H2Star_11_25": 3641.956835841631,
    "e_CH4Plus_CH2_H2_cm3_6_9": 1.4787765295014583e-06,
    "e_CH_CHPlus_2e_cm3_2_10": 1.3267587409659907e-11,
    "loss_C3H4_11_18": 781.3476382677037,
    "e_CH4Plus_CH_H2_H_cm3_6_11": 1.4448289615738905e-07,
    "e_CH4Plus_C_2H2_cm3_6_13": 2.7004377893790932e-08,
    "loss_C4H2_11_11": 380.1798675982566,
    "loss_C3H6_11_16": 553.5001479261863,
    "ArStar_CH4_CH3_H_cm3_3_1": 3.129228882981329e-10,
    "stick_ArStar_9_5": 121.62280360194814,
    "loss_C4H_11_15": 779.0959463591633,
    "loss_C3H_11_10": 695.6604878720073,
    "loss_C3_11_14": 980.8051486627822,
    "loss_C3H3_11_13": 866.1933299295551,
    "loss_C2H_11_12": 476.8148568445953,
    "loss_CH_11_9": 2516.2256776956588,
    "e_CH4Plus_CH3_H_cm3_6_4": 1.0426004446075539e-07,
    "e_CH4_CH_H2_H_vib_cm3_1_3": 6.567935572916033e-11,
    "stick_H_9_1": 164.0136980037288,
    "stick_C_9_10": 4501.4644406322295,
    "stick_C2_9_9": 1522.3577378423047,
    "stick_CH_9_3": 2347.87628869263,
    "loss_CH2_11_1": 3798.4893196457388,
    "C2_H_CH_C_cm3_7_6": 9.231950511656814e-11,
    "CH_CH_C2_H2_cm3_5_4": 1.4579157571232907e-10,
    "CH_CH4_C2H4_H_cm3_7_20": 5.6525879952822675e-11,
    "C2HPlus_e_C2_H_cm3_6_18": 2.610997237612317e-07,
    "CH2_H_CH_H2_cm3_7_1": 1.4791397593410185e-11,
    "loss_C2H2_11_19": 1453.342508796926,
    "C_H_CH_cm3_7_12": 8.954681661793036e-11,
    "e_CH4_CH3_H_cm3_1_1": 6.9864875674834e-11,
    "CH_CH3_C2H4_cm3_7_5": 1.1590941366252007e-10,
    "CH2_CH2_C2H2_H2_cm3_7_15": 9.490225436534984e-11,
    "e_CH4_CH2_H2_cm3_1_2": 4.915841549102707e-11,
    "CH3_CH3_C2H2_H2_H2_cm3_7_49": 1.0156049124336097e-11,
    "CH3_C2H5_C2H2_CH3_H2_cm3_7_61": 1.1326411813021722e-11,
    "C2H_H_C2_H2_cm3_7_47": 9.262583719379712e-11,
    "CH_H_C_H2_cm3_7_3": 9.488552659584572e-11,
    "C_CH_C2_H_cm3_7_4": 1.0157129549238227e-10,
    "e_C2H2_C2_H2_cm3_1_16": 7.670794027570527e-11,
    "C2H2_C_C2_CH2_cm3_7_19": 9.809797775427248e-11,
    "C2H2_H_C2_H2_H_cm3_7_50": 9.887686207294545e-12,
    "CH2_C2H3_C2H2_CH3_cm3_7_53": 1.0556128422384702e-10,
    "CH_C_C2_H_cm3_7_9": 8.55243045404069e-11,
    "CH2_CH3_C2H2_H_H2_cm3_7_62": 9.403334556351387e-12,
    "C_CH3_C2_H2_H_cm3_7_8": 1.1299677963300228e-10,
    "stick_C2H2_9_11": 848.7478751620865,
    "CH_CH4_CH2_CH3_cm3_7_39": 1.120637391556749e-11
  },
  "target_densities": {
    "H": 10781339451840.49,
    "CH": 4095942925.068445,
    "C2": 22537954494.51636
  },
  "all_densities": {
    "e": 2180131662.109191,
    "Ar": 1.0260006290377222e+16,
    "CH4": 1810589345360686.2,
    "ArPlus": 321983618.4098816,
    "CH4Plus": 863463031.2948622,
    "CH3Plus": 191768464.5864873,
    "CH5Plus": 1193206887.1465106,
    "ArHPlus": 215438544.12061256,
    "CH3Minus": 54169.81774604336,
    "H": 10781339451840.49,
    "C2": 22537954494.51636,
    "CH": 4095942925.068445,
    "H2": 32027161042839.71,
    "ArStar": 1661668231.819034,
    "C2H4": 246647339918.5748,
    "C2H6": 2181470239014.2734,
    "CH2": 475903507446.61224,
    "C2H2": 890641390187.1235,
    "C2H5": 200322510964.8089,
    "CH3": 14019238057799.688,
    "C": 11483972781.342909,
    "H3Plus": 116830.73890283948,
    "C2H3": 2972957335.8816085,
    "C3H2": 364652270.602219,
    "CHPlus": 187.31381562447768,
    "C3H": 187455546.14624012,
    "C4H2": 47099.53995038252,
    "C2H": 313341645.9339948,
    "C3H3": 575423.0199203948,
    "C3H4": 54706479.02329315,
    "C3": 171805442.25129408,
    "C3H5": 82050957.1518255,
    "C4H": 73608.88431930891,
    "C3H6": 853347199.8694427,
    "CH2Plus": 147075.5543230074,
    "C2H5Plus": 558922912.1244308,
    "C2H4Plus": 31168.42895358922,
    "C2H3Plus": 20778.952635726153,
    "HMinus": 794803477.4713279,
    "C2HPlus": 73688.51833201082,
    "H2Plus": 6144399.9444591515,
    "C2H2Star": 24381681.124593742
  }
}