{
  "pressure_mTorr": 500.0,
  "n_total": 1.2070595635737908e+16,
  "Te": 1.3681855408894004,
  "Ne": 2054790116.8847332,
  "E_field": 47.19023678682217,
  "n_i_total": 3807332098.4301624,
  "Ni_over_Ne": 1.8529055922278124,
  "charge_imbalance_pct": 85.29055922278124,
  "rate_values": {
    "loss_C2_11_3": 705.4463109066107,
    "e_CH4_CH3_HMinus_cm3_8_1": 5.147646402966312e-14,
    "loss_C2H2Star_11_25": 8542.290490172112,
    "e_CH4Plus_CH2_H2_cm3_6_9": 1.4489306680445102e-06,
    "e_CH_CHPlus_2e_cm3_2_10": 1.3764877747791358e-11,
    "loss_C3H4_11_18": 1287.8486481411637,
    "e_CH4Plus_CH_H2_H_cm3_6_11": 1.2112042894291843e-07,
    "e_CH4Plus_C_2H2_cm3_6_13": 3.93572534782822e-08,
    "loss_C4H2_11_11": 537.5550072698521,
    "loss_C3H6_11_16": 954.5620871487697,
    "ArStar_CH4_CH3_H_cm3_3_1": 2.804222483917257e-10,
    "stick_ArStar_9_5": 189.4485287761809,
    "loss_C4H_11_15": 957.6532057818698,
    "loss_C3H_11_10": 987.6820880220787,
    "loss_C3_11_14": 954.0777362455672,
    "loss_C3H3_11_13": 323.712541085189,
    "loss_C2H_11_12": 796.9699227419161,
    "loss_CH_11_9": 4910.390519454422,
    "e_CH4Plus_CH3_H_cm3_6_4": 6.732483649256193e-07,
    "e_CH4_CH_H2_H_vib_cm3_1_3": 3.520626872881614e-11,
    "stick_H_9_1": 242.97472692380904,
    "stick_C_9_10": 1711.2614819027124,
    "stick_C2_9_9": 5982.006648407691,
    "stick_CH_9_3": 2293.6136149729955,
    "loss_CH2_11_1": 1588.8958214771003,
    "C2_H_CH_C_cm3_7_6": 9.14290761741084e-11,
    "CH_CH_C2_H2_cm3_5_4": 1.3267212326878953e-10,
    "CH_CH4_C2H4_H_cm3_7_20": 5.096897884161841e-11,
    "C2HPlus_e_C2_H_cm3_6_18": 2.0033013200780223e-07,
    "CH2_H_CH_H2_cm3_7_1": 1.8743191152460914e-11,
    "loss_C2H2_11_19": 1674.545683016819,
    "C_H_CH_cm3_7_12": 9.783933596435115e-11,
    "e_CH4_CH3_H_cm3_1_1": 6.052024311287639e-11,
    "CH_CH3_C2H4_cm3_7_5": 9.064479131961127e-11,
    "CH2_CH2_C2H2_H2_cm3_7_15": 9.397340474558445e-11,
    "e_CH4_CH2_H2_cm3_1_2": 5.856894958283556e-11,
    "CH3_CH3_C2H2_H2_H2_cm3_7_49": 1.1536351819563295e-11,
    "CH3_C2H5_C2H2_CH3_H2_cm3_7_61": 8.955847385753295e-12,
    "C2H_H_C2_H2_cm3_7_47": 1.0974546071163185e-10,
    "CH_H_C_H2_cm3_7_3": 1.1092128916674019e-10,
    "C_CH_C2_H_cm3_7_4": 1.1166304648988545e-10,
    "e_C2H2_C2_H2_cm3_1_16": 1.1114825668574514e-10,
    "C2H2_C_C2_CH2_cm3_7_19": 8.680835455350253e-11,
    "C2H2_H_C2_H2_H_cm3_7_50": 1.1571851404909289e-11,
    "CH2_C2H3_C2H2_CH3_cm3_7_53": 9.621863849767466e-11,
    "CH_C_C2_H_cm3_7_9": 8.499110827559456e-11,
    "CH2_CH3_C2H2_H_H2_cm3_7_62": 1.0521641725181068e-11,
    "C_CH3_C2_H2_H_cm3_7_8": 9.539168904830503e-11,
    "stick_C2H2_9_11": 776.1465466310119,
    "CH_CH4_CH2_CH3_cm3_7_39": 1.0390191482566813e-11
  },
  "target_densities": {
    "H": 10611858503468.469,
    "CH": 3748677510.1434627,
    "C2": 15632721465.776958
  },
  "all_densities": {
    "e": 2054790116.8847332,
    "Ar": 1.0260006290377222e+16,
    "CH4": 1810589345360686.2,
    "ArPlus": 312261114.8559364,
    "CH4Plus": 991013191.780778,
    "CH3Plus": 189445316.11936203,
    "CH5Plus": 1414256020.9371755,
    "ArHPlus": 214881877.15461907,
    "CH3Minus": 67928.08300484932,
    "H": 10611858503468.469,
    "C2": 15632721465.776958,
    "CH": 3748677510.1434627,
    "H2": 31680361167658.176,
    "ArStar": 1605237321.6940005,
    "C2H4": 216202949526.27444,
    "C2H6": 2080491861773.4993,
    "CH2": 638103400154.6157,
    "C2H2": 920834575720.4596,
    "C2H5": 265779705207.23264,
    "CH3": 13691375838238.281,
    "C": 21475372475.59943,
    "H3Plus": 475663.9015466681,
    "C2H3": 2645435368.389597,
    "C3H2": 345061833.9029423,
    "CHPlus": 200.08428176413537,
    "C3H": 154236998.1095226,
    "C4H2": 32345.005535145665,
    "C2H": 273113440.6904471,
    "C3H3": 630158.5461841561,
    "C3H4": 35129070.78286178,
    "C3": 161932397.7841007,
    "C3H5": 99632240.35629123,
    "C4H": 58592.78680967917,
    "C3H6": 620674362.5509254,
    "CH2Plus": 232897.69225349388,
    "C2H5Plus": 660110278.0174277,
    "C2H4Plus": 30782.89143942898,
    "C2H3Plus": 20521.92762628599,
    "HMinus": 160065724.4599327,
    "C2HPlus": 85721.80939319685,
    "H2Plus": 24518511.25832261,
    "C2H2Star": 10382400.5733827
  }
}