{
  "pressure_mTorr": 500.0,
  "n_total": 1.2070595635737908e+16,
  "Te": 1.4309445433135675,
  "Ne": 2339459164.096423,
  "E_field": 134.4032370809579,
  "n_i_total": 1563017897.5148711,
  "Ni_over_Ne": 0.6681107845362031,
  "charge_imbalance_pct": 33.18892154637969,
  "rate_values": {
    "loss_C2_11_3": 1588.3388175889681,
    "e_CH4_CH3_HMinus_cm3_8_1": 5.930962549880854e-13,
    "loss_C2H2Star_11_25": 3694.840353357483,
    "e_CH4Plus_CH2_H2_cm3_6_9": 1.4821575213610257e-06,
    "e_CH_CHPlus_2e_cm3_2_10": 1.7128274542793044e-11,
    "loss_C3H4_11_18": 1328.25851834085,
    "e_CH4Plus_CH_H2_H_cm3_6_11": 3.7416103814425576e-07,
    "e_CH4Plus_C_2H2_cm3_6_13": 5.4596520024981816e-08,
    "loss_C4H2_11_11": 351.24878870081335,
    "loss_C3H6_11_16": 405.433349112937,
    "ArStar_CH4_CH3_H_cm3_3_1": 4.120869851556007e-10,
    "stick_ArStar_9_5": 604.5817928320575,
    "loss_C4H_11_15": 214.73611333511144,
    "loss_C3H_11_10": 595.81188705212,
    "loss_C3_11_14": 737.9119975927482,
    "loss_C3H3_11_13": 169.6889017017008,
    "loss_C2H_11_12": 935.1988285404497,
    "loss_CH_11_9": 1576.3891012784015,
    "e_CH4Plus_CH3_H_cm3_6_4": 8.055310320749646e-07,
    "e_CH4_CH_H2_H_vib_cm3_1_3": 2.3014867097850902e-11,
    "stick_H_9_1": 402.95716939865974,
    "stick_C_9_10": 1614.79385849571,
    "stick_C2_9_9": 5627.714752198107,
    "stick_CH_9_3": 1549.9311857604948,
    "loss_CH2_11_1": 5604.8295006042545,
    "C2_H_CH_C_cm3_7_6": 1.190479200771771e-10,
    "CH_CH_C2_H2_cm3_5_4": 1.3113074850647404e-10,
    "CH_CH4_C2H4_H_cm3_7_20": 7.349625307531047e-11,
    "C2HPlus_e_C2_H_cm3_6_18": 2.03412958403986e-07,
    "CH2_H_CH_H2_cm3_7_1": 1.930851874057552e-11,
    "loss_C2H2_11_19": 1448.2866898959517,
    "C_H_CH_cm3_7_12": 9.171672492760881e-11,
    "e_CH4_CH3_H_cm3_1_1": 7.633966993991794e-11,
    "CH_CH3_C2H4_cm3_7_5": 1.1297575893498907e-10,
    "CH2_CH2_C2H2_H2_cm3_7_15": 1.178191720287929e-10,
    "e_CH4_CH2_H2_cm3_1_2": 4.091175329507464e-11,
    "CH3_CH3_C2H2_H2_H2_cm3_7_49": 1.1776616697496887e-11,
    "CH3_C2H5_C2H2_CH3_H2_cm3_7_61": 9.110095371184236e-12,
    "C2H_H_C2_H2_cm3_7_47": 8.364474359879531e-11,
    "CH_H_C_H2_cm3_7_3": 1.192558784028449e-10,
    "C_CH_C2_H_cm3_7_4": 9.562919351071307e-11,
    "e_C2H2_C2_H2_cm3_1_16": 6.674267163651976e-11,
    "C2H2_C_C2_CH2_cm3_7_19": 1.021546770956709e-10,
    "C2H2_H_C2_H2_H_cm3_7_50": 1.0199873684145318e-11,
    "CH2_C2H3_C2H2_CH3_cm3_7_53": 9.028969915988809e-11,
    "CH_C_C2_H_cm3_7_9": 8.029534778595439e-11,
    "CH2_CH3_C2H2_H_H2_cm3_7_62": 9.424147751651384e-12,
    "C_CH3_C2_H2_H_cm3_7_8": 1.0168047024485385e-10,
    "stick_C2H2_9_11": 976.7784805011158,
    "CH_CH4_CH2_CH3_cm3_7_39": 9.492264182367706e-12
  },
  "target_densities": {
    "H": 10457984581059.791,
    "CH": 2598007736.7955933,
    "C2": 11792907608.610657
  },
  "all_densities": {
    "e": 2339459164.096423,
    "Ar": 1.0260006290377222e+16,
    "CH4": 1810589345360686.2,
    "ArPlus": 297707230.18978477,
    "CH4Plus": 354078925.6831031,
    "CH3Plus": 153352199.95253855,
    "CH5Plus": 390925591.55994415,
    "ArHPlus": 161357325.72872233,
    "CH3Minus": 28753.221490596756,
    "H": 10457984581059.791,
    "C2": 11792907608.610657,
    "CH": 2598007736.7955933,
    "H2": 31147511012964.25,
    "ArStar": 1660128766.9303472,
    "C2H4": 195340243401.77856,
    "C2H6": 2064628250844.4177,
    "CH2": 354192033708.61383,
    "C2H2": 907017554588.2609,
    "C2H5": 147237005296.7933,
    "CH3": 13638928090752.152,
    "C": 13604440913.908087,
    "H3Plus": 257031.91856642286,
    "C2H3": 1875703608.6685069,
    "C3H2": 235582657.866193,
    "CHPlus": 69.44900374372189,
    "C3H": 127646106.04071411,
    "C4H2": 20710.433844241852,
    "C2H": 286225776.9954696,
    "C3H3": 343250.72777670476,
    "C3H4": 21652018.44813956,
    "C3": 121620814.07881297,
    "C3H5": 38252287.890368275,
    "C4H": 41785.38114948566,
    "C3H6": 550587616.4659207,
    "CH2Plus": 36741.88907633359,
    "C2H5Plus": 187777580.91821995,
    "C2H4Plus": 11124.422140469622,
    "C2H3Plus": 7416.281426979748,
    "HMinus": 618423602.1555915,
    "C2HPlus": 33977.04679324673,
    "H2Plus": 17472682.475551434,
    "C2H2Star": 24451924.150625452
  }
}