{
  "pressure_mTorr": 500.0,
  "n_total": 1.2070595635737908e+16,
  "Te": 1.1491762223995736,
  "Ne": 2496607660.5795493,
  "E_field": 37.8270200213089,
  "n_i_total": 5384469027.842514,
  "Ni_over_Ne": 2.1567141336867452,
  "charge_imbalance_pct": 115.67141336867451,
  "rate_values": {
    "loss_C2_11_3": 1297.7771139147533,
    "e_CH4_CH3_HMinus_cm3_8_1": 5.283414239547302e-13,
    "loss_C2H2Star_11_25": 9391.291045484442,
    "e_CH4Plus_CH2_H2_cm3_6_9": 2.745689105037435e-06,
    "e_CH_CHPlus_2e_cm3_2_10": 2.571429506039952e-12,
    "loss_C3H4_11_18": 1362.3566603202994,
    "e_CH4Plus_CH_H2_H_cm3_6_11": 1.74203120274703e-07,
    "e_CH4Plus_C_2H2_cm3_6_13": 4.4680416605570536e-08,
    "loss_C4H2_11_11": 373.58397120735424,
    "loss_C3H6_11_16": 199.42601206542668,
    "ArStar_CH4_CH3_H_cm3_3_1": 3.930297229901919e-10,
    "stick_ArStar_9_5": 552.7339697745529,
    "loss_C4H_11_15": 751.8820648932289,
    "loss_C3H_11_10": 470.3287525115677,
    "loss_C3_11_14": 651.4404661086552,
    "loss_C3H3_11_13": 473.532833925903,
    "loss_C2H_11_12": 351.1234424635315,
    "loss_CH_11_9": 6922.018007358152,
    "e_CH4Plus_CH3_H_cm3_6_4": 2.565458601673558e-07,
    "e_CH4_CH_H2_H_vib_cm3_1_3": 5.222260546118175e-11,
    "stick_H_9_1": 182.79378002202864,
    "stick_C_9_10": 2310.3731343829554,
    "stick_C2_9_9": 1436.9229312326397,
    "stick_CH_9_3": 4756.520774486988,
    "loss_CH2_11_1": 2408.0297536358166,
    "C2_H_CH_C_cm3_7_6": 1.0990532610998846e-10,
    "CH_CH_C2_H2_cm3_5_4": 1.3709343933934246e-10,
    "CH_CH4_C2H4_H_cm3_7_20": 7.457561034581128e-11,
    "C2HPlus_e_C2_H_cm3_6_18": 2.88903834987142e-07,
    "CH2_H_CH_H2_cm3_7_1": 1.4438526450147482e-11,
    "loss_C2H2_11_19": 1025.0312195226616,
    "C_H_CH_cm3_7_12": 1.1429382606440407e-10,
    "e_CH4_CH3_H_cm3_1_1": 8.628888061786855e-11,
    "CH_CH3_C2H4_cm3_7_5": 1.0462747294261579e-10,
    "CH2_CH2_C2H2_H2_cm3_7_15": 8.867787833103958e-11,
    "e_CH4_CH2_H2_cm3_1_2": 5.538860665003014e-11,
    "CH3_CH3_C2H2_H2_H2_cm3_7_49": 1.1569789155216322e-11,
    "CH3_C2H5_C2H2_CH3_H2_cm3_7_61": 1.0914027345986839e-11,
    "C2H_H_C2_H2_cm3_7_47": 8.078052810232638e-11,
    "CH_H_C_H2_cm3_7_3": 1.0422753613756784e-10,
    "C_CH_C2_H_cm3_7_4": 1.1511614404886976e-10,
    "e_C2H2_C2_H2_cm3_1_16": 1.0493588942833869e-10,
    "C2H2_C_C2_CH2_cm3_7_19": 9.317228322467471e-11,
    "C2H2_H_C2_H2_H_cm3_7_50": 1.0206249465289535e-11,
    "CH2_C2H3_C2H2_CH3_cm3_7_53": 1.14352800591297e-10,
    "CH_C_C2_H_cm3_7_9": 1.0245421485004195e-10,
    "CH2_CH3_C2H2_H_H2_cm3_7_62": 9.187962729352802e-12,
    "C_CH3_C2_H2_H_cm3_7_8": 8.36633685390113e-11,
    "stick_C2H2_9_11": 639.588789398352,
    "CH_CH4_CH2_CH3_cm3_7_39": 1.1633334299237338e-11
  },
  "target_densities": {
    "H": 10835065525866.428,
    "CH": 3614875062.787275,
    "C2": 41245097632.007774
  },
  "all_densities": {
    "e": 2496607660.5795493,
    "Ar": 1.0260006290377222e+16,
    "CH4": 1810589345360686.2,
    "ArPlus": 365594041.11080366,
    "CH4Plus": 1431331448.194124,
    "CH3Plus": 227623914.7128866,
    "CH5Plus": 2107874754.7596064,
    "ArHPlus": 259052549.29429713,
    "CH3Minus": 83978.28979185746,
    "H": 10835065525866.428,
    "C2": 41245097632.007774,
    "CH": 3614875062.787275,
    "H2": 32497580098432.22,
    "ArStar": 1794927892.466446,
    "C2H4": 284767712854.69525,
    "C2H6": 2190108151980.8857,
    "CH2": 600783645199.5553,
    "C2H2": 1393227732191.6824,
    "C2H5": 253713682770.77246,
    "CH3": 14046167841471.416,
    "C": 24283824150.343086,
    "H3Plus": 81116.59873752284,
    "C2H3": 2595085434.4447002,
    "C3H2": 503452426.82603467,
    "CHPlus": 54.46453758859074,
    "C3H": 292693249.9966493,
    "C4H2": 65167.527471476955,
    "C2H": 496556997.5331987,
    "C3H3": 544283.777954411,
    "C3H4": 43345523.65966408,
    "C3": 280552351.27003384,
    "C3H5": 91714326.49359868,
    "C4H": 90910.33157990924,
    "C3H6": 1011012263.7255406,
    "CH2Plus": 328682.2650655737,
    "C2H5Plus": 988337062.8889481,
    "C2H4Plus": 61415.78681941382,
    "C2H3Plus": 40943.85787960921,
    "HMinus": 560844221.1680659,
    "C2HPlus": 195953.09699074127,
    "H2Plus": 3947090.8118182463,
    "C2H2Star": 15976993.823044425
  }
}