{
  "pressure_mTorr": 500.0,
  "n_total": 1.2070595635737908e+16,
  "Te": 1.0311441022209669,
  "Ne": 2756534338.0264215,
  "E_field": 58.22736808165919,
  "n_i_total": 2134950434.9507575,
  "Ni_over_Ne": 0.7745052929321767,
  "charge_imbalance_pct": 22.549470706782326,
  "rate_values": {
    "loss_C2_11_3": 1992.9702825400677,
    "e_CH4_CH3_HMinus_cm3_8_1": 8.562811602798524e-13,
    "loss_C2H2Star_11_25": 3857.9433323834705,
    "e_CH4Plus_CH2_H2_cm3_6_9": 1.37937150366376e-06,
    "e_CH_CHPlus_2e_cm3_2_10": 4.195926435963764e-12,
    "loss_C3H4_11_18": 1099.1086178493983,
    "e_CH4Plus_CH_H2_H_cm3_6_11": 1.8529771301067168e-07,
    "e_CH4Plus_C_2H2_cm3_6_13": 8.691850164966702e-08,
    "loss_C4H2_11_11": 165.46132296790154,
    "loss_C3H6_11_16": 484.56674811945834,
    "ArStar_CH4_CH3_H_cm3_3_1": 1.1372749053285291e-10,
    "stick_ArStar_9_5": 377.33420053934327,
    "loss_C4H_11_15": 613.0309636138293,
    "loss_C3H_11_10": 798.7157376314331,
    "loss_C3_11_14": 425.5684222379961,
    "loss_C3H3_11_13": 952.4547683406586,
    "loss_C2H_11_12": 860.8224819563774,
    "loss_CH_11_9": 9449.79633953095,
    "e_CH4Plus_CH3_H_cm3_6_4": 3.176101293420532e-07,
    "e_CH4_CH_H2_H_vib_cm3_1_3": 9.310018854504627e-11,
    "stick_H_9_1": 130.9876687335752,
    "stick_C_9_10": 3890.2047348107444,
    "stick_C2_9_9": 2534.6862705159792,
    "stick_CH_9_3": 3371.801938589236,
    "loss_CH2_11_1": 3118.4271138041595,
    "C2_H_CH_C_cm3_7_6": 1.137849977895132e-10,
    "CH_CH_C2_H2_cm3_5_4": 1.3229994015077397e-10,
    "CH_CH4_C2H4_H_cm3_7_20": 5.959987160971183e-11,
    "C2HPlus_e_C2_H_cm3_6_18": 2.032329336217082e-07,
    "CH2_H_CH_H2_cm3_7_1": 1.0680068427469265e-11,
    "loss_C2H2_11_19": 1468.6850053617156,
    "C_H_CH_cm3_7_12": 1.1884130447339808e-10,
    "e_CH4_CH3_H_cm3_1_1": 1.1194770025340438e-10,
    "CH_CH3_C2H4_cm3_7_5": 1.0709110602054791e-10,
    "CH2_CH2_C2H2_H2_cm3_7_15": 1.1223036727686714e-10,
    "e_CH4_CH2_H2_cm3_1_2": 4.5398293459899596e-11,
    "CH3_CH3_C2H2_H2_H2_cm3_7_49": 9.975024307166403e-12,
    "CH3_C2H5_C2H2_CH3_H2_cm3_7_61": 1.1000651026849163e-11,
    "C2H_H_C2_H2_cm3_7_47": 1.1049406475573327e-10,
    "CH_H_C_H2_cm3_7_3": 8.971115756425228e-11,
    "C_CH_C2_H_cm3_7_4": 1.0401062792453939e-10,
    "e_C2H2_C2_H2_cm3_1_16": 7.71452967534858e-11,
    "C2H2_C_C2_CH2_cm3_7_19": 1.1829125302675198e-10,
    "C2H2_H_C2_H2_H_cm3_7_50": 9.909070251009093e-12,
    "CH2_C2H3_C2H2_CH3_cm3_7_53": 9.579859022552378e-11,
    "CH_C_C2_H_cm3_7_9": 8.313093231844936e-11,
    "CH2_CH3_C2H2_H_H2_cm3_7_62": 9.775078420800145e-12,
    "C_CH3_C2_H2_H_cm3_7_8": 8.379586612120863e-11,
    "stick_C2H2_9_11": 507.0416284295061,
    "CH_CH4_CH2_CH3_cm3_7_39": 8.704490657342931e-12
  },
  "target_densities": {
    "H": 10758211642151.365,
    "CH": 4497885315.991812,
    "C2": 19457072758.58611
  },
  "all_densities": {
    "e": 2756534338.0264215,
    "Ar": 1.0260006290377222e+16,
    "CH4": 1810589345360686.2,
    "ArPlus": 217961827.00936672,
    "CH4Plus": 537613264.7302651,
    "CH3Plus": 123404934.69210169,
    "CH5Plus": 761865934.0460355,
    "ArHPlus": 145093392.03430092,
    "CH3Minus": 51412.67089418747,
    "H": 10758211642151.365,
    "C2": 19457072758.58611,
    "CH": 4497885315.991812,
    "H2": 31925541160370.57,
    "ArStar": 1182394253.0959575,
    "C2H4": 283197955922.8251,
    "C2H6": 2147650158713.2747,
    "CH2": 503616116701.3098,
    "C2H2": 1003824012992.0867,
    "C2H5": 210674644153.6984,
    "CH3": 13909126163749.291,
    "C": 13325533104.705215,
    "H3Plus": 11250.270048352651,
    "C2H3": 3234062185.865461,
    "C3H2": 451305536.7330383,
    "CHPlus": 79.67883388427813,
    "C3H": 220337753.59921116,
    "C4H2": 70016.3212085865,
    "C2H": 237754062.74700153,
    "C3H3": 660464.906063338,
    "C3H4": 59646927.75651031,
    "C3": 279911974.30891657,
    "C3H5": 94759038.83907203,
    "C4H": 108957.96078234694,
    "C3H6": 973552057.6412339,
    "CH2Plus": 97039.2423595414,
    "C2H5Plus": 348223021.65315557,
    "C2H4Plus": 20370.069353007424,
    "C2H3Plus": 13580.04623533828,
    "HMinus": 909902082.667608,
    "C2HPlus": 48607.74503605027,
    "H2Plus": 597133.7336652144,
    "C2H2Star": 18459302.92628137
  }
}