{
  "pressure_mTorr": 500.0,
  "n_total": 1.2070595635737908e+16,
  "Te": 0.666244845040455,
  "Ne": 102360053.863025,
  "E_field": 230.319279914457,
  "n_i_total": 17876.531884941545,
  "Ni_over_Ne": 0.00017464363499518432,
  "charge_imbalance_pct": 99.98253563650049,
  "rate_values": {
    "CH_CH_C2_H2_cm3_5_4": 1.1485793500107327e-10,
    "e_C2H2_C2_H2_cm3_1_16": 8.400883240703556e-11,
    "C2HPlus_e_C2_H_cm3_6_18": 2.1453326060467395e-07,
    "C_CH_C2_H_cm3_7_4": 1.1280366057338643e-10,
    "CH_C_C2_H_cm3_7_9": 1.8487078408240605e-10,
    "C2H_H_C2_H2_cm3_7_47": 7.91052928016367e-11,
    "C2H2_H_C2_H2_H_cm3_7_50": 1.629924919594394e-11,
    "C2_H_CH_C_cm3_7_6": 1.3571405419790763e-11,
    "stick_C2_9_9": 4525.663532363571,
    "loss_C2_11_3": 761.1015683723741,
    "stick_C2H2_9_11": 303.00768638765567,
    "loss_C2H2_11_19": 1917.1136271740556,
    "CH3_CH3_C2H2_H2_H2_cm3_7_49": 1.9342159832976726e-11,
    "C_CH3_C2_H2_H_cm3_7_8": 9.92534813964064e-11,
    "CH3_CH_C2H2_H2_cm3_7_16": 1.8907828959343746e-10,
    "loss_CH_11_9": 3970.785592098543,
    "stick_CH_9_3": 4419.710929809868,
    "stick_CH3_9_2": 965.6176349499138,
    "e_CH4Plus_CH3_H_cm3_6_4": 1.3614324257781302e-06,
    "stick_ArStar_9_5": 1013.2833477233398
  },
  "target_densities": {
    "H": 198969389042153.28,
    "CH": 182853.66337992047,
    "C2": 1403.7003646280618
  },
  "all_densities": {
    "e": 102360053.863025,
    "Ar": 1.0260006290377222e+16,
    "CH4": 1810589345360686.2,
    "ArPlus": 6435.931388838186,
    "CH4Plus": 4357.344281517299,
    "CH3Plus": 3038.9605126657816,
    "CH5Plus": 3920.530137437472,
    "ArHPlus": 2967.1361704015776,
    "CH3Minus": 0.026939289902362197,
    "H": 198969389042153.28,
    "C2": 1403.7003646280618,
    "CH": 182853.66337992047,
    "H2": 1114280560.0845573,
    "ArStar": 58403.08220331071,
    "C2H4": 30816514.441302784,
    "C2H6": 23049.549860190073,
    "CH2": 3701128.2553551802,
    "C2H2": 3456.969136981758,
    "C2H5": 126.66203767574021,
    "CH3": 983900670.7221226,
    "C": 585296.7328203648,
    "H3Plus": -2639.957975670683,
    "C2H3": 55.21266371661097,
    "C3H2": 0.0003160597065478807,
    "CHPlus": -1097.082261939492,
    "C3H": 4.3594445718416036e-05,
    "C4H2": -0.7249778778718775,
    "C2H": 7.2142184536751e-06,
    "C3H3": -0.2201998639617302,
    "C3H4": 0.42747612510425387,
    "C3": 7.899744681437096e-05,
    "C3H5": 1.1580308800087303e-05,
    "C4H": -0.724969730589666,
    "C3H6": 0.0005023112959774913,
    "CH2Plus": 4.439880781437251e-06,
    "C2H5Plus": 2171.90797667746,
    "C2H4Plus": 6.336368535387278e-05,
    "C2H3Plus": 4.224245690258186e-05,
    "HMinus": 766122.9450405664,
    "C2HPlus": -1278.238502915017,
    "H2Plus": 4.7882947478781115e-05,
    "C2H2Star": 4.037953053629074e-05
  }
}