{
  "pressure_mTorr": 500.0,
  "n_total": 1.2070595635737908e+16,
  "Te": 1.3841300451898986,
  "Ne": 144503159.52923724,
  "E_field": 203.26350021584923,
  "n_i_total": 1018965072.0687919,
  "Ni_over_Ne": 7.051507215401926,
  "charge_imbalance_pct": 605.1507215401924,
  "rate_values": {
    "CH_CH_C2_H2_cm3_5_4": 1.1136771289667649e-10,
    "e_C2H2_C2_H2_cm3_1_16": 7.86642243083761e-11,
    "C2HPlus_e_C2_H_cm3_6_18": 2.331721252123837e-07,
    "C_CH_C2_H_cm3_7_4": 1.0237016454912966e-10,
    "CH_C_C2_H_cm3_7_9": 1.532334915746056e-10,
    "C2H_H_C2_H2_cm3_7_47": 1.948353696083863e-10,
    "C2H2_H_C2_H2_H_cm3_7_50": 1.4122031582678945e-11,
    "C2_H_CH_C_cm3_7_6": 3.6287073658322355e-11,
    "stick_C2_9_9": 6724.541011287438,
    "loss_C2_11_3": 1778.7871127255373,
    "stick_C2H2_9_11": 927.1062763233801,
    "loss_C2H2_11_19": 1149.7415941617746,
    "CH3_CH3_C2H2_H2_H2_cm3_7_49": 2.731870293025831e-11,
    "C_CH3_C2_H2_H_cm3_7_8": 1.6122348695411925e-10,
    "CH3_CH_C2H2_H2_cm3_7_16": 2.0683852091505858e-10,
    "loss_CH_11_9": 4342.874560903065,
    "stick_CH_9_3": 2704.1667993131564,
    "stick_CH3_9_2": 1624.6479432739807,
    "e_CH4Plus_CH3_H_cm3_6_4": 8.480961558028169e-07,
    "stick_ArStar_9_5": 1527.6516322424895
  },
  "target_densities": {
    "H": 203499805769879.53,
    "CH": 1962146098.764366,
    "C2": 619174846.4698733
  },
  "all_densities": {
    "e": 144503159.52923724,
    "Ar": 1.0260006290377222e+16,
    "CH4": 1810589345360686.2,
    "ArPlus": 299245295.1803855,
    "CH4Plus": 166822251.79230466,
    "CH3Plus": 120388270.81807123,
    "CH5Plus": 194803655.28404203,
    "ArHPlus": 140174578.54039806,
    "CH3Minus": 73.51012860360915,
    "H": 203499805769879.53,
    "C2": 619174846.4698733,
    "CH": 1962146098.764366,
    "H2": 695624106578.8798,
    "ArStar": 917641295.5506781,
    "C2H4": 330804402114.3401,
    "C2H6": 12976205883.502157,
    "CH2": 42029149821.34697,
    "C2H2": 3410022628.520985,
    "C2H5": 1074081310.2588542,
    "CH3": 737365820608.7566,
    "C": 6729874284.754694,
    "H3Plus": 3.1684219475143727,
    "C2H3": 391286441.42983407,
    "C3H2": 3342202.353970268,
    "CHPlus": 14.118656112446303,
    "C3H": 461383.2617850699,
    "C4H2": 62.43457704460366,
    "C2H": 18085.17828491729,
    "C3H3": 52949.04583109934,
    "C3H4": 49241049.915103726,
    "C3": 629019.6976660988,
    "C3H5": 1053752.2263400648,
    "C4H": 452.2682282844029,
    "C3H6": 3392234.9256145745,
    "CH2Plus": 2263.1732042798376,
    "C2H5Plus": 97508078.27726647,
    "C2H4Plus": 5563.295787592571,
    "C2H3Plus": 3708.8638583950474,
    "HMinus": 1465906094.6737251,
    "C2HPlus": 48.47762453261896,
    "H2Plus": 11341.07877102815,
    "C2H2Star": 625835.516538625
  }
}