{
  "pressure_mTorr": 500.0,
  "n_total": 1.2070595635737908e+16,
  "Te": 0.9869261723649443,
  "Ne": 878348304.8061075,
  "E_field": 62.033501557153016,
  "n_i_total": 309289013.3969313,
  "Ni_over_Ne": 0.3521257019619407,
  "charge_imbalance_pct": 64.78742980380594,
  "rate_values": {
    "CH_CH_C2_H2_cm3_5_4": 5.4217276501972706e-11,
    "e_C2H2_C2_H2_cm3_1_16": 8.909988637058522e-11,
    "C2HPlus_e_C2_H_cm3_6_18": 1.943713144791619e-07,
    "C_CH_C2_H_cm3_7_4": 1.2714346380202282e-10,
    "CH_C_C2_H_cm3_7_9": 1.8342074640958275e-10,
    "C2H_H_C2_H2_cm3_7_47": 1.883060387637371e-10,
    "C2H2_H_C2_H2_H_cm3_7_50": 1.58505007104778e-11,
    "C2_H_CH_C_cm3_7_6": 4.73471345143567e-12,
    "stick_C2_9_9": 5797.542040475169,
    "loss_C2_11_3": 555.7547431994096,
    "stick_C2H2_9_11": 1506.2202978648104,
    "loss_C2H2_11_19": 1543.8020229347185,
    "CH3_CH3_C2H2_H2_H2_cm3_7_49": 2.3245556796435008e-11,
    "C_CH3_C2_H2_H_cm3_7_8": 2.0121993389584328e-10,
    "CH3_CH_C2H2_H2_cm3_7_16": 2.2941095412012638e-10,
    "loss_CH_11_9": 4701.4537504414975,
    "stick_CH_9_3": 2561.4699342844606,
    "stick_CH3_9_2": 1001.0185435081901,
    "e_CH4Plus_CH3_H_cm3_6_4": 6.703623735266429e-07,
    "stick_ArStar_9_5": 1393.2521858150358
  },
  "target_densities": {
    "H": 199800419512805.56,
    "CH": 406353696.17992544,
    "C2": 79534204.80601206
  },
  "all_densities": {
    "e": 878348304.8061075,
    "Ar": 1.0260006290377222e+16,
    "CH4": 1810589345360686.2,
    "ArPlus": 34214177.8313141,
    "CH4Plus": 70336473.88215716,
    "CH3Plus": 20839040.16753902,
    "CH5Plus": 105643206.02735986,
    "ArHPlus": 22997229.816701014,
    "CH3Minus": 236.67605988610552,
    "H": 199800419512805.56,
    "C2": 79534204.80601206,
    "CH": 406353696.17992544,
    "H2": 138533630864.52777,
    "ArStar": 166329781.21007034,
    "C2H4": 68528461103.52482,
    "C2H6": 1038477421.95299,
    "CH2": 8724759536.803108,
    "C2H2": 182828169.72106734,
    "C2H5": 63178706.54826414,
    "CH3": 208382748173.1812,
    "C": 1356960794.973389,
    "H3Plus": 0.03457610373771839,
    "C2H3": 23953177.34166253,
    "C3H2": 37138.90550022217,
    "CHPlus": 2.2169371156727764,
    "C3H": 5123.504867367323,
    "C4H2": 0.1435831131207276,
    "C2H": 233.7384426011047,
    "C3H3": 671.2732515888144,
    "C3H4": 2112515.3661540356,
    "C3": 9581.444049881022,
    "C3H5": 12836.450462876996,
    "C4H": 1.0407952773856717,
    "C3H6": 54539.243845864075,
    "CH2Plus": 266.46936843288563,
    "C2H5Plus": 55256665.18963824,
    "C2H4Plus": 914.7459011955247,
    "C2H3Plus": 609.8306007970164,
    "HMinus": 293846283.6829318,
    "C2HPlus": 1.5802549269449107,
    "H2Plus": 425.6045832964854,
    "C2H2Star": 6081.953893748548
  }
}