{
  "pressure_mTorr": 500.0,
  "n_total": 1.2070595635737908e+16,
  "Te": 1.2361441561468123,
  "Ne": 116261689.16673473,
  "E_field": 132.5747109977479,
  "n_i_total": 342553781.57176185,
  "Ni_over_Ne": 2.946402929691604,
  "charge_imbalance_pct": 194.64029296916044,
  "rate_values": {
    "CH_CH_C2_H2_cm3_5_4": 1.0491810369788685e-10,
    "e_C2H2_C2_H2_cm3_1_16": 6.656132436181355e-11,
    "C2HPlus_e_C2_H_cm3_6_18": 1.7596263432594648e-07,
    "C_CH_C2_H_cm3_7_4": 1.0694417600835498e-10,
    "CH_C_C2_H_cm3_7_9": 6.330421141021943e-11,
    "C2H_H_C2_H2_cm3_7_47": 8.359511236186608e-11,
    "C2H2_H_C2_H2_H_cm3_7_50": 1.9675955694208442e-11,
    "C2_H_CH_C_cm3_7_6": 4.686315134188655e-11,
    "stick_C2_9_9": 6217.68195133878,
    "loss_C2_11_3": 1384.2026160631008,
    "stick_C2H2_9_11": 1148.7244989450453,
    "loss_C2H2_11_19": 654.1556876286747,
    "CH3_CH3_C2H2_H2_H2_cm3_7_49": 4.931337662302111e-11,
    "C_CH3_C2_H2_H_cm3_7_8": 5.1157369660071137e-11,
    "CH3_CH_C2H2_H2_cm3_7_16": 1.177936827985083e-10,
    "loss_CH_11_9": 1378.1004531600602,
    "stick_CH_9_3": 2009.44020373167,
    "stick_CH3_9_2": 257.21109988336605,
    "e_CH4Plus_CH3_H_cm3_6_4": 7.259288930496602e-07,
    "stick_ArStar_9_5": 897.1449252621311
  },
  "target_densities": {
    "H": 200202429651392.16,
    "CH": 685085854.4666028,
    "C2": 822383156.2093071
  },
  "all_densities": {
    "e": 116261689.16673473,
    "Ar": 1.0260006290377222e+16,
    "CH4": 1810589345360686.2,
    "ArPlus": 73046935.40219153,
    "CH4Plus": 64624800.008807406,
    "CH3Plus": 35059933.646567814,
    "CH5Plus": 86028196.87389623,
    "ArHPlus": 40256345.018091746,
    "CH3Minus": 63.61829923522192,
    "H": 200202429651392.16,
    "C2": 822383156.2093071,
    "CH": 685085854.4666028,
    "H2": 255567367082.50742,
    "ArStar": 258174140.31527948,
    "C2H4": 115524065333.26009,
    "C2H6": 9670012449.29384,
    "CH2": 13719142250.281464,
    "C2H2": 3544528770.61124,
    "C2H5": 303209036.4855299,
    "CH3": 637213905774.5598,
    "C": 2517268014.9034963,
    "H3Plus": 0.15570167636486354,
    "C2H3": 117439736.91819634,
    "C3H2": 1213737.5035504703,
    "CHPlus": 2.2868018854019576,
    "C3H": 167461.50317163227,
    "C4H2": 7.912103930386168,
    "C2H": 15493.897376730338,
    "C3H3": 5548.7105182714195,
    "C3H4": 6004020.22836699,
    "C3": 245180.18317495505,
    "C3H5": 103862.1109213423,
    "C4H": 57.34582032538175,
    "C3H6": 820697.6188791521,
    "CH2Plus": 329.852492956635,
    "C2H5Plus": 43534416.61668351,
    "C2H4Plus": 913.3246873402844,
    "C2H3Plus": 608.8831248935229,
    "HMinus": 417884894.9317119,
    "C2HPlus": 21.888669286495936,
    "H2Plus": 1277.6140455167015,
    "C2H2Star": 183021.13363506625
  }
}