{
  "pressure_mTorr": 500.0,
  "n_total": 1.2070595635737908e+16,
  "Te": 0.8890756210479761,
  "Ne": 368857623.4462885,
  "E_field": 18.651100648936307,
  "n_i_total": 93468944.77705514,
  "Ni_over_Ne": 0.2534011467724638,
  "charge_imbalance_pct": 74.65988532275361,
  "rate_values": {
    "CH_CH_C2_H2_cm3_5_4": 1.7498959716040183e-10,
    "e_C2H2_C2_H2_cm3_1_16": 9.802276404667388e-11,
    "C2HPlus_e_C2_H_cm3_6_18": 2.0648646718311551e-07,
    "C_CH_C2_H_cm3_7_4": 1.1162294597372036e-10,
    "CH_C_C2_H_cm3_7_9": 1.5197248964723148e-10,
    "C2H_H_C2_H2_cm3_7_47": 1.689737331279357e-10,
    "C2H2_H_C2_H2_H_cm3_7_50": 1.9046571711379375e-11,
    "C2_H_CH_C_cm3_7_6": 3.358019541198376e-12,
    "stick_C2_9_9": 5524.513928419204,
    "loss_C2_11_3": 700.1941115995492,
    "stick_C2H2_9_11": 1701.6742627431604,
    "loss_C2H2_11_19": 803.1468286708412,
    "CH3_CH3_C2H2_H2_H2_cm3_7_49": 4.9605997434210336e-11,
    "C_CH3_C2_H2_H_cm3_7_8": 7.913193782413371e-11,
    "CH3_CH_C2H2_H2_cm3_7_16": 2.1989364233857022e-10,
    "loss_CH_11_9": 3082.902626730189,
    "stick_CH_9_3": 1972.9577075593768,
    "stick_CH3_9_2": 1290.4836018416008,
    "e_CH4Plus_CH3_H_cm3_6_4": 6.468794880450539e-07,
    "stick_ArStar_9_5": 708.0124345814352
  },
  "target_densities": {
    "H": 199066333958363.03,
    "CH": 49627755.28186214,
    "C2": 2045439.1552166496
  },
  "all_densities": {
    "e": 368857623.4462885,
    "Ar": 1.0260006290377222e+16,
    "CH4": 1810589345360686.2,
    "ArPlus": 3471951.3700730386,
    "CH4Plus": 24022605.713181127,
    "CH3Plus": 2427509.837477572,
    "CH5Plus": 39463382.66210703,
    "ArHPlus": 2685427.4258768517,
    "CH3Minus": 36.838261536087394,
    "H": 199066333958363.03,
    "C2": 2045439.1552166496,
    "CH": 49627755.28186214,
    "H2": 17516621539.896885,
    "ArStar": 18394062.072766036,
    "C2H4": 8371509189.353581,
    "C2H6": 10872666.93341011,
    "CH2": 1074274678.2528913,
    "C2H2": 3712727.9724780433,
    "C2H5": 789525.4949118814,
    "CH3": 21131462514.45866,
    "C": 166470214.55768773,
    "H3Plus": 0.00015024690674104554,
    "C2H3": 311511.60366818245,
    "C3H2": 92.12489164734325,
    "CHPlus": 0.10774578805561123,
    "C3H": 12.707153421983737,
    "C4H2": 4.349155174864041e-05,
    "C2H": 0.6831717200643863,
    "C3H3": 1.066180802365861,
    "C3H4": 31517.595195035145,
    "C3": 26.708652615470758,
    "C3H5": 19.59118902513897,
    "C4H": 0.0003153070053822356,
    "C3H6": 70.89332964388807,
    "CH2Plus": 12.712011664001936,
    "C2H5Plus": 21397965.834579233,
    "C2H4Plus": 45.926277721588185,
    "C2H3Plus": 30.617518481058784,
    "HMinus": 37865327.44649993,
    "C2HPlus": 0.01173382788007812,
    "H2Plus": 12.558322549293752,
    "C2H2Star": 13.658429757011186
  }
}