{
  "pressure_mTorr": 500.0,
  "n_total": 1.2070595635737908e+16,
  "Te": 1.809736324477112,
  "Ne": 1016671059.2502698,
  "E_field": 150.04568583402863,
  "n_i_total": 124658692305.56693,
  "Ni_over_Ne": 122.61457742044391,
  "charge_imbalance_pct": 12161.457742044391,
  "rate_values": {
    "CH_CH_C2_H2_cm3_5_4": 7.129067820627105e-11,
    "e_C2H2_C2_H2_cm3_1_16": 4.772708861050696e-11,
    "C2HPlus_e_C2_H_cm3_6_18": 1.1856618587890142e-07,
    "C_CH_C2_H_cm3_7_4": 1.740570284046304e-10,
    "CH_C_C2_H_cm3_7_9": 7.733708941365689e-11,
    "C2H_H_C2_H2_cm3_7_47": 1.5601598275687356e-10,
    "C2H2_H_C2_H2_H_cm3_7_50": 7.561221449670937e-12,
    "C2_H_CH_C_cm3_7_6": 3.208975880750584e-11,
    "stick_C2_9_9": 4628.544840353522,
    "loss_C2_11_3": 781.3816872734493,
    "stick_C2H2_9_11": 966.7835081555282,
    "loss_C2H2_11_19": 483.39610971299624,
    "CH3_CH3_C2H2_H2_H2_cm3_7_49": 4.1751501708571254e-11,
    "C_CH3_C2_H2_H_cm3_7_8": 2.1211884843738927e-10,
    "CH3_CH_C2H2_H2_cm3_7_16": 2.331470209810664e-10,
    "loss_CH_11_9": 1656.4151437993942,
    "stick_CH_9_3": 3339.5072860880427,
    "stick_CH3_9_2": 1409.3941371768115,
    "e_CH4Plus_CH3_H_cm3_6_4": 8.319772274579625e-07,
    "stick_ArStar_9_5": 1095.783119353327
  },
  "target_densities": {
    "H": 416821503650219.44,
    "CH": 235600012069.498,
    "C2": 1025074691866.7802
  },
  "all_densities": {
    "e": 1016671059.2502698,
    "Ar": 1.0260006290377222e+16,
    "CH4": 1810589345360686.2,
    "ArPlus": 31064029262.906,
    "CH4Plus": 19733984464.101532,
    "CH3Plus": 12731377830.644156,
    "CH5Plus": 29607974941.795666,
    "ArHPlus": 16694466750.815735,
    "CH3Minus": 22378.41972313704,
    "H": 416821503650219.44,
    "C2": 1025074691866.7802,
    "CH": 235600012069.498,
    "H2": 123103350173948.06,
    "ArStar": 50554743455.0443,
    "C2H4": 36442827882961.945,
    "C2H6": 9665757378684.143,
    "CH2": 2691533363740.3687,
    "C2H2": 5827072293501.856,
    "C2H5": 1721543999712.2754,
    "CH3": 20858831865979.008,
    "C": 857605866081.3137,
    "H3Plus": 14488625.264647473,
    "C2H3": 596312078913.5131,
    "C3H2": 614089414594.3477,
    "CHPlus": 112546.62647753896,
    "C3H": 93166094462.01082,
    "C4H2": 1513788481.359844,
    "C2H": 2145133089.9146473,
    "C3H3": 9689043654.428352,
    "C3H4": 651346466067.5668,
    "C3": 127991277395.22589,
    "C3H5": 202797893555.19196,
    "C4H": 9977894723.46064,
    "C3H6": 342874535983.93066,
    "CH2Plus": 20763189.724853884,
    "C2H5Plus": 14456089368.295769,
    "C2H4Plus": 39763627.93233557,
    "C2H3Plus": 26509085.288223717,
    "HMinus": 37934777281.75441,
    "C2HPlus": 6258046.818927432,
    "H2Plus": 262874565.352588,
    "C2H2Star": 58917228978.39657
  }
}