{
  "pressure_mTorr": 500.0,
  "n_total": 1.2070595635737908e+16,
  "Te": 1.2479357251018137,
  "Ne": 380001984.83082247,
  "E_field": 412.6310792042015,
  "rate_values": {
    "loss_C2_11_3": 1681.8613878338656,
    "e_CH4_CH3_HMinus_cm3_8_1": 7.196823403627907e-13,
    "loss_C2H2Star_11_25": 9019.143155569314,
    "e_CH4Plus_CH2_H2_cm3_6_9": 2.197543339093612e-06,
    "loss_C3H4_11_18": 854.9491407459358,
    "e_CH4Plus_CH_H2_H_cm3_6_11": 9.95942069132642e-07,
    "loss_C4H2_11_11": 677.4667708857899,
    "ArStar_CH4_CH3_H_cm3_3_1": 4.866586149541157e-10,
    "loss_C4H_11_15": 579.7061192635143,
    "loss_C3H6_11_16": 181.5064734931109,
    "stick_H_9_1": 3296.701206340002,
    "loss_C3H_11_10": 117.00733325777588,
    "loss_CH_11_9": 8473.508144481662,
    "loss_C2H_11_12": 882.3466359016973,
    "stick_ArStar_9_5": 484.30036753647147,
    "loss_C3H3_11_13": 781.8279637074181,
    "loss_C3_11_14": 833.3681081638822,
    "e_CH4Plus_C_2H2_cm3_6_13": 7.214884981724355e-08,
    "e_CH4Plus_CH3_H_cm3_6_4": 7.462936721193434e-07,
    "e_CH4_CH_H2_H_vib_cm3_1_3": 7.94848828318744e-11,
    "stick_C_9_10": 5163.306856945357,
    "stick_CH_9_3": 2996.1712021921726,
    "stick_C2_9_9": 5474.535979502041,
    "loss_CH2_11_1": 4675.7265086538055,
    "stick_CH3_9_2": 5641.336683101621,
    "e_Ar_ArStar_cm3_1_7": 1.2439228543134198e-10,
    "stick_C3H6_9_25": 1232.191282867337,
    "stick_H2_9_16": 865.7393849465491,
    "stick_C3_9_23": 1137.439050451653,
    "stick_C2H6_9_14": 654.8745351529324,
    "stick_C3H3_9_21": 1980.2690216637943,
    "stick_C3H4_9_22": 1169.7669828102946,
    "stick_C4H2_9_20": 1167.3783247851902,
    "stick_C4H_9_24": 1347.5091005186114,
    "stick_C2H2_9_11": 1675.584436177029,
    "loss_C_11_8": 738.6768293829143,
    "stick_C2H5_9_17": 1911.836237063383,
    "stick_C3H_9_19": 1611.479624834508,
    "stick_C2H4_9_12": 1147.6203690634093,
    "e_CH4_CH3Plus_H_cm3_2_1": 1.8190421307451813e-11
  },
  "target_densities": {
    "H": 22386738424921.617,
    "CH": 7463823679.928628,
    "C2": 75196972839.97345
  },
  "all_densities": {
    "e": 380001984.83082247,
    "Ar": 1.0260006290377222e+16,
    "CH4": 1810589345360686.2,
    "ArPlus": 28232419.044068918,
    "CH4Plus": 13095917.881899508,
    "CH3Plus": 8908301.96238506,
    "CH5Plus": 7453978.797223794,
    "ArHPlus": 9343383.643415622,
    "CH3Minus": 2588.5624759954503,
    "H": 22386738424921.617,
    "C2": 75196972839.97345,
    "CH": 7463823679.928628,
    "H2": 92280894657084.4,
    "ArStar": 175463339.2979627,
    "C2H4": 149002131801.55264,
    "C2H6": 6540591206433.086,
    "CH2": 1265568345665.1794,
    "C2H2": 2979536778963.5483,
    "C2H5": 1029533504313.0803,
    "CH3": 27497035041525.91,
    "C": 45671064175.047844,
    "H3Plus": 13233.62191760204,
    "C2H3": 30503406976.79529,
    "C3H2": 2222215094.440263,
    "CHPlus": -458.97895615040454,
    "C3H": 1286046055.5385215,
    "C4H2": 520304.9852440907,
    "C2H": 732408276.2619747,
    "C3H3": 8242724.7311631525,
    "C3H4": 60420233.20887177,
    "C3": 1185364633.825526,
    "C3H5": 768425654.8771871,
    "C4H": 860631.5202125252,
    "C3H6": 5576275277.255576,
    "CH2Plus": 2484.0538623828115,
    "C2H5Plus": 3566979.041514159,
    "C2H4Plus": 449.1093366765503,
    "C2H3Plus": 299.40622445103355,
    "HMinus": 130244396.68833324,
    "C2HPlus": 5920.2853085436645,
    "H2Plus": 528079.7897689006,
    "C2H2Star": 3477932.1967533794
  }
}