{
  "pressure_mTorr": 500.0,
  "n_total": 1.2070595635737908e+16,
  "Te": 5.286218189104579,
  "Ne": 677247015.7045379,
  "E_field": 250.3221576654105,
  "rate_values": {
    "loss_C2_11_3": 966.3963298814261,
    "e_CH4_CH3_HMinus_cm3_8_1": 1.7885802248973275e-13,
    "loss_C2H2Star_11_25": 9154.99595837528,
    "e_CH4Plus_CH2_H2_cm3_6_9": 2.319896997099237e-06,
    "loss_C3H4_11_18": 1339.9916295513276,
    "e_CH4Plus_CH_H2_H_cm3_6_11": 1.0359070584512764e-06,
    "loss_C4H2_11_11": 411.9937166640684,
    "ArStar_CH4_CH3_H_cm3_3_1": 3.2958643497743357e-10,
    "loss_C4H_11_15": 803.2617145615856,
    "loss_C3H6_11_16": 469.80512327156623,
    "stick_H_9_1": 3593.9702954623253,
    "loss_C3H_11_10": 596.0056690888559,
    "loss_CH_11_9": 5528.413810094903,
    "loss_C2H_11_12": 950.9269658555968,
    "stick_ArStar_9_5": 347.9810211262858,
    "loss_C3H3_11_13": 960.3012279518155,
    "loss_C3_11_14": 703.6200196181813,
    "e_CH4Plus_C_2H2_cm3_6_13": 9.914662148001063e-08,
    "e_CH4Plus_CH3_H_cm3_6_4": 6.936829463890528e-07,
    "e_CH4_CH_H2_H_vib_cm3_1_3": 5.169994740224761e-11,
    "stick_C_9_10": 4194.965687787961,
    "stick_CH_9_3": 6091.155574182371,
    "stick_C2_9_9": 4303.51837427251,
    "loss_CH2_11_1": 5102.137902819295,
    "stick_CH3_9_2": 5721.551273729758,
    "e_Ar_ArStar_cm3_1_7": 4.477220731655727e-11,
    "stick_C3H6_9_25": 1837.6691279519227,
    "stick_H2_9_16": 856.1702939392242,
    "stick_C3_9_23": 1028.7513471573016,
    "stick_C2H6_9_14": 1281.2274086608886,
    "stick_C3H3_9_21": 1206.590224378632,
    "stick_C3H4_9_22": 584.7948141289511,
    "stick_C4H2_9_20": 1313.7345480553026,
    "stick_C4H_9_24": 1395.6162608274064,
    "stick_C2H2_9_11": 1529.8031654084348,
    "loss_C_11_8": 1817.7784616747201,
    "stick_C2H5_9_17": 519.6778060063259,
    "stick_C3H_9_19": 1275.9741656143751,
    "stick_C2H4_9_12": 1091.3838426485977,
    "e_CH4_CH3Plus_H_cm3_2_1": 3.6079668085823597e-11
  },
  "target_densities": {
    "H": 22178813921723.902,
    "CH": 8508519496.790467,
    "C2": 101469370584.95187
  },
  "all_densities": {
    "e": 677247015.7045379,
    "Ar": 1.0260006290377222e+16,
    "CH4": 1810589345360686.2,
    "ArPlus": 41886840.42729019,
    "CH4Plus": 30944248.28533937,
    "CH3Plus": 19473742.8602376,
    "CH5Plus": 663603742.8338151,
    "ArHPlus": 17770455.226656172,
    "CH3Minus": 13185.472959523733,
    "H": 22178813921723.902,
    "C2": 101469370584.95187,
    "CH": 8508519496.790467,
    "H2": 63108437827687.86,
    "ArStar": 125898598.46428229,
    "C2H4": 158820571468.20752,
    "C2H6": 4101125379765.3623,
    "CH2": 1195897195035.2795,
    "C2H2": 3135001634389.6187,
    "C2H5": 2008438810525.016,
    "CH3": 27099482266272.234,
    "C": 48528156921.66265,
    "H3Plus": 625575163.903609,
    "C2H3": 33554749386.464375,
    "C3H2": 2665154600.879051,
    "CHPlus": -278.6357071502041,
    "C3H": 1424273038.602638,
    "C4H2": 702222.6595839055,
    "C2H": 10952198919.832994,
    "C3H3": 13175613.344987787,
    "C3H4": 77227306.25997823,
    "C3": 1639425085.709875,
    "C3H5": 1708884077.7462757,
    "C4H": 1031276.8665359268,
    "C3H6": 3447082382.003672,
    "CH2Plus": 8458.364482037576,
    "C2H5Plus": 12859249.759238834,
    "C2H4Plus": 1406.2865884047415,
    "C2H3Plus": 937.5243922698277,
    "HMinus": 64985506.22654443,
    "C2HPlus": 18286.864643670062,
    "H2Plus": 27471630347.68066,
    "C2H2Star": 2586733.934656587
  }
}