{
  "pressure_mTorr": 500.0,
  "n_total": 1.2070595635737908e+16,
  "Te": 2.3041143715121715,
  "Ne": 290555163.5353055,
  "E_field": 304.34273166950277,
  "rate_values": {
    "loss_C2_11_3": 1516.949373503192,
    "e_CH4_CH3_HMinus_cm3_8_1": 8.141395589176065e-13,
    "loss_C2H2Star_11_25": 5135.612368209475,
    "e_CH4Plus_CH2_H2_cm3_6_9": 9.94824958057292e-07,
    "loss_C3H4_11_18": 1477.211517804066,
    "e_CH4Plus_CH_H2_H_cm3_6_11": 9.115396722856652e-07,
    "loss_C4H2_11_11": 340.13025226965874,
    "ArStar_CH4_CH3_H_cm3_3_1": 3.308680625103881e-10,
    "loss_C4H_11_15": 853.4241122678886,
    "loss_C3H6_11_16": 929.5510110064694,
    "stick_H_9_1": 3830.4775409822123,
    "loss_C3H_11_10": 851.3154379796695,
    "loss_CH_11_9": 2014.8330412316523,
    "loss_C2H_11_12": 420.1446900600687,
    "stick_ArStar_9_5": 517.3458503720409,
    "loss_C3H3_11_13": 248.67002073852137,
    "loss_C3_11_14": 663.4963571510547,
    "e_CH4Plus_C_2H2_cm3_6_13": 1.294641872422347e-08,
    "e_CH4Plus_CH3_H_cm3_6_4": 3.823616004696478e-07,
    "e_CH4_CH_H2_H_vib_cm3_1_3": 9.471458448494857e-11,
    "stick_C_9_10": 2041.503491588209,
    "stick_CH_9_3": 1751.2274320937047,
    "stick_C2_9_9": 5953.868495058998,
    "loss_CH2_11_1": 6032.089748812907,
    "stick_CH3_9_2": 4990.663041887477,
    "e_Ar_ArStar_cm3_1_7": 8.661884629525418e-11,
    "stick_C3H6_9_25": 1054.2944882537736,
    "stick_H2_9_16": 804.3004635683321,
    "stick_C3_9_23": 1372.739153903408,
    "stick_C2H6_9_14": 1564.6438516013977,
    "stick_C3H3_9_21": 673.168778950788,
    "stick_C3H4_9_22": 759.893045802713,
    "stick_C4H2_9_20": 931.6807828464359,
    "stick_C4H_9_24": 1249.3079481533237,
    "stick_C2H2_9_11": 930.1090168309693,
    "loss_C_11_8": 898.7196591911227,
    "stick_C2H5_9_17": 1373.7152586500858,
    "stick_C3H_9_19": 1487.4074057512678,
    "stick_C2H4_9_12": 1468.979165833957,
    "e_CH4_CH3Plus_H_cm3_2_1": 3.36274605375158e-11
  },
  "target_densities": {
    "H": 21570242578235.22,
    "CH": 8569687623.131271,
    "C2": 102076455839.65764
  },
  "all_densities": {
    "e": 290555163.5353055,
    "Ar": 1.0260006290377222e+16,
    "CH4": 1810589345360686.2,
    "ArPlus": 21372008.695863962,
    "CH4Plus": 12903858.22656803,
    "CH3Plus": 8797136.120850615,
    "CH5Plus": 14697309.588622646,
    "ArHPlus": 8340465.839981601,
    "CH3Minus": 4880.6518461438445,
    "H": 21570242578235.22,
    "C2": 102076455839.65764,
    "CH": 8569687623.131271,
    "H2": 91297153366492.02,
    "ArStar": 104035230.4914646,
    "C2H4": 139702885835.10886,
    "C2H6": 3908561141560.184,
    "CH2": 1169313326227.2375,
    "C2H2": 4299445198005.7495,
    "C2H5": 1223197835765.2444,
    "CH3": 28418425017760.72,
    "C": 62146927683.993195,
    "H3Plus": 6228122.439868613,
    "C2H3": 30573586328.951714,
    "C3H2": 3681335440.4920073,
    "CHPlus": -338.65856937766785,
    "C3H": 1574851266.1517653,
    "C4H2": 1061162.628029992,
    "C2H": 2110770504.1187952,
    "C3H3": 28422115.064614095,
    "C3H4": 58867659.66358373,
    "C3": 1895381392.3095467,
    "C3H5": 1048242335.3798373,
    "C4H": 1500328.803407282,
    "C3H6": 3251691685.791839,
    "CH2Plus": 3072.9230677114506,
    "C2H5Plus": 4766595.228585513,
    "C2H4Plus": 436.52277310797996,
    "C2H3Plus": 291.01518207198666,
    "HMinus": 103442795.71372941,
    "C2HPlus": 8852.847597277982,
    "H2Plus": 210144403.139573,
    "C2H2Star": 5225788.943053316
  }
}