{
  "pressure_mTorr": 500.0,
  "n_total": 1.2070595635737908e+16,
  "Te": 4.340006665651207,
  "Ne": 356605436.82653475,
  "E_field": 485.6229155834325,
  "rate_values": {
    "loss_C2_11_3": 623.1288804488277,
    "e_CH4_CH3_HMinus_cm3_8_1": 3.60464494190721e-13,
    "loss_C2H2Star_11_25": 5783.248471394675,
    "e_CH4Plus_CH2_H2_cm3_6_9": 2.6576355964365906e-06,
    "loss_C3H4_11_18": 604.9109610041253,
    "e_CH4Plus_CH_H2_H_cm3_6_11": 1.1702755078198002e-06,
    "loss_C4H2_11_11": 898.5983010949772,
    "ArStar_CH4_CH3_H_cm3_3_1": 2.4416060942116355e-10,
    "loss_C4H_11_15": 215.04674814721875,
    "loss_C3H6_11_16": 640.6474746336526,
    "stick_H_9_1": 3123.4030831957493,
    "loss_C3H_11_10": 850.6500164456323,
    "loss_CH_11_9": 8022.120268642242,
    "loss_C2H_11_12": 787.1075974565848,
    "stick_ArStar_9_5": 561.0707389818617,
    "loss_C3H3_11_13": 843.7768186863834,
    "loss_C3_11_14": 217.35314958087793,
    "e_CH4Plus_C_2H2_cm3_6_13": 2.8715546450720023e-08,
    "e_CH4Plus_CH3_H_cm3_6_4": 4.82244557999177e-07,
    "e_CH4_CH_H2_H_vib_cm3_1_3": 3.2034181982178596e-11,
    "stick_C_9_10": 3634.6033544775405,
    "stick_CH_9_3": 5482.980988496567,
    "stick_C2_9_9": 4962.845573328259,
    "loss_CH2_11_1": 3606.3020458382243,
    "stick_CH3_9_2": 5394.653067295765,
    "e_Ar_ArStar_cm3_1_7": 7.794987449393347e-11,
    "stick_C3H6_9_25": 727.8149628307975,
    "stick_H2_9_16": 978.4508742858669,
    "stick_C3_9_23": 1921.0045127308654,
    "stick_C2H6_9_14": 911.5594728665752,
    "stick_C3H3_9_21": 1545.4357084409046,
    "stick_C3H4_9_22": 1179.6799800008898,
    "stick_C4H2_9_20": 1137.5543524921086,
    "stick_C4H_9_24": 1894.8117498286906,
    "stick_C2H2_9_11": 965.9647301658035,
    "loss_C_11_8": 1987.1115750017739,
    "stick_C2H5_9_17": 1604.4407390556628,
    "stick_C3H_9_19": 1106.53690419341,
    "stick_C2H4_9_12": 1264.9561007538005,
    "e_CH4_CH3Plus_H_cm3_2_1": 1.9984683342715704e-11
  },
  "target_densities": {
    "H": 22696022938684.062,
    "CH": 9275335760.204405,
    "C2": 134447859191.43524
  },
  "all_densities": {
    "e": 356605436.82653475,
    "Ar": 1.0260006290377222e+16,
    "CH4": 1810589345360686.2,
    "ArPlus": 21670384.824916225,
    "CH4Plus": 9047154.009156177,
    "CH3Plus": 6497232.215837386,
    "CH5Plus": 53948007.30869251,
    "ArHPlus": 6446465.86877409,
    "CH3Minus": 3753.0785571059478,
    "H": 22696022938684.062,
    "C2": 134447859191.43524,
    "CH": 9275335760.204405,
    "H2": 81607136071699.88,
    "ArStar": 122786294.05092454,
    "C2H4": 183772563492.3507,
    "C2H6": 5696144168768.236,
    "CH2": 1472052394254.8887,
    "C2H2": 4312936631768.936,
    "C2H5": 1395081482134.1597,
    "CH3": 28397920547223.69,
    "C": 62914647810.16924,
    "H3Plus": 93796091.26676886,
    "C2H3": 38159401453.055374,
    "C3H2": 3996686476.314586,
    "CHPlus": -540.0809966238035,
    "C3H": 2042982486.8525407,
    "C4H2": 930644.7865974915,
    "C2H": 6254863803.206262,
    "C3H3": 14814138.837246427,
    "C3H4": 105066511.87188052,
    "C3": 1987414649.7401426,
    "C3H5": 1293984915.9637935,
    "C4H": 1757018.7304811988,
    "C3H6": 6910196461.767697,
    "CH2Plus": 1790.5848091508708,
    "C2H5Plus": 2212914.0664758976,
    "C2H4Plus": 441.67967492443677,
    "C2H3Plus": 294.45311661629125,
    "HMinus": 68684453.15336221,
    "C2HPlus": 6834.518411393622,
    "H2Plus": 4694549551.279146,
    "C2H2Star": 5494173.47130176
  }
}