{
  "pressure_mTorr": 500.0,
  "n_total": 1.2070595635737908e+16,
  "Te": 4.8747853982878455,
  "Ne": 776015211.1786265,
  "E_field": 422.17461901759657,
  "rate_values": {
    "loss_C2_11_3": 1715.9929642856237,
    "e_CH4_CH3_HMinus_cm3_8_1": 6.395019871429421e-14,
    "loss_C2H2Star_11_25": 2504.818774037034,
    "e_CH4Plus_CH2_H2_cm3_6_9": 6.653124212461679e-07,
    "loss_C3H4_11_18": 657.1301779649334,
    "e_CH4Plus_CH_H2_H_cm3_6_11": 8.828984509008222e-07,
    "loss_C4H2_11_11": 452.78570827025527,
    "ArStar_CH4_CH3_H_cm3_3_1": 3.803373227113935e-10,
    "loss_C4H_11_15": 534.367830354198,
    "loss_C3H6_11_16": 571.1737947619936,
    "stick_H_9_1": 3311.1217073901994,
    "loss_C3H_11_10": 172.88413381323596,
    "loss_CH_11_9": 6810.446808860634,
    "loss_C2H_11_12": 232.87809685419205,
    "stick_ArStar_9_5": 268.5806944259459,
    "loss_C3H3_11_13": 208.0536733274384,
    "loss_C3_11_14": 516.3355129314688,
    "e_CH4Plus_C_2H2_cm3_6_13": 9.42366557042586e-08,
    "e_CH4Plus_CH3_H_cm3_6_4": 7.709115099805873e-07,
    "e_CH4_CH_H2_H_vib_cm3_1_3": 9.192384918048016e-11,
    "stick_C_9_10": 3417.996392221413,
    "stick_CH_9_3": 5285.493578813733,
    "stick_C2_9_9": 5112.047138764735,
    "loss_CH2_11_1": 5666.372262022292,
    "stick_CH3_9_2": 2889.9020801053603,
    "e_Ar_ArStar_cm3_1_7": 1.5178921036274323e-10,
    "stick_C3H6_9_25": 1024.0771536734374,
    "stick_H2_9_16": 326.2258430441558,
    "stick_C3_9_23": 1390.2198904999989,
    "stick_C2H6_9_14": 1422.838716697789,
    "stick_C3H3_9_21": 725.5197870770696,
    "stick_C3H4_9_22": 1881.2416289100802,
    "stick_C4H2_9_20": 539.6537056534977,
    "stick_C4H_9_24": 555.427547899385,
    "stick_C2H2_9_11": 906.4471571905995,
    "loss_C_11_8": 1577.1693254872175,
    "stick_C2H5_9_17": 1289.690374802495,
    "stick_C3H_9_19": 1615.0933349228808,
    "stick_C2H4_9_12": 1077.4657243530482,
    "e_CH4_CH3Plus_H_cm3_2_1": 1.7535728431179405e-11
  },
  "target_densities": {
    "H": 22548904759976.855,
    "CH": 13135492533.91937,
    "C2": 202263231366.7307
  },
  "all_densities": {
    "e": 776015211.1786265,
    "Ar": 1.0260006290377222e+16,
    "CH4": 1810589345360686.2,
    "ArPlus": 65858261.76792957,
    "CH4Plus": 29463375.798370723,
    "CH3Plus": 20576614.351479504,
    "CH5Plus": 261232959.32801488,
    "ArHPlus": 21500812.00655157,
    "CH3Minus": 12071.701601616187,
    "H": 22548904759976.855,
    "C2": 202263231366.7307,
    "CH": 13135492533.91937,
    "H2": 81889265571606.55,
    "ArStar": 469559364.2440204,
    "C2H4": 279944881692.8705,
    "C2H6": 6893092097813.312,
    "CH2": 1736102044486.413,
    "C2H2": 7331761959177.325,
    "C2H5": 2351249509044.5107,
    "CH3": 36500275386160.68,
    "C": 77971695536.86226,
    "H3Plus": 403157961.15961754,
    "C2H3": 61192526987.56187,
    "C3H2": 9617996735.09427,
    "CHPlus": -469.5828879872677,
    "C3H": 5382372319.929261,
    "C4H2": 7123871.788171124,
    "C2H": 33037567855.66481,
    "C3H3": 86098632.3484927,
    "C3H4": 159351568.70119515,
    "C3": 5330029152.226984,
    "C3H5": 3088482037.143576,
    "C4H": 11592738.125532266,
    "C3H6": 11250709403.512695,
    "CH2Plus": 7693.065980390319,
    "C2H5Plus": 8062714.325713385,
    "C2H4Plus": 1684.1397981206019,
    "C2H3Plus": 1122.7598654137348,
    "HMinus": 101697589.20789644,
    "C2HPlus": 29077.958560622144,
    "H2Plus": 18373957067.713154,
    "C2H2Star": 82465786.02869171
  }
}