{
  "pressure_mTorr": 500.0,
  "n_total": 1.2070595635737908e+16,
  "Te": 5.99343578089142,
  "Ne": 113594926.8504076,
  "E_field": 343.4723200241831,
  "rate_values": {
    "loss_C2_11_3": 1883.3527223953408,
    "e_CH4_CH3_HMinus_cm3_8_1": 7.632889278674251e-13,
    "loss_C2H2Star_11_25": 2639.902600714183,
    "e_CH4Plus_CH2_H2_cm3_6_9": 2.349498028927283e-06,
    "loss_C3H4_11_18": 1312.5283905956917,
    "e_CH4Plus_CH_H2_H_cm3_6_11": 7.367719972151505e-07,
    "loss_C4H2_11_11": 471.45686887684883,
    "ArStar_CH4_CH3_H_cm3_3_1": 4.181321597883939e-10,
    "loss_C4H_11_15": 793.3464994104777,
    "loss_C3H6_11_16": 195.6619259955409,
    "stick_H_9_1": 3810.926301861025,
    "loss_C3H_11_10": 743.291050288658,
    "loss_CH_11_9": 2305.0448323563005,
    "loss_C2H_11_12": 469.81740761646483,
    "stick_ArStar_9_5": 386.76915266585877,
    "loss_C3H3_11_13": 988.4043017578505,
    "loss_C3_11_14": 304.99184291393476,
    "e_CH4Plus_C_2H2_cm3_6_13": 6.59948495813571e-08,
    "e_CH4Plus_CH3_H_cm3_6_4": 3.318495036939604e-07,
    "e_CH4_CH_H2_H_vib_cm3_1_3": 5.848571320959791e-11,
    "stick_C_9_10": 5482.175620077721,
    "stick_CH_9_3": 4587.06390532673,
    "stick_C2_9_9": 5348.962955478262,
    "loss_CH2_11_1": 5520.969704017761,
    "stick_CH3_9_2": 4775.449409448545,
    "e_Ar_ArStar_cm3_1_7": 1.7513317506452135e-10,
    "stick_C3H6_9_25": 758.4333234826336,
    "stick_H2_9_16": 711.2604388850228,
    "stick_C3_9_23": 813.7055055404137,
    "stick_C2H6_9_14": 1018.9163795255694,
    "stick_C3H3_9_21": 1775.4238305331937,
    "stick_C3H4_9_22": 999.0913862236653,
    "stick_C4H2_9_20": 1246.8414948699196,
    "stick_C4H_9_24": 1452.2956276310006,
    "stick_C2H2_9_11": 1756.3104073931881,
    "loss_C_11_8": 812.0637734930847,
    "stick_C2H5_9_17": 1272.6571031306562,
    "stick_C3H_9_19": 965.3965646021218,
    "stick_C2H4_9_12": 1046.646206287208,
    "e_CH4_CH3Plus_H_cm3_2_1": 3.6207806347005767e-11
  },
  "target_densities": {
    "H": 21658406148555.582,
    "CH": 6764214915.448044,
    "C2": 79956519049.35391
  },
  "all_densities": {
    "e": 113594926.8504076,
    "Ar": 1.0260006290377222e+16,
    "CH4": 1810589345360686.2,
    "ArPlus": 11140781.232284995,
    "CH4Plus": 5837652.514349737,
    "CH3Plus": 4304494.836110364,
    "CH5Plus": 135083044.11057547,
    "ArHPlus": 4100627.64201926,
    "CH3Minus": 1731.9863959352608,
    "H": 21658406148555.582,
    "C2": 79956519049.35391,
    "CH": 6764214915.448044,
    "H2": 85072368352596.95,
    "ArStar": 77358860.20429729,
    "C2H4": 145257002571.84915,
    "C2H6": 5568305677740.685,
    "CH2": 1255977277600.5886,
    "C2H2": 3259602893502.063,
    "C2H5": 1410168421776.4104,
    "CH3": 29108005860626.85,
    "C": 42607683243.55025,
    "H3Plus": 175802007.88101625,
    "C2H3": 29057305118.82234,
    "C3H2": 2203375040.834872,
    "CHPlus": -382.1358883641318,
    "C3H": 1289874716.0568404,
    "C4H2": 507769.1964034729,
    "C2H": 3535129329.522442,
    "C3H3": 7111507.925948169,
    "C3H4": 46755290.49132266,
    "C3": 2067613792.0684493,
    "C3H5": 953868227.1873825,
    "C4H": 663690.0036773266,
    "C3H6": 7131588360.371142,
    "CH2Plus": 1431.04944902674,
    "C2H5Plus": 2071110.1132016755,
    "C2H4Plus": 157.233849859757,
    "C2H3Plus": 104.82256657317134,
    "HMinus": 44629681.46737624,
    "C2HPlus": 2325.4904874972526,
    "H2Plus": 6810874846.615617,
    "C2H2Star": 5731101.544997867
  }
}