{
  "pressure_mTorr": 500.0,
  "n_total": 1.2070595635737908e+16,
  "Te": 1.2174600271634084,
  "Ne": 361723351.04831123,
  "E_field": 43.75788759009788,
  "rate_values": {
    "loss_C2_11_3": 206.3300856103367,
    "e_CH4_CH3_HMinus_cm3_8_1": 9.617639549158768e-13,
    "loss_C2H2Star_11_25": 1578.5476192262267,
    "e_CH4Plus_CH2_H2_cm3_6_9": 2.317084407471423e-06,
    "loss_C3H4_11_18": 855.6500129243457,
    "e_CH4Plus_CH_H2_H_cm3_6_11": 3.90625356892222e-07,
    "loss_C4H2_11_11": 736.8358922871848,
    "ArStar_CH4_CH3_H_cm3_3_1": 2.0881089319804288e-10,
    "loss_C4H_11_15": 218.96850839521755,
    "loss_C3H6_11_16": 525.0468532684631,
    "stick_H_9_1": 3278.3234285801136,
    "loss_C3H_11_10": 100.68951779578259,
    "loss_CH_11_9": 3792.8357221553356,
    "loss_C2H_11_12": 840.6855310735125,
    "stick_ArStar_9_5": 376.66692533317735,
    "loss_C3H3_11_13": 806.1049462122753,
    "loss_C3_11_14": 573.2505355975585,
    "e_CH4Plus_C_2H2_cm3_6_13": 1.9303842709547927e-08,
    "e_CH4Plus_CH3_H_cm3_6_4": 5.010037459921637e-07,
    "e_CH4_CH_H2_H_vib_cm3_1_3": 3.154651048383456e-11,
    "stick_C_9_10": 5075.222001323013,
    "stick_CH_9_3": 4867.854815422339,
    "stick_C2_9_9": 3425.5760541316977,
    "loss_CH2_11_1": 5483.461145720295,
    "stick_CH3_9_2": 4962.715767579026,
    "e_Ar_ArStar_cm3_1_7": 9.105452637253715e-11,
    "stick_C3H6_9_25": 646.1606863036466,
    "stick_H2_9_16": 873.1838581169987,
    "stick_C3_9_23": 1428.252476188769,
    "stick_C2H6_9_14": 445.12307716233306,
    "stick_C3H3_9_21": 911.5224915739691,
    "stick_C3H4_9_22": 1592.8750033632843,
    "stick_C4H2_9_20": 856.1868745507795,
    "stick_C4H_9_24": 989.8415219085398,
    "stick_C2H2_9_11": 1931.1352603759942,
    "loss_C_11_8": 1222.0078798169702,
    "stick_C2H5_9_17": 1862.2487189093356,
    "stick_C3H_9_19": 1537.3075852002116,
    "stick_C2H4_9_12": 859.132027243701,
    "e_CH4_CH3Plus_H_cm3_2_1": 2.403893426973447e-11
  },
  "target_densities": {
    "H": 22388927956795.098,
    "CH": 8768659924.980385,
    "C2": 127045796656.55704
  },
  "all_densities": {
    "e": 361723351.04831123,
    "Ar": 1.0260006290377222e+16,
    "CH4": 1810589345360686.2,
    "ArPlus": 39060052.542286895,
    "CH4Plus": 136613503.9084545,
    "CH3Plus": 22652812.93749854,
    "CH5Plus": 193349317.75566864,
    "ArHPlus": 27573453.27254365,
    "CH3Minus": 23810.230062429364,
    "H": 22388927956795.098,
    "C2": 127045796656.55704,
    "CH": 8768659924.980385,
    "H2": 92915763511997.11,
    "ArStar": 149384282.82831657,
    "C2H4": 187115657475.72275,
    "C2H6": 9093802429499.85,
    "CH2": 1292299993365.4597,
    "C2H2": 3115018215376.244,
    "C2H5": 1134406878577.1267,
    "CH3": 29336843230796.547,
    "C": 53404929426.73059,
    "H3Plus": 147857.14086226714,
    "C2H3": 38200590450.972466,
    "C3H2": 2729060518.715029,
    "CHPlus": -49.11985487877748,
    "C3H": 1666664789.8259091,
    "C4H2": 917401.625083543,
    "C2H": 903809133.8151679,
    "C3H3": 19501783.636488274,
    "C3H4": 73710863.14178316,
    "C3": 1476019670.6347277,
    "C3H5": 994722813.4801338,
    "C4H": 1979649.6557270724,
    "C3H6": 10549544064.817165,
    "CH2Plus": 60823.51903066271,
    "C2H5Plus": 85401777.05429594,
    "C2H4Plus": 5061.634276486433,
    "C2H3Plus": 3374.422850990955,
    "HMinus": 150914759.1745867,
    "C2HPlus": 55042.52984091671,
    "H2Plus": 2599107.145881438,
    "C2H2Star": 17687198.907406572
  }
}