{
  "pressure_mTorr": 500.0,
  "n_total": 1.2070595635737908e+16,
  "Te": 2.5116404119363036,
  "Ne": 236055691.9102168,
  "E_field": 410.14161377603114,
  "rate_values": {
    "loss_C2_11_3": 1710.0439864462583,
    "e_CH4_CH3_HMinus_cm3_8_1": 5.986076789245476e-13,
    "loss_C2H2Star_11_25": 5657.160026378711,
    "e_CH4Plus_CH2_H2_cm3_6_9": 2.4418864411618817e-06,
    "loss_C3H4_11_18": 1211.8464386942753,
    "e_CH4Plus_CH_H2_H_cm3_6_11": 1.1602312089754125e-07,
    "loss_C4H2_11_11": 856.5104982989478,
    "ArStar_CH4_CH3_H_cm3_3_1": 1.2071328375996855e-10,
    "loss_C4H_11_15": 968.4708533748307,
    "loss_C3H6_11_16": 356.46087133059996,
    "stick_H_9_1": 3086.960321187311,
    "loss_C3H_11_10": 788.9050372749425,
    "loss_CH_11_9": 2529.4951595245216,
    "loss_C2H_11_12": 376.3249737685884,
    "stick_ArStar_9_5": 656.3023420421363,
    "loss_C3H3_11_13": 678.0674801296432,
    "loss_C3_11_14": 165.93085437410878,
    "e_CH4Plus_C_2H2_cm3_6_13": 3.174876318215548e-08,
    "e_CH4Plus_CH3_H_cm3_6_4": 6.108103982924594e-07,
    "e_CH4_CH_H2_H_vib_cm3_1_3": 3.1736766836617334e-11,
    "stick_C_9_10": 4306.483023197404,
    "stick_CH_9_3": 2385.5210945222743,
    "stick_C2_9_9": 6040.64216118977,
    "loss_CH2_11_1": 5413.673427265385,
    "stick_CH3_9_2": 5021.439505918131,
    "e_Ar_ArStar_cm3_1_7": 7.93737741378709e-11,
    "stick_C3H6_9_25": 1998.5153270929536,
    "stick_H2_9_16": 992.2698074104067,
    "stick_C3_9_23": 1340.5513763505337,
    "stick_C2H6_9_14": 1500.0058645620995,
    "stick_C3H3_9_21": 771.3967282126207,
    "stick_C3H4_9_22": 1379.4769352188493,
    "stick_C4H2_9_20": 531.238502556004,
    "stick_C4H_9_24": 908.1226467866277,
    "stick_C2H2_9_11": 766.2861902382749,
    "loss_C_11_8": 978.5423986891632,
    "stick_C2H5_9_17": 557.8431810739555,
    "stick_C3H_9_19": 1364.7712511004602,
    "stick_C2H4_9_12": 578.8665297678216,
    "e_CH4_CH3Plus_H_cm3_2_1": 2.9657070878749203e-11
  },
  "target_densities": {
    "H": 22686218202099.344,
    "CH": 8999559866.05196,
    "C2": 123095873429.69353
  },
  "all_densities": {
    "e": 236055691.9102168,
    "Ar": 1.0260006290377222e+16,
    "CH4": 1810589345360686.2,
    "ArPlus": 16178964.416544434,
    "CH4Plus": 7633255.267459393,
    "CH3Plus": 5727045.182729263,
    "CH5Plus": 8084320.520476858,
    "ArHPlus": 5357283.774448767,
    "CH3Minus": 3051.658906618532,
    "H": 22686218202099.344,
    "C2": 123095873429.69353,
    "CH": 8999559866.05196,
    "H2": 90259928009816.45,
    "ArStar": 91439471.10145295,
    "C2H4": 214937803992.68497,
    "C2H6": 4337380349507.5586,
    "CH2": 1307920939555.0752,
    "C2H2": 5146912741057.631,
    "C2H5": 2250256991049.867,
    "CH3": 29465511056754.66,
    "C": 57464134076.767006,
    "H3Plus": 5674345.4373819055,
    "C2H3": 42770527045.38495,
    "C3H2": 4627830090.454477,
    "CHPlus": -456.2128846495345,
    "C3H": 2149840343.7660456,
    "C4H2": 1394172.6395952543,
    "C2H": 2649057632.0344944,
    "C3H3": 26555738.074261267,
    "C3H4": 82111720.18827458,
    "C3": 3221781559.251204,
    "C3H5": 2025132250.4955227,
    "C4H": 2219363.647235183,
    "C3H6": 3874668178.1069536,
    "CH2Plus": 1660.4304039703188,
    "C2H5Plus": 2304270.640220405,
    "C2H4Plus": 404.88613585730354,
    "C2H3Plus": 269.9240905715357,
    "HMinus": 67695840.0030767,
    "C2HPlus": 6391.4690333707085,
    "H2Plus": 230589489.301361,
    "C2H2Star": 4991525.535637731
  }
}