{
  "pressure_mTorr": 500.0,
  "n_total": 1.2070595635737908e+16,
  "Te": 1.2115808734289444,
  "Ne": 790728285.3244858,
  "E_field": 232.87690994764984,
  "rate_values": {
    "loss_C2_11_3": 1687.5409570187292,
    "e_CH4_CH3_HMinus_cm3_8_1": 8.864447848722506e-14,
    "loss_C2H2Star_11_25": 8502.870335659189,
    "e_CH4Plus_CH2_H2_cm3_6_9": 1.570809338388253e-06,
    "loss_C3H4_11_18": 1019.882673012953,
    "e_CH4Plus_CH_H2_H_cm3_6_11": 8.337313029428404e-07,
    "loss_C4H2_11_11": 375.68098676472994,
    "ArStar_CH4_CH3_H_cm3_3_1": 1.5064117116677625e-10,
    "loss_C4H_11_15": 248.31670619649339,
    "loss_C3H6_11_16": 161.38798485875037,
    "stick_H_9_1": 1432.4507522092545,
    "loss_C3H_11_10": 991.7883302476725,
    "loss_CH_11_9": 7106.257217903319,
    "loss_C2H_11_12": 267.67658651239094,
    "stick_ArStar_9_5": 532.1972874017309,
    "loss_C3H3_11_13": 727.8871916655478,
    "loss_C3_11_14": 796.2582245694423,
    "e_CH4Plus_C_2H2_cm3_6_13": 6.078928271216014e-08,
    "e_CH4Plus_CH3_H_cm3_6_4": 4.784830811620675e-07,
    "e_CH4_CH_H2_H_vib_cm3_1_3": 4.022624863383148e-11,
    "stick_C_9_10": 2779.748303541862,
    "stick_CH_9_3": 5684.730794305028,
    "stick_C2_9_9": 4306.743048337443,
    "loss_CH2_11_1": 1628.6193849448046,
    "stick_CH3_9_2": 2446.078343009546,
    "e_Ar_ArStar_cm3_1_7": 1.0612393031351107e-10,
    "stick_C3H6_9_25": 1739.8405753448494,
    "stick_H2_9_16": 600.1852076111668,
    "stick_C3_9_23": 1940.7286106588133,
    "stick_C2H6_9_14": 871.733082693397,
    "stick_C3H3_9_21": 1885.4735358704838,
    "stick_C3H4_9_22": 653.2053307357137,
    "stick_C4H2_9_20": 1325.8447248765876,
    "stick_C4H_9_24": 626.8496841685444,
    "stick_C2H2_9_11": 546.7049310097872,
    "loss_C_11_8": 721.863843466965,
    "stick_C2H5_9_17": 1444.0762574478028,
    "stick_C3H_9_19": 1935.1446960930118,
    "stick_C2H4_9_12": 1449.1044778564226,
    "e_CH4_CH3Plus_H_cm3_2_1": 2.2652931061397493e-11
  },
  "target_densities": {
    "H": 25644684950421.383,
    "CH": 22995935646.20849,
    "C2": 413112230437.95526
  },
  "all_densities": {
    "e": 790728285.3244858,
    "Ar": 1.0260006290377222e+16,
    "CH4": 1810589345360686.2,
    "ArPlus": 73715488.13323945,
    "CH4Plus": 54549860.39277256,
    "CH3Plus": 30184923.474075794,
    "CH5Plus": 46045797.483450435,
    "ArHPlus": 33265623.732835323,
    "CH3Minus": 13809.7401997998,
    "H": 25644684950421.383,
    "C2": 413112230437.95526,
    "CH": 22995935646.20849,
    "H2": 126576832600380.89,
    "ArStar": 395840230.948965,
    "C2H4": 542785400688.5263,
    "C2H6": 12468181099294.113,
    "CH2": 2965787138363.42,
    "C2H2": 12336455069162.91,
    "C2H5": 4092545075841.622,
    "CH3": 41406360736245.516,
    "C": 165703047471.67484,
    "H3Plus": 80841.97213469225,
    "C2H3": 118639463826.0884,
    "C3H2": 28303745576.09982,
    "CHPlus": -259.2520996401859,
    "C3H": 9684731930.985521,
    "C4H2": 13088810.278446782,
    "C2H": 10170019495.655203,
    "C3H3": 104395288.6602714,
    "C3H4": 820640870.5080208,
    "C3": 11059173815.105156,
    "C3H5": 9411190319.326141,
    "C4H": 74371127.47704661,
    "C3H6": 29504950397.256992,
    "CH2Plus": 34949.90805631541,
    "C2H5Plus": 21432933.316460554,
    "C2H4Plus": 6031.691029286253,
    "C2H3Plus": 4021.1273528575016,
    "HMinus": 105956663.65388161,
    "C2HPlus": 90295.92788280472,
    "H2Plus": 1721116.8332063216,
    "C2H2Star": 34458471.298965655
  }
}