{
  "pressure_mTorr": 500.0,
  "n_total": 1.2070595635737908e+16,
  "Te": 2.709467595214511,
  "Ne": 338858508.6848836,
  "E_field": 320.94874787331,
  "rate_values": {
    "loss_C2_11_3": 1718.9724025990754,
    "e_CH4_CH3_HMinus_cm3_8_1": 9.846641171980164e-13,
    "loss_C2H2Star_11_25": 3415.242209834383,
    "e_CH4Plus_CH2_H2_cm3_6_9": 7.230201070927777e-07,
    "loss_C3H4_11_18": 1427.1744596152503,
    "e_CH4Plus_CH_H2_H_cm3_6_11": 9.81702987498178e-07,
    "loss_C4H2_11_11": 142.3581381248398,
    "ArStar_CH4_CH3_H_cm3_3_1": 2.743522424450237e-10,
    "loss_C4H_11_15": 112.65371177168572,
    "loss_C3H6_11_16": 378.80956126450866,
    "stick_H_9_1": 3869.4468245898424,
    "loss_C3H_11_10": 905.8700771242686,
    "loss_CH_11_9": 5590.264608846904,
    "loss_C2H_11_12": 460.5902171709446,
    "stick_ArStar_9_5": 179.50492558832204,
    "loss_C3H3_11_13": 549.0126901220614,
    "loss_C3_11_14": 796.3327534946233,
    "e_CH4Plus_C_2H2_cm3_6_13": 8.825820413006548e-08,
    "e_CH4Plus_CH3_H_cm3_6_4": 2.2986425885065868e-07,
    "e_CH4_CH_H2_H_vib_cm3_1_3": 5.0484705308508104e-11,
    "stick_C_9_10": 4214.774380664734,
    "stick_CH_9_3": 2100.440976006399,
    "stick_C2_9_9": 4796.22921454523,
    "loss_CH2_11_1": 5835.908216260459,
    "stick_CH3_9_2": 5170.802416118512,
    "e_Ar_ArStar_cm3_1_7": 7.164524276848676e-11,
    "stick_C3H6_9_25": 1694.5659335852133,
    "stick_H2_9_16": 759.4164749281407,
    "stick_C3_9_23": 659.5608645919791,
    "stick_C2H6_9_14": 1168.9819651607552,
    "stick_C3H3_9_21": 1881.2042738157745,
    "stick_C3H4_9_22": 1432.543646490137,
    "stick_C4H2_9_20": 1772.4450169487882,
    "stick_C4H_9_24": 1830.8637443273562,
    "stick_C2H2_9_11": 1698.8100993231685,
    "loss_C_11_8": 1193.1070806621885,
    "stick_C2H5_9_17": 1308.5472953952274,
    "stick_C3H_9_19": 1359.8217506250376,
    "stick_C2H4_9_12": 1530.0390888263742,
    "e_CH4_CH3Plus_H_cm3_2_1": 2.2610540838918805e-11
  },
  "target_densities": {
    "H": 21520694611965.773,
    "CH": 7012215365.407897,
    "C2": 79755506942.25485
  },
  "all_densities": {
    "e": 338858508.6848836,
    "Ar": 1.0260006290377222e+16,
    "CH4": 1810589345360686.2,
    "ArPlus": 23053026.628766682,
    "CH4Plus": 13443361.11742778,
    "CH3Plus": 8431178.613192467,
    "CH5Plus": 24862261.123654623,
    "ArHPlus": 8733953.066822238,
    "CH3Minus": 5294.7169941218735,
    "H": 21520694611965.773,
    "C2": 79755506942.25485,
    "CH": 7012215365.407897,
    "H2": 91529523006195.95,
    "ArStar": 104700840.45484161,
    "C2H4": 118525859863.62503,
    "C2H6": 4650651839598.013,
    "CH2": 1152711166223.3376,
    "C2H2": 3032309006763.657,
    "C2H5": 1223867967747.006,
    "CH3": 27875008687950.305,
    "C": 44100903692.34579,
    "H3Plus": 19900618.053189542,
    "C2H3": 25429101828.405594,
    "C3H2": 2124830404.1484025,
    "CHPlus": -357.10969861670276,
    "C3H": 938195773.9674958,
    "C4H2": 343577.3961696162,
    "C2H": 1821259397.2716784,
    "C3H3": 7337383.501789637,
    "C3H4": 31969645.516997408,
    "C3": 1537319012.4853117,
    "C3H5": 858202576.8666093,
    "C4H": 766639.2890939903,
    "C3H6": 2872554231.5275693,
    "CH2Plus": 2753.058976869129,
    "C2H5Plus": 4335453.221977958,
    "C2H4Plus": 409.5724449891145,
    "C2H3Plus": 273.0482966594097,
    "HMinus": 138582638.9958519,
    "C2HPlus": 6905.475550587329,
    "H2Plus": 689841391.4319799,
    "C2H2Star": 5577677.049306618
  }
}