{
  "pressure_mTorr": 500.0,
  "n_total": 1.2070595635737908e+16,
  "Te": 0.9848489907720595,
  "Ne": 1553412543.0473776,
  "E_field": 241.86636536243205,
  "rate_values": {
    "loss_C2_11_3": 1447.2502683445696,
    "e_CH4_CH3_HMinus_cm3_8_1": 8.111502190155759e-14,
    "loss_C2H2Star_11_25": 4879.554631148483,
    "e_CH4Plus_CH2_H2_cm3_6_9": 1.7311048133763075e-06,
    "loss_C3H4_11_18": 791.4113628698599,
    "e_CH4Plus_CH_H2_H_cm3_6_11": 1.1398086722436285e-06,
    "loss_C4H2_11_11": 419.5262742613233,
    "ArStar_CH4_CH3_H_cm3_3_1": 3.3640557768355756e-10,
    "loss_C4H_11_15": 998.543669762535,
    "loss_C3H6_11_16": 681.9124799235913,
    "stick_H_9_1": 3716.917993498044,
    "loss_C3H_11_10": 247.25905651228794,
    "loss_CH_11_9": 5512.5824362704225,
    "loss_C2H_11_12": 665.5959968560546,
    "stick_ArStar_9_5": 562.5736152871038,
    "loss_C3H3_11_13": 900.8443157105487,
    "loss_C3_11_14": 743.9194471070956,
    "e_CH4Plus_C_2H2_cm3_6_13": 7.793192720800444e-08,
    "e_CH4Plus_CH3_H_cm3_6_4": 7.13121048118289e-07,
    "e_CH4_CH_H2_H_vib_cm3_1_3": 3.3133495434563756e-11,
    "stick_C_9_10": 5348.678278380603,
    "stick_CH_9_3": 4090.2689243776504,
    "stick_C2_9_9": 5474.407304063159,
    "loss_CH2_11_1": 5942.4833127785205,
    "stick_CH3_9_2": 5360.532192469567,
    "e_Ar_ArStar_cm3_1_7": 8.93655178694137e-11,
    "stick_C3H6_9_25": 1885.8219208365454,
    "stick_H2_9_16": 741.3691439054933,
    "stick_C3_9_23": 1128.6704578620042,
    "stick_C2H6_9_14": 1259.900581685209,
    "stick_C3H3_9_21": 1376.0797123698685,
    "stick_C3H4_9_22": 802.3443731331096,
    "stick_C4H2_9_20": 1752.1901032886535,
    "stick_C4H_9_24": 1080.709309035237,
    "stick_C2H2_9_11": 1810.664614143836,
    "loss_C_11_8": 1207.6839915917278,
    "stick_C2H5_9_17": 1022.552665936665,
    "stick_C3H_9_19": 569.5693426188014,
    "stick_C2H4_9_12": 1732.6998595490104,
    "e_CH4_CH3Plus_H_cm3_2_1": 2.5984753146829103e-11
  },
  "target_densities": {
    "H": 21780348208698.88,
    "CH": 7615511316.796603,
    "C2": 72897327302.38194
  },
  "all_densities": {
    "e": 1553412543.0473776,
    "Ar": 1.0260006290377222e+16,
    "CH4": 1810589345360686.2,
    "ArPlus": 75211304.65595187,
    "CH4Plus": 49776231.047485255,
    "CH3Plus": 38494626.45323146,
    "CH5Plus": 49775500.17061078,
    "ArHPlus": 33326398.747041885,
    "CH3Minus": 13017.940810065542,
    "H": 21780348208698.88,
    "C2": 72897327302.38194,
    "CH": 7615511316.796603,
    "H2": 94116958761233.8,
    "ArStar": 571454724.8476429,
    "C2H4": 116983895206.70659,
    "C2H6": 4350253828578.0967,
    "CH2": 1141383492247.5896,
    "C2H2": 2890503984122.651,
    "C2H5": 1392272754379.6472,
    "CH3": 27678561106132.566,
    "C": 39131533698.02124,
    "H3Plus": 4104.6986960465165,
    "C2H3": 26157249456.655823,
    "C3H2": 2199591478.8532176,
    "CHPlus": -269.24038421162817,
    "C3H": 2692384586.583649,
    "C4H2": 944132.7376012146,
    "C2H": 787959706.4463567,
    "C3H3": 8748681.413906127,
    "C3H4": 61488807.44236947,
    "C3": 1234812095.4323049,
    "C3H5": 1060286891.7045784,
    "C4H": 805626.5384898727,
    "C3H6": 2503139236.5301023,
    "CH2Plus": 16515.762506925963,
    "C2H5Plus": 26210885.85676696,
    "C2H4Plus": 819.5663461431507,
    "C2H3Plus": 546.3775640954339,
    "HMinus": 144272430.6166677,
    "C2HPlus": 13339.436089379684,
    "H2Plus": 119258.13069334316,
    "C2H2Star": 20310773.63135146
  }
}