{
  "pressure_mTorr": 500.0,
  "n_total": 1.2070595635737908e+16,
  "Te": 2.7299425532248716,
  "Ne": 405035539.8811028,
  "E_field": 238.81638585786123,
  "rate_values": {
    "loss_C2_11_3": 1174.2049856382432,
    "e_CH4_CH3_HMinus_cm3_8_1": 3.895919360334221e-13,
    "loss_C2H2Star_11_25": 7573.59976810274,
    "e_CH4Plus_CH2_H2_cm3_6_9": 1.7617829362048976e-06,
    "loss_C3H4_11_18": 164.00450180933467,
    "e_CH4Plus_CH_H2_H_cm3_6_11": 2.1092662266162614e-07,
    "loss_C4H2_11_11": 658.2905593456617,
    "ArStar_CH4_CH3_H_cm3_3_1": 2.8379390783858813e-10,
    "loss_C4H_11_15": 741.7895184380958,
    "loss_C3H6_11_16": 972.7302085404037,
    "stick_H_9_1": 3741.59544064122,
    "loss_C3H_11_10": 997.9114132017032,
    "loss_CH_11_9": 4614.226274931265,
    "loss_C2H_11_12": 451.518318584193,
    "stick_ArStar_9_5": 359.41157160232876,
    "loss_C3H3_11_13": 933.6805723292964,
    "loss_C3_11_14": 221.77406071281786,
    "e_CH4Plus_C_2H2_cm3_6_13": 2.8542895004344468e-08,
    "e_CH4Plus_CH3_H_cm3_6_4": 5.667095034973774e-07,
    "e_CH4_CH_H2_H_vib_cm3_1_3": 6.319730136380817e-11,
    "stick_C_9_10": 3021.629481140786,
    "stick_CH_9_3": 3181.6328090445163,
    "stick_C2_9_9": 4604.0428026318805,
    "loss_CH2_11_1": 3867.822250542593,
    "stick_CH3_9_2": 5790.679119829985,
    "e_Ar_ArStar_cm3_1_7": 1.430895927222122e-10,
    "stick_C3H6_9_25": 980.0072134210765,
    "stick_H2_9_16": 322.2665023580947,
    "stick_C3_9_23": 1163.2632763623938,
    "stick_C2H6_9_14": 1527.6219732177929,
    "stick_C3H3_9_21": 683.3593169785371,
    "stick_C3H4_9_22": 1572.7937975981006,
    "stick_C4H2_9_20": 500.18910346798043,
    "stick_C4H_9_24": 565.6884966538281,
    "stick_C2H2_9_11": 542.2459804257413,
    "loss_C_11_8": 1237.9623439817053,
    "stick_C2H5_9_17": 1731.0647836405562,
    "stick_C3H_9_19": 1701.8844152516144,
    "stick_C2H4_9_12": 797.4283829746108,
    "e_CH4_CH3Plus_H_cm3_2_1": 1.655974199908183e-11
  },
  "target_densities": {
    "H": 21739822249843.277,
    "CH": 9639877625.533754,
    "C2": 135005936332.69891
  },
  "all_densities": {
    "e": 405035539.8811028,
    "Ar": 1.0260006290377222e+16,
    "CH4": 1810589345360686.2,
    "ArPlus": 41777604.453682065,
    "CH4Plus": 29906672.191710074,
    "CH3Plus": 16076141.895085748,
    "CH5Plus": 81715423.67774592,
    "ArHPlus": 18573621.669867724,
    "CH3Minus": 8068.81567733031,
    "H": 21739822249843.277,
    "C2": 135005936332.69891,
    "CH": 9639877625.533754,
    "H2": 108708322325957.33,
    "ArStar": 247701555.3819422,
    "C2H4": 203845223235.85855,
    "C2H6": 3447572125781.8174,
    "CH2": 1298201722468.1843,
    "C2H2": 4621367295485.903,
    "C2H5": 1094107192448.3658,
    "CH3": 26454524541881.094,
    "C": 66064563186.54359,
    "H3Plus": 53510509.70767532,
    "C2H3": 39601754429.84216,
    "C3H2": 4450651145.872785,
    "CHPlus": -265.85151862931485,
    "C3H": 1649514145.006339,
    "C4H2": 1372584.6909412658,
    "C2H": 3570926163.02443,
    "C3H3": 23608327.10339178,
    "C3H4": 124455862.71791588,
    "C3": 3404406172.9509263,
    "C3H5": 1054705944.4418555,
    "C4H": 3281411.3816773295,
    "C3H6": 3292738879.419337,
    "CH2Plus": 7945.153660768051,
    "C2H5Plus": 11097988.219657637,
    "C2H4Plus": 1131.5099814112211,
    "C2H3Plus": 754.3399876074808,
    "HMinus": 99755370.57164785,
    "C2HPlus": 16897.525434077495,
    "H2Plus": 1339885469.5211685,
    "C2H2Star": 9068764.409000672
  }
}