{
  "pressure_mTorr": 500.0,
  "n_total": 1.2070595635737908e+16,
  "Te": 6.734218483191043,
  "Ne": 4136381325.8055725,
  "E_field": 194.46974875644491,
  "rate_values": {
    "loss_C2_11_3": 131.52674077842698,
    "e_CH4_CH3_HMinus_cm3_8_1": 5.365679127504031e-13,
    "loss_C2H2Star_11_25": 538.8595189299785,
    "e_CH4Plus_CH2_H2_cm3_6_9": 1.3031407862550774e-06,
    "loss_C3H4_11_18": 1063.3951185137312,
    "e_CH4Plus_CH_H2_H_cm3_6_11": 9.129451031212199e-07,
    "loss_C4H2_11_11": 664.5869866669556,
    "ArStar_CH4_CH3_H_cm3_3_1": 8.033347571284152e-11,
    "loss_C4H_11_15": 599.7182268345418,
    "loss_C3H6_11_16": 211.36115260520444,
    "stick_H_9_1": 1338.42415961358,
    "loss_C3H_11_10": 148.19502359363372,
    "loss_CH_11_9": 7779.3582844688535,
    "loss_C2H_11_12": 754.034540400763,
    "stick_ArStar_9_5": 344.3666046163058,
    "loss_C3H3_11_13": 471.068833101579,
    "loss_C3_11_14": 812.745846895084,
    "e_CH4Plus_C_2H2_cm3_6_13": 4.359109349230742e-08,
    "e_CH4Plus_CH3_H_cm3_6_4": 1.5398113831965118e-07,
    "e_CH4_CH_H2_H_vib_cm3_1_3": 8.673035375859063e-11,
    "stick_C_9_10": 1564.2527860819941,
    "stick_CH_9_3": 2711.4718641630297,
    "stick_C2_9_9": 5409.328434093563,
    "loss_CH2_11_1": 1250.7106245065488,
    "stick_CH3_9_2": 1637.1281329495603,
    "e_Ar_ArStar_cm3_1_7": 6.691712467242101e-11,
    "stick_C3H6_9_25": 1797.7585147064447,
    "stick_H2_9_16": 929.7268398541937,
    "stick_C3_9_23": 594.9529201384355,
    "stick_C2H6_9_14": 789.433294931514,
    "stick_C3H3_9_21": 1872.4488686240888,
    "stick_C3H4_9_22": 1098.6427709917693,
    "stick_C4H2_9_20": 864.6611601826629,
    "stick_C4H_9_24": 972.7369398579596,
    "stick_C2H2_9_11": 1492.3923459623961,
    "loss_C_11_8": 1397.83144049551,
    "stick_C2H5_9_17": 1401.640301348025,
    "stick_C3H_9_19": 759.0287044134103,
    "stick_C2H4_9_12": 1542.4287866295722,
    "e_CH4_CH3Plus_H_cm3_2_1": 1.712349575633756e-11
  },
  "target_densities": {
    "H": 26556239210855.637,
    "CH": 38269873056.93242,
    "C2": 475805479088.60394
  },
  "all_densities": {
    "e": 4136381325.8055725,
    "Ar": 1.0260006290377222e+16,
    "CH4": 1810589345360686.2,
    "ArPlus": 335768231.7823,
    "CH4Plus": 299117163.8881854,
    "CH3Plus": 139512572.89835784,
    "CH5Plus": 1570555099.5319,
    "ArHPlus": 158178175.3558384,
    "CH3Minus": 176208.57621785678,
    "H": 26556239210855.637,
    "C2": 475805479088.60394,
    "CH": 38269873056.93242,
    "H2": 18173243919274.77,
    "ArStar": 1405851227.4809015,
    "C2H4": 807031767914.4321,
    "C2H6": 15496921955794.922,
    "CH2": 3547495209123.086,
    "C2H2": 10130021816667.389,
    "C2H5": 5904676398890.131,
    "CH3": 46107185046366.95,
    "C": 205065182096.9135,
    "H3Plus": 1003184720.7313185,
    "C2H3": 211070723616.92783,
    "C3H2": 38619667919.90214,
    "CHPlus": -216.5774697808101,
    "C3H": 42552477317.8779,
    "C4H2": 106488793.76234567,
    "C2H": 301166910477.01276,
    "C3H3": 344680554.0622396,
    "C3H4": 1571364859.376593,
    "C3": 30126664133.58776,
    "C3H5": 22597121622.779015,
    "C4H": 93991219.59733187,
    "C3H6": 60868810314.312744,
    "CH2Plus": 231379.84368296218,
    "C2H5Plus": 119168596.80407305,
    "C2H4Plus": 56156.82473077778,
    "C2H3Plus": 37437.88315385185,
    "HMinus": 1037121866.3771435,
    "C2HPlus": 464163.82496930624,
    "H2Plus": 135069946661.69507,
    "C2H2Star": 1585716102.814626
  }
}