{
  "pressure_mTorr": 500.0,
  "n_total": 1.2070595635737908e+16,
  "Te": 0.836214706191138,
  "Ne": 204171329.94354153,
  "E_field": 159.39009181544782,
  "rate_values": {
    "loss_C2_11_3": 911.7155723853142,
    "e_CH4_CH3_HMinus_cm3_8_1": 6.709382970047893e-13,
    "loss_C2H2Star_11_25": 3665.373220671537,
    "e_CH4Plus_CH2_H2_cm3_6_9": 1.5645215435864608e-06,
    "loss_C3H4_11_18": 1467.6626916302812,
    "e_CH4Plus_CH_H2_H_cm3_6_11": 1.7862912230558762e-07,
    "loss_C4H2_11_11": 410.0193359078139,
    "ArStar_CH4_CH3_H_cm3_3_1": 4.3963188297311037e-10,
    "loss_C4H_11_15": 128.41040212774465,
    "loss_C3H6_11_16": 109.1834925017705,
    "stick_H_9_1": 2750.4268729959595,
    "loss_C3H_11_10": 804.184362616536,
    "loss_CH_11_9": 7653.764106588684,
    "loss_C2H_11_12": 972.7423115847001,
    "stick_ArStar_9_5": 353.4337205920874,
    "loss_C3H3_11_13": 105.72937295530954,
    "loss_C3_11_14": 697.1300601531095,
    "e_CH4Plus_C_2H2_cm3_6_13": 8.446976480957634e-08,
    "e_CH4Plus_CH3_H_cm3_6_4": 6.74154088871297e-07,
    "e_CH4_CH_H2_H_vib_cm3_1_3": 5.103272868577619e-11,
    "stick_C_9_10": 4697.113300315486,
    "stick_CH_9_3": 4410.22165548845,
    "stick_C2_9_9": 5836.277980309795,
    "loss_CH2_11_1": 4664.361256581706,
    "stick_CH3_9_2": 3464.780742169506,
    "e_Ar_ArStar_cm3_1_7": 1.501953794862983e-10,
    "stick_C3H6_9_25": 923.9870266624939,
    "stick_H2_9_16": 507.2532304282196,
    "stick_C3_9_23": 1897.1622304183745,
    "stick_C2H6_9_14": 1345.4096343248584,
    "stick_C3H3_9_21": 1790.2697852066597,
    "stick_C3H4_9_22": 1840.1039192647079,
    "stick_C4H2_9_20": 912.0406842765295,
    "stick_C4H_9_24": 1097.2064803604082,
    "stick_C2H2_9_11": 1856.015775440869,
    "loss_C_11_8": 759.8065637939903,
    "stick_C2H5_9_17": 1867.807406727021,
    "stick_C3H_9_19": 1273.786811188538,
    "stick_C2H4_9_12": 863.5222597590541,
    "e_CH4_CH3Plus_H_cm3_2_1": 1.7975740518566947e-11
  },
  "target_densities": {
    "H": 23199017631899.23,
    "CH": 9475946018.186403,
    "C2": 127308417315.94908
  },
  "all_densities": {
    "e": 204171329.94354153,
    "Ar": 1.0260006290377222e+16,
    "CH4": 1810589345360686.2,
    "ArPlus": 15280238.361498907,
    "CH4Plus": 14467747.192977192,
    "CH3Plus": 7649481.263252019,
    "CH5Plus": 16648984.219600987,
    "ArHPlus": 8123371.372571373,
    "CH3Minus": 2682.845798943942,
    "H": 23199017631899.23,
    "C2": 127308417315.94908,
    "CH": 9475946018.186403,
    "H2": 113791232432340.03,
    "ArStar": 117002660.13393173,
    "C2H4": 254487914536.75943,
    "C2H6": 6622389600796.767,
    "CH2": 1768207239965.259,
    "C2H2": 4634770902283.668,
    "C2H5": 1804401959889.5972,
    "CH3": 34971230873770.047,
    "C": 65980681174.629906,
    "H3Plus": 77.36743338108361,
    "C2H3": 50790388600.02874,
    "C3H2": 4387726102.101502,
    "CHPlus": -177.60008023304218,
    "C3H": 2112580806.1445715,
    "C4H2": 1514205.2079671342,
    "C2H": 1334395585.3230839,
    "C3H3": 25384345.691543162,
    "C3H4": 80195050.81576923,
    "C3": 1785904172.2237217,
    "C3H5": 1709841556.702357,
    "C4H": 3392402.3306282405,
    "C3H6": 11205919764.998032,
    "CH2Plus": 7715.183139888321,
    "C2H5Plus": 7907525.479592655,
    "C2H4Plus": 355.6369730377406,
    "C2H3Plus": 237.09131535849372,
    "HMinus": 71202091.51819938,
    "C2HPlus": 4262.411029512895,
    "H2Plus": 1551.8102839092937,
    "C2H2Star": 8876812.679596871
  }
}