{
  "pressure_mTorr": 500.0,
  "n_total": 1.2070595635737908e+16,
  "Te": 0.9535678959874301,
  "Ne": 108951708.1654706,
  "E_field": 360.65653694985843,
  "rate_values": {
    "loss_C2_11_3": 1808.309088093929,
    "e_CH4_CH3_HMinus_cm3_8_1": 8.296950207835942e-13,
    "loss_C2H2Star_11_25": 3571.481453216641,
    "e_CH4Plus_CH2_H2_cm3_6_9": 7.004634749563977e-07,
    "loss_C3H4_11_18": 595.8791245338083,
    "e_CH4Plus_CH_H2_H_cm3_6_11": 7.264753008184794e-07,
    "loss_C4H2_11_11": 572.053839290335,
    "ArStar_CH4_CH3_H_cm3_3_1": 4.836625744677791e-10,
    "loss_C4H_11_15": 692.4860773612238,
    "loss_C3H6_11_16": 523.8799453411143,
    "stick_H_9_1": 3381.1044368538965,
    "loss_C3H_11_10": 751.9023795889359,
    "loss_CH_11_9": 9077.486083208427,
    "loss_C2H_11_12": 823.9660834213316,
    "stick_ArStar_9_5": 338.6673321100656,
    "loss_C3H3_11_13": 970.2811112414806,
    "loss_C3_11_14": 796.0612502799469,
    "e_CH4Plus_C_2H2_cm3_6_13": 6.493063190502731e-08,
    "e_CH4Plus_CH3_H_cm3_6_4": 3.603834215492046e-07,
    "e_CH4_CH_H2_H_vib_cm3_1_3": 9.018534156566229e-11,
    "stick_C_9_10": 5922.197735483063,
    "stick_CH_9_3": 1367.982005536859,
    "stick_C2_9_9": 4916.369881823843,
    "loss_CH2_11_1": 5714.050277893629,
    "stick_CH3_9_2": 4755.648836534378,
    "e_Ar_ArStar_cm3_1_7": 1.0184120978892016e-10,
    "stick_C3H6_9_25": 1737.998818105602,
    "stick_H2_9_16": 535.1600351200375,
    "stick_C3_9_23": 1056.0274914641404,
    "stick_C2H6_9_14": 536.6072989240147,
    "stick_C3H3_9_21": 1107.5877407655378,
    "stick_C3H4_9_22": 836.0438865167881,
    "stick_C4H2_9_20": 1184.2941183414014,
    "stick_C4H_9_24": 1319.1718971711362,
    "stick_C2H2_9_11": 1279.5994492895547,
    "loss_C_11_8": 767.2284224828026,
    "stick_C2H5_9_17": 1140.3520202095165,
    "stick_C3H_9_19": 1036.254785877611,
    "stick_C2H4_9_12": 811.0729995810648,
    "e_CH4_CH3Plus_H_cm3_2_1": 2.938449631055572e-11
  },
  "target_densities": {
    "H": 22211169516877.97,
    "CH": 7295067426.509573,
    "C2": 106339112071.54199
  },
  "all_densities": {
    "e": 108951708.1654706,
    "Ar": 1.0260006290377222e+16,
    "CH4": 1810589345360686.2,
    "ArPlus": 4750756.826428136,
    "CH4Plus": 2237873.386749251,
    "CH3Plus": 2217057.2015473736,
    "CH5Plus": 1834441.8903337964,
    "ArHPlus": 1728515.3255515678,
    "CH3Minus": 626.5016792332273,
    "H": 22211169516877.97,
    "C2": 106339112071.54199,
    "CH": 7295067426.509573,
    "H2": 104822712622374.08,
    "ArStar": 41196992.22711722,
    "C2H4": 168790185058.93042,
    "C2H6": 8526847776522.008,
    "CH2": 1281203543710.6455,
    "C2H2": 4065324499189.5483,
    "C2H5": 1559184117040.2722,
    "CH3": 29745167035303.83,
    "C": 46732041569.830956,
    "H3Plus": 115.38893470037883,
    "C2H3": 33577618179.619133,
    "C3H2": 2963519725.601096,
    "CHPlus": -401.2294635932388,
    "C3H": 1657836507.6421597,
    "C4H2": 688589.584588143,
    "C2H": 974886836.555766,
    "C3H3": 11788568.292234445,
    "C3H4": 94590934.60883416,
    "C3": 1685033638.7291393,
    "C3H5": 1137435326.4151583,
    "C4H": 1074689.4597267124,
    "C3H6": 4580873940.180511,
    "CH2Plus": 716.0504666104895,
    "C2H5Plus": 1013834.393142451,
    "C2H4Plus": 55.62978394190877,
    "C2H3Plus": 37.08652262793918,
    "HMinus": 40042393.41463939,
    "C2HPlus": 883.1266425471072,
    "H2Plus": 3740.134156012813,
    "C2H2Star": 2813607.921323207
  }
}