{
  "pressure_mTorr": 500.0,
  "n_total": 1.2070595635737908e+16,
  "Te": 6.493354038328635,
  "Ne": 344855789.3136878,
  "E_field": 358.0859175907176,
  "rate_values": {
    "loss_C2_11_3": 1695.6433011573017,
    "e_CH4_CH3_HMinus_cm3_8_1": 9.535358725574411e-13,
    "loss_C2H2Star_11_25": 3303.0000840108037,
    "e_CH4Plus_CH2_H2_cm3_6_9": 1.4030971146121355e-06,
    "loss_C3H4_11_18": 1357.2974367323056,
    "e_CH4Plus_CH_H2_H_cm3_6_11": 8.630534899898402e-07,
    "loss_C4H2_11_11": 657.2360194787045,
    "ArStar_CH4_CH3_H_cm3_3_1": 3.4907929031843325e-10,
    "loss_C4H_11_15": 515.5524742018816,
    "loss_C3H6_11_16": 319.13946277491675,
    "stick_H_9_1": 3643.0974872968336,
    "loss_C3H_11_10": 997.0348388763699,
    "loss_CH_11_9": 8573.080973147462,
    "loss_C2H_11_12": 734.9369793140199,
    "stick_ArStar_9_5": 152.45256880658795,
    "loss_C3H3_11_13": 929.6934941780403,
    "loss_C3_11_14": 751.0608053401397,
    "e_CH4Plus_C_2H2_cm3_6_13": 4.1644409283834924e-08,
    "e_CH4Plus_CH3_H_cm3_6_4": 6.595659899353034e-07,
    "e_CH4_CH_H2_H_vib_cm3_1_3": 7.280994535840091e-11,
    "stick_C_9_10": 3315.8773087270647,
    "stick_CH_9_3": 6236.59332297504,
    "stick_C2_9_9": 5187.375715050625,
    "loss_CH2_11_1": 5305.55026217446,
    "stick_CH3_9_2": 4628.243920971696,
    "e_Ar_ArStar_cm3_1_7": 1.0384078349958105e-10,
    "stick_C3H6_9_25": 1550.6701152069436,
    "stick_H2_9_16": 614.462098197246,
    "stick_C3_9_23": 733.216142163177,
    "stick_C2H6_9_14": 1051.750523345879,
    "stick_C3H3_9_21": 1897.5295300155694,
    "stick_C3H4_9_22": 1605.1575326029806,
    "stick_C4H2_9_20": 890.9842348638863,
    "stick_C4H_9_24": 1665.8630588600795,
    "stick_C2H2_9_11": 1856.8321563962145,
    "loss_C_11_8": 1614.896101080286,
    "stick_C2H5_9_17": 1099.436992390426,
    "stick_C3H_9_19": 1257.5403805745539,
    "stick_C2H4_9_12": 1273.3205835370484,
    "e_CH4_CH3Plus_H_cm3_2_1": 2.5920048430209697e-11
  },
  "target_densities": {
    "H": 22027046267721.28,
    "CH": 7517470233.371462,
    "C2": 88934403280.66882
  },
  "all_densities": {
    "e": 344855789.3136878,
    "Ar": 1.0260006290377222e+16,
    "CH4": 1810589345360686.2,
    "ArPlus": 25919378.09190859,
    "CH4Plus": 13557614.85962221,
    "CH3Plus": 9327021.430939682,
    "CH5Plus": 303517368.0943996,
    "ArHPlus": 9221093.39107615,
    "CH3Minus": 5185.528655717199,
    "H": 22027046267721.28,
    "C2": 88934403280.66882,
    "CH": 7517470233.371462,
    "H2": 68231982987331.414,
    "ArStar": 146430875.70065805,
    "C2H4": 150413426042.9449,
    "C2H6": 5745596006223.606,
    "CH2": 1338432625715.9685,
    "C2H2": 3368294786744.884,
    "C2H5": 1689587760944.4858,
    "CH3": 29927499736023.1,
    "C": 52204229433.96722,
    "H3Plus": 412534879.57762235,
    "C2H3": 31547631642.07199,
    "C3H2": 2530203506.702893,
    "CHPlus": -398.37322145233964,
    "C3H": 1122722167.250064,
    "C4H2": 545144.041939464,
    "C2H": 9623398800.50387,
    "C3H3": 8388386.051372333,
    "C3H4": 41985492.139111474,
    "C3": 1796038084.4145348,
    "C3H5": 1270142569.956891,
    "C4H": 871944.3525421537,
    "C3H6": 4361561914.869071,
    "CH2Plus": 3169.52847628826,
    "C2H5Plus": 4308784.540595535,
    "C2H4Plus": 474.1029615983214,
    "C2H3Plus": 316.0686410655476,
    "HMinus": 143624158.3813417,
    "C2HPlus": 6997.800439109726,
    "H2Plus": 20385276998.94866,
    "C2H2Star": 8959533.927267099
  }
}