{
  "pressure_mTorr": 500.0,
  "n_total": 1.2070595635737908e+16,
  "Te": 2.8745220834862386,
  "Ne": 1740262320.974275,
  "E_field": 271.48997273354564,
  "n_i_total": 3753242796046.75,
  "Ni_over_Ne": 2156.710945707036,
  "charge_imbalance_pct": 215571.0945707036,
  "rate_values": {
    "CH_CH_C2_H2_cm3_5_4": 1.6921427755134616e-10,
    "e_C2H2_C2_H2_cm3_1_16": 6.586359926969918e-11,
    "C2HPlus_e_C2_H_cm3_6_18": 1.5108175088007752e-07,
    "C_CH_C2_H_cm3_7_4": 5.475830366020995e-11,
    "CH_C_C2_H_cm3_7_9": 1.8430122209407693e-10,
    "C2H_H_C2_H2_cm3_7_47": 1.7587734196202755e-10,
    "C2H2_H_C2_H2_H_cm3_7_50": 9.210858549373394e-12,
    "C2_H_CH_C_cm3_7_6": 4.0147934380148824e-11,
    "stick_C2_9_9": 3369.6116396067464,
    "loss_C2_11_3": 673.2498294431289,
    "stick_C2H2_9_11": 1218.77696778759,
    "loss_C2H2_11_19": 290.89817363910845,
    "CH3_CH3_C2H2_H2_H2_cm3_7_49": 4.845119443560003e-11,
    "C_CH3_C2_H2_H_cm3_7_8": 1.9438833170750406e-10,
    "CH3_CH_C2H2_H2_cm3_7_16": 2.4978356410182697e-10,
    "loss_CH_11_9": 4537.4263623180705,
    "stick_CH_9_3": 4453.27726548151,
    "stick_CH3_9_2": 1149.5426361186157,
    "e_CH4Plus_CH3_H_cm3_6_4": 1.3769408480135096e-06
  },
  "target_densities": {
    "H": 1659454795482260.0,
    "CH": 6091077022283.136,
    "C2": 24846240592335.047
  },
  "all_densities": {
    "e": 1740262320.974275,
    "Ar": 1.0260006290377222e+16,
    "CH4": 1810589345360686.2,
    "ArPlus": 1179201271069.9636,
    "CH4Plus": 326426109339.36536,
    "CH3Plus": 372474568087.6739,
    "CH5Plus": 704912840938.1361,
    "ArHPlus": 703118643151.2843,
    "CH3Minus": 133325.88271380533,
    "H": 1659454795482260.0,
    "C2": 24846240592335.047,
    "CH": 6091077022283.136,
    "H2": 3638228575173071.5,
    "ArStar": 790576425213.9215,
    "C2H4": 291229580596434.75,
    "C2H6": 86897790130032.52,
    "CH2": 35700976393357.31,
    "C2H2": 92957389691659.4,
    "C2H5": 54136585963054.67,
    "CH3": 106372838744838.17,
    "C": 20288904124225.13,
    "H3Plus": 83064094029.98564,
    "C2H3": 8105119349564.131,
    "C3H2": 69979635448151.11,
    "CHPlus": 30665364.183504235,
    "C3H": 27497863263274.047,
    "C4H2": 11551145040331.87,
    "C2H": 195532009083.21097,
    "C3H3": 3404752153999.4834,
    "C3H4": 134571861188835.05,
    "C3": 59923541429411.51,
    "C3H5": 164875057412209.03,
    "C4H": 29396644793516.113,
    "C3H6": 122508336565593.33,
    "CH2Plus": 4453129613.673279,
    "C2H5Plus": 280836467876.099,
    "C2H4Plus": 3249958925.1806564,
    "C2H3Plus": 2166639283.4537706,
    "HMinus": 101760922670.02129,
    "C2HPlus": 1229141466.3825312,
    "H2Plus": 92079266901.36833,
    "C2H2Star": 14697984167929.904
  }
}