{
  "pressure_mTorr": 500.0,
  "n_total": 1.2070595635737908e+16,
  "Te": 2.0547917432840683,
  "Ne": 206838379.54596,
  "E_field": 241.02829369659761,
  "n_i_total": 46785698863.34999,
  "Ni_over_Ne": 226.19447592874846,
  "charge_imbalance_pct": 22519.447592874847,
  "rate_values": {
    "CH_CH_C2_H2_cm3_5_4": 1.844634180069115e-10,
    "e_C2H2_C2_H2_cm3_1_16": 8.558842539386479e-11,
    "C2HPlus_e_C2_H_cm3_6_18": 2.3913223369767414e-07,
    "C_CH_C2_H_cm3_7_4": 1.7692884536517127e-10,
    "CH_C_C2_H_cm3_7_9": 6.944000933574477e-11,
    "C2H_H_C2_H2_cm3_7_47": 1.3571808618776854e-10,
    "C2H2_H_C2_H2_H_cm3_7_50": 1.6351744164651854e-11,
    "C2_H_CH_C_cm3_7_6": 3.9110043739115423e-11,
    "stick_C2_9_9": 6572.97407017449,
    "loss_C2_11_3": 1262.499410863542,
    "stick_C2H2_9_11": 1938.0935416680018,
    "loss_C2H2_11_19": 774.9000903353742,
    "CH3_CH3_C2H2_H2_H2_cm3_7_49": 3.496824243476967e-11,
    "C_CH3_C2_H2_H_cm3_7_8": 1.459780827821857e-10,
    "CH3_CH_C2H2_H2_cm3_7_16": 1.4051572384636685e-10,
    "loss_CH_11_9": 2947.4360976939556,
    "stick_CH_9_3": 2233.234215193824,
    "stick_CH3_9_2": 1197.3311522429076,
    "e_CH4Plus_CH3_H_cm3_6_4": 7.411071144704863e-07
  },
  "target_densities": {
    "H": 322505382125656.8,
    "CH": 96081978700.71727,
    "C2": 312416635892.16235
  },
  "all_densities": {
    "e": 206838379.54596,
    "Ar": 1.0260006290377222e+16,
    "CH4": 1810589345360686.2,
    "ArPlus": 16226712709.22731,
    "CH4Plus": 6357638645.352892,
    "CH3Plus": 5436609228.441539,
    "CH5Plus": 7908382340.291033,
    "ArHPlus": 7054156263.11043,
    "CH3Minus": 2362.338322242616,
    "H": 322505382125656.8,
    "C2": 312416635892.16235,
    "CH": 96081978700.71727,
    "H2": 48421369614065.08,
    "ArStar": 23750311092.174114,
    "C2H4": 15888313775337.436,
    "C2H6": 4937692483432.415,
    "CH2": 1372291472240.8022,
    "C2H2": 1190230035969.348,
    "C2H5": 644425143238.0986,
    "CH3": 14617314429141.008,
    "C": 371598520410.6937,
    "H3Plus": 761057.897181203,
    "C2H3": 235805570216.6809,
    "C3H2": 54558771139.21284,
    "CHPlus": 12503.736791351601,
    "C3H": 7834955786.891289,
    "C4H2": 51917107.243941404,
    "C2H": 264360706.56895357,
    "C3H3": 1562528674.1427326,
    "C3H4": 115809564712.24225,
    "C3": 12027232694.899435,
    "C3H5": 30958821443.404835,
    "C4H": 361525150.79552794,
    "C3H6": 67325957182.23798,
    "CH2Plus": 2814160.526423391,
    "C2H5Plus": 3747783125.0616097,
    "C2H4Plus": 4673979.532332488,
    "C2H3Plus": 3115986.354888326,
    "HMinus": 26132413684.381138,
    "C2HPlus": 366083.6912347562,
    "H2Plus": 42672780.12633018,
    "C2H2Star": 5653666725.104319
  }
}