{
  "pressure_mTorr": 500.0,
  "n_total": 1.2070595635737908e+16,
  "Te": 1.191897217075614,
  "Ne": 2096645141.1260066,
  "E_field": 22.48720796387039,
  "n_i_total": 5908075515.195312,
  "Ni_over_Ne": 2.8178709879452324,
  "charge_imbalance_pct": 181.78709879452325,
  "rate_values": {
    "loss_C2_11_3": 1063.227607005374,
    "e_CH4_CH3_HMinus_cm3_8_1": 9.743025445952568e-14,
    "loss_C2H2Star_11_25": 2320.3471456007983,
    "e_CH4Plus_CH2_H2_cm3_6_9": 1.8246599188479627e-06,
    "e_CH_CHPlus_2e_cm3_2_10": 1.7542516229432702e-12,
    "loss_C3H4_11_18": 1452.7725186169137,
    "e_CH4Plus_CH_H2_H_cm3_6_11": 5.164977961217846e-07,
    "loss_C3_11_14": 379.4471439014376,
    "stick_ArStar_9_5": 565.5713726016663,
    "loss_C3H_11_10": 398.8774716685004,
    "loss_C2H_11_12": 388.1094565579876,
    "e_CH4Plus_C_2H2_cm3_6_13": 8.803068352238642e-08,
    "loss_C4H_11_15": 893.4070647043836,
    "ArStar_CH4_CH3_H_cm3_3_1": 4.106092837318365e-10,
    "loss_CH_11_9": 4997.6868585387965,
    "loss_C3H3_11_13": 160.85684782900063,
    "loss_C3H6_11_16": 217.11843245662777,
    "loss_C4H2_11_11": 540.5217672624849,
    "e_CH4Plus_CH3_H_cm3_6_4": 1.8102036668930135e-07,
    "e_CH4_CH_H2_H_vib_cm3_1_3": 3.687075237947802e-11,
    "stick_C_9_10": 4242.244963088141,
    "stick_H_9_1": 218.59008286181108,
    "stick_C2_9_9": 3460.0497175550563,
    "stick_CH_9_3": 2633.203051157746,
    "loss_CH2_11_1": 2000.916414751357,
    "stick_CH3_9_2": 5383.896297244615,
    "e_Ar_ArStar_cm3_1_7": 1.1671768109671622e-10,
    "C2H2_C_C2_CH2_cm3_7_19": 8.489876630948774e-11,
    "CH2_C2H3_C2H2_CH3_cm3_7_53": 8.651964263607166e-11,
    "C2HPlus_e_C2_H_cm3_6_18": 2.1910673782680443e-07,
    "CH_CH4_C2H4_H_cm3_7_20": 7.134163095568649e-11,
    "C2H_H_C2_H2_cm3_7_47": 9.981334493101983e-11,
    "CH2_CH3_C2H2_H_H2_cm3_7_62": 9.427420342021378e-12,
    "CH_H_C_H2_cm3_7_3": 9.794146829428056e-11,
    "C_H_CH_cm3_7_12": 1.1142707007175441e-10,
    "e_CH4_CH3_H_cm3_1_1": 7.067289858610744e-11,
    "CH2_CH2_C2H2_H2_cm3_7_15": 8.031217735704963e-11,
    "CH_CH4_CH2_CH3_cm3_7_39": 8.049719383499493e-12,
    "C2H2_H_C2_H2_H_cm3_7_50": 1.0763685566537211e-11,
    "e_CH4_CH2_H2_cm3_1_2": 4.934094943830143e-11,
    "C2_H_CH_C_cm3_7_6": 1.1611002222081075e-10,
    "CH_CH3_C2H4_cm3_7_5": 9.124623775043835e-11,
    "CH_CH_C2_H2_cm3_5_4": 1.6153081983270457e-10,
    "e_C2H2_C2_H2_cm3_1_16": 6.830052630998316e-11,
    "CH_C_C2_H_cm3_7_9": 1.0693687611642086e-10,
    "CH3_CH3_C2H2_H2_H2_cm3_7_49": 8.942775215143376e-12,
    "C_CH3_C2_H2_H_cm3_7_8": 9.318454264143481e-11,
    "CH3_C2H5_C2H2_CH3_H2_cm3_7_61": 1.0586929374655652e-11,
    "CH2_H_CH_H2_cm3_7_1": 2.0253631618103675e-11,
    "C_CH_C2_H_cm3_7_4": 8.793016986912042e-11
  },
  "target_densities": {
    "H": 10632565158561.426,
    "CH": 2900419533.043961,
    "C2": 14274251699.946594
  },
  "all_densities": {
    "e": 2096645141.1260066,
    "Ar": 1.0260006290377222e+16,
    "CH4": 1810589345360686.2,
    "ArPlus": 246514325.04892322,
    "CH4Plus": 1633981658.09529,
    "CH3Plus": 162941706.36238295,
    "CH5Plus": 2483807373.6091437,
    "ArHPlus": 183281368.17312524,
    "CH3Minus": 94131.35464766921,
    "H": 10632565158561.426,
    "C2": 14274251699.946594,
    "CH": 2900419533.043961,
    "H2": 30730001425308.28,
    "ArStar": 966361322.4870064,
    "C2H4": 214193202050.1038,
    "C2H6": 1271241724494.028,
    "CH2": 430642018729.2949,
    "C2H2": 692491865711.622,
    "C2H5": 140788654538.35925,
    "CH3": 10700724445107.21,
    "C": 10803670260.14351,
    "H3Plus": 164581.37780210903,
    "C2H3": 1622254515.2470694,
    "C3H2": 200793454.8525482,
    "CHPlus": 41.75179127400786,
    "C3H": 121789746.47475664,
    "C4H2": 19728.40353345294,
    "C2H": 178228409.47000203,
    "C3H3": 333500.78647820733,
    "C3H4": 25284227.84645564,
    "C3": 128345345.75186971,
    "C3H5": 40834616.36540354,
    "C4H": 27171.005832344472,
    "C3H6": 460922027.4160824,
    "CH2Plus": 283697.5185681065,
    "C2H5Plus": 1188846253.5608516,
    "C2H4Plus": 65218.81195491757,
    "C2H3Plus": 43479.20796994505,
    "HMinus": 136815809.5095,
    "C2HPlus": 136480.52453636006,
    "H2Plus": 8009331.152974136,
    "C2H2Star": 17304238.887598988
  }
}