{
  "pressure_mTorr": 500.0,
  "n_total": 1.2070595635737908e+16,
  "Te": 1.2325385040785002,
  "Ne": 2180131662.109191,
  "E_field": 56.41544439298971,
  "n_i_total": 2465071150.1099763,
  "Ni_over_Ne": 1.1306982935723788,
  "charge_imbalance_pct": 13.06982935723789,
  "rate_values": {
    "loss_C2_11_3": 1871.1728278088603,
    "e_CH4_CH3_HMinus_cm3_8_1": 9.060182172986001e-13,
    "loss_C2H2Star_11_25": 3641.956835841631,
    "e_CH4Plus_CH2_H2_cm3_6_9": 1.4787765295014583e-06,
    "e_CH_CHPlus_2e_cm3_2_10": 1.3267587409659907e-11,
    "loss_C3H4_11_18": 781.3476382677037,
    "e_CH4Plus_CH_H2_H_cm3_6_11": 1.4448289615738905e-07,
    "loss_C3_11_14": 270.04377893790934,
    "stick_ArStar_9_5": 271.4484254651552,
    "loss_C3H_11_10": 553.5001479261863,
    "loss_C2H_11_12": 625.8457765962658,
    "e_CH4Plus_C_2H2_cm3_6_13": 1.7034006106715425e-08,
    "loss_C4H_11_15": 779.0959463591633,
    "ArStar_CH4_CH3_H_cm3_3_1": 3.4783024393600366e-10,
    "loss_CH_11_9": 9808.051486627823,
    "loss_C3H3_11_13": 866.1933299295551,
    "loss_C3H6_11_16": 476.8148568445953,
    "loss_C4H2_11_11": 251.62256776956588,
    "e_CH4Plus_CH3_H_cm3_6_4": 1.0426004446075539e-07,
    "e_CH4_CH_H2_H_vib_cm3_1_3": 6.567935572916033e-11,
    "stick_C_9_10": 2050.17122504661,
    "stick_H_9_1": 360.1171552505784,
    "stick_C2_9_9": 1522.3577378423047,
    "stick_CH_9_3": 2347.87628869263,
    "loss_CH2_11_1": 3798.4893196457388,
    "stick_CH3_9_2": 2622.902840963622,
    "e_Ar_ArStar_cm3_1_7": 1.0018034332876781e-10,
    "C2H2_C_C2_CH2_cm3_7_19": 9.704324501726498e-11,
    "CH2_C2H3_C2H2_CH3_cm3_7_53": 1.0843988950449268e-10,
    "C2HPlus_e_C2_H_cm3_6_18": 2.2833118074728148e-07,
    "CH_CH4_C2H4_H_cm3_7_20": 5.7493659062290874e-11,
    "C2H_H_C2_H2_cm3_7_47": 8.954681661793036e-11,
    "CH2_CH3_C2H2_H_H2_cm3_7_62": 9.493243783741701e-12,
    "CH_H_C_H2_cm3_7_3": 1.1590941366252007e-10,
    "C_H_CH_cm3_7_12": 9.490225436534984e-11,
    "e_CH4_CH3_H_cm3_1_1": 9.831683098205414e-11,
    "CH2_CH2_C2H2_H2_cm3_7_15": 1.0156049124336095e-10,
    "CH_CH4_CH2_CH3_cm3_7_39": 1.1326411813021722e-11,
    "C2H2_H_C2_H2_H_cm3_7_50": 9.262583719379715e-12,
    "e_CH4_CH2_H2_cm3_1_2": 3.4885526595845735e-11,
    "C2_H_CH_C_cm3_7_6": 1.0157129549238227e-10,
    "CH_CH3_C2H4_cm3_7_5": 9.835397013785263e-11,
    "CH_CH_C2_H2_cm3_5_4": 1.4714696663140872e-10,
    "e_C2H2_C2_H2_cm3_1_16": 7.775372414589089e-11,
    "CH_C_C2_H_cm3_7_9": 1.0556128422384702e-10,
    "CH3_CH3_C2H2_H2_H2_cm3_7_49": 8.552430454040691e-12,
    "C_CH3_C2_H2_H_cm3_7_8": 9.403334556351385e-11,
    "CH3_C2H5_C2H2_CH3_H2_cm3_7_61": 1.1299677963300231e-11,
    "CH2_H_CH_H2_cm3_7_1": 1.2906232293017387e-11,
    "C_CH_C2_H_cm3_7_4": 1.1206373915567488e-10
  },
  "target_densities": {
    "H": 10429556361813.184,
    "CH": 3944756451.41093,
    "C2": 33109050116.068825
  },
  "all_densities": {
    "e": 2180131662.109191,
    "Ar": 1.0260006290377222e+16,
    "CH4": 1810589345360686.2,
    "ArPlus": 231339384.04187146,
    "CH4Plus": 641628946.8167521,
    "CH3Plus": 143027645.5648442,
    "CH5Plus": 871303064.4390963,
    "ArHPlus": 154418514.59260106,
    "CH3Minus": 60933.310568926514,
    "H": 10429556361813.184,
    "C2": 33109050116.068825,
    "CH": 3944756451.41093,
    "H2": 31157295305065.945,
    "ArStar": 900993137.761273,
    "C2H4": 244262579972.99298,
    "C2H6": 2759751594572.955,
    "CH2": 535050554276.33185,
    "C2H2": 1456612692461.5935,
    "C2H5": 251425295746.2012,
    "CH3": 15768206089003.06,
    "C": 20475442069.604496,
    "H3Plus": 110862.86934549152,
    "C2H3": 3201363538.088339,
    "C3H2": 574371655.9499601,
    "CHPlus": 180.39982395768084,
    "C3H": 318532038.4413085,
    "C4H2": 83678.23849962605,
    "C2H": 470633013.30010927,
    "C3H3": 596760.1963194016,
    "C3H4": 52177776.32140259,
    "C3": 395198919.73658735,
    "C3H5": 99181155.74427283,
    "C4H": 111663.33949765482,
    "C3H6": 1092630895.415058,
    "CH2Plus": 123327.29476223873,
    "C2H5Plus": 416954925.03290004,
    "C2H4Plus": 30867.07066219322,
    "C2H3Plus": 20578.047108128812,
    "HMinus": 746416652.5022182,
    "C2HPlus": 120528.59746188608,
    "H2Plus": 5992325.342747049,
    "C2H2Star": 21621311.28026807
  }
}