{
  "pressure_mTorr": 500.0,
  "n_total": 1.2070595635737908e+16,
  "Te": 1.3681855408894004,
  "Ne": 2054790116.8847332,
  "E_field": 47.19023678682217,
  "n_i_total": 2332457614.462233,
  "Ni_over_Ne": 1.1351318050908632,
  "charge_imbalance_pct": 13.513180509086325,
  "rate_values": {
    "loss_C2_11_3": 705.4463109066107,
    "e_CH4_CH3_HMinus_cm3_8_1": 5.147646402966312e-14,
    "loss_C2H2Star_11_25": 8542.290490172112,
    "e_CH4Plus_CH2_H2_cm3_6_9": 1.4489306680445102e-06,
    "e_CH_CHPlus_2e_cm3_2_10": 1.3764877747791358e-11,
    "loss_C3H4_11_18": 1287.8486481411637,
    "e_CH4Plus_CH_H2_H_cm3_6_11": 1.2112042894291843e-07,
    "loss_C3_11_14": 393.57253478282206,
    "stick_ArStar_9_5": 383.8142751906744,
    "loss_C3H_11_10": 954.5620871487697,
    "loss_C2H_11_12": 560.8444967834514,
    "e_CH4Plus_C_2H2_cm3_6_13": 2.653340739162197e-08,
    "loss_C4H_11_15": 957.6532057818698,
    "ArStar_CH4_CH3_H_cm3_3_1": 4.938410440110394e-10,
    "loss_CH_11_9": 9540.777362455672,
    "loss_C3H3_11_13": 323.712541085189,
    "loss_C3H6_11_16": 796.9699227419161,
    "loss_C4H2_11_11": 491.0390519454423,
    "e_CH4Plus_CH3_H_cm3_6_4": 6.732483649256193e-07,
    "e_CH4_CH_H2_H_vib_cm3_1_3": 3.520626872881614e-11,
    "stick_C_9_10": 3037.184086547613,
    "stick_H_9_1": 136.900918552217,
    "stick_C2_9_9": 5982.006648407691,
    "stick_CH_9_3": 2293.6136149729955,
    "loss_CH2_11_1": 1588.8958214771003,
    "stick_CH3_9_2": 2520.0582981095213,
    "e_Ar_ArStar_cm3_1_7": 6.956828762717555e-11,
    "C2H2_C_C2_CH2_cm3_7_19": 9.078194799055595e-11,
    "CH2_C2H3_C2H2_CH3_cm3_7_53": 8.413205280312088e-11,
    "C2HPlus_e_C2_H_cm3_6_18": 2.599455292196873e-07,
    "CH_CH4_C2H4_H_cm3_7_20": 6.534637174709707e-11,
    "C2H_H_C2_H2_cm3_7_47": 9.783933596435115e-11,
    "CH2_CH3_C2H2_H_H2_cm3_7_62": 9.026012155643821e-12,
    "CH_H_C_H2_cm3_7_3": 9.064479131961127e-11,
    "C_H_CH_cm3_7_12": 9.397340474558445e-11,
    "e_CH4_CH3_H_cm3_1_1": 1.1713789916567112e-10,
    "CH2_CH2_C2H2_H2_cm3_7_15": 1.1536351819563294e-10,
    "CH_CH4_CH2_CH3_cm3_7_39": 8.955847385753295e-12,
    "C2H2_H_C2_H2_H_cm3_7_50": 1.0974546071163187e-11,
    "e_CH4_CH2_H2_cm3_1_2": 5.0921289166740197e-11,
    "C2_H_CH_C_cm3_7_6": 1.1166304648988545e-10,
    "CH_CH3_C2H4_cm3_7_5": 1.1557412834287257e-10,
    "CH_CH_C2_H2_cm3_5_4": 1.302125318302538e-10,
    "e_C2H2_C2_H2_cm3_1_16": 1.1143702809818574e-10,
    "CH_C_C2_H_cm3_7_9": 9.621863849767466e-11,
    "CH3_CH3_C2H2_H2_H2_cm3_7_49": 8.499110827559458e-12,
    "C_CH3_C2_H2_H_cm3_7_8": 1.0521641725181065e-10,
    "CH3_C2H5_C2H2_CH3_H2_cm3_7_61": 9.539168904830506e-12,
    "CH2_H_CH_H2_cm3_7_1": 1.2301221221925099e-11,
    "C_CH_C2_H_cm3_7_4": 1.039019148256681e-10
  },
  "target_densities": {
    "H": 10689881967499.158,
    "CH": 3001814650.690213,
    "C2": 24698494034.723927
  },
  "all_densities": {
    "e": 2054790116.8847332,
    "Ar": 1.0260006290377222e+16,
    "CH4": 1810589345360686.2,
    "ArPlus": 182782843.59627718,
    "CH4Plus": 614989052.2928383,
    "CH3Plus": 118326508.664319,
    "CH5Plus": 852958283.7382258,
    "ArHPlus": 125327666.81532408,
    "CH3Minus": 80865.02532973573,
    "H": 10689881967499.158,
    "C2": 24698494034.723927,
    "CH": 3001814650.690213,
    "H2": 32008106354932.72,
    "ArStar": 532901048.6295703,
    "C2H4": 226221818347.7129,
    "C2H6": 2946607734862.8823,
    "CH2": 765931416934.2322,
    "C2H2": 1574608126264.8967,
    "C2H5": 374781639925.5519,
    "CH3": 16293004977746.102,
    "C": 20180246456.8045,
    "H3Plus": 484995.4483921114,
    "C2H3": 2518207608.6535754,
    "C3H2": 472526330.60557824,
    "CHPlus": 160.2207516510068,
    "C3H": 214375374.36247298,
    "C4H2": 36961.55688118568,
    "C2H": 496963613.42079216,
    "C3H3": 480341.37720750814,
    "C3H4": 29433731.835476637,
    "C3": 296607678.81162214,
    "C3H5": 112502501.75382258,
    "C4H": 64250.87320480455,
    "C3H6": 765108598.086654,
    "CH2Plus": 174607.21624000484,
    "C2H5Plus": 412468143.5080025,
    "C2H4Plus": 32209.374065831533,
    "C2H3Plus": 21472.916043887693,
    "HMinus": 79490446.33154136,
    "C2HPlus": 146548.63805605983,
    "H2Plus": 24745122.033696648,
    "C2H2Star": 5893807.914628524
  }
}