{
  "pressure_mTorr": 500.0,
  "n_total": 1.2070595635737908e+16,
  "Te": 1.0311441022209669,
  "Ne": 2756534338.0264215,
  "E_field": 58.22736808165919,
  "n_i_total": 1649934827.524961,
  "Ni_over_Ne": 0.5985540628912515,
  "charge_imbalance_pct": 40.14459371087485,
  "rate_values": {
    "loss_C2_11_3": 1992.9702825400677,
    "e_CH4_CH3_HMinus_cm3_8_1": 8.562811602798524e-13,
    "loss_C2H2Star_11_25": 3857.9433323834705,
    "e_CH4Plus_CH2_H2_cm3_6_9": 1.37937150366376e-06,
    "e_CH_CHPlus_2e_cm3_2_10": 4.195926435963764e-12,
    "loss_C3H4_11_18": 1099.1086178493983,
    "e_CH4Plus_CH_H2_H_cm3_6_11": 1.8529771301067168e-07,
    "loss_C3_11_14": 869.1850164966702,
    "stick_ArStar_9_5": 118.13938459908172,
    "loss_C3H_11_10": 484.56674811945834,
    "loss_C2H_11_12": 227.4549810657058,
    "e_CH4Plus_C_2H2_cm3_6_13": 5.284792724640662e-08,
    "loss_C4H_11_15": 613.0309636138293,
    "ArStar_CH4_CH3_H_cm3_3_1": 3.9935786881571655e-10,
    "loss_CH_11_9": 4255.684222379961,
    "loss_C3H3_11_13": 952.4547683406586,
    "loss_C3H6_11_16": 860.8224819563774,
    "loss_C4H2_11_11": 944.9796339530951,
    "e_CH4Plus_CH3_H_cm3_6_4": 3.176101293420532e-07,
    "e_CH4_CH_H2_H_vib_cm3_1_3": 9.310018854504627e-11,
    "stick_C_9_10": 1637.34585916969,
    "stick_H_9_1": 311.21637878485956,
    "stick_C2_9_9": 2534.6862705159792,
    "stick_CH_9_3": 3371.801938589236,
    "loss_CH2_11_1": 3118.4271138041595,
    "stick_CH3_9_2": 5102.167244688776,
    "e_Ar_ArStar_cm3_1_7": 6.869986035180595e-11,
    "C2H2_C_C2_CH2_cm3_7_19": 1.005068975884077e-10,
    "CH2_C2H3_C2H2_CH3_cm3_7_53": 8.529317344868328e-11,
    "C2HPlus_e_C2_H_cm3_6_18": 1.9544054741975415e-07,
    "CH_CH4_C2H4_H_cm3_7_20": 5.8038317690340904e-11,
    "C2H_H_C2_H2_cm3_7_47": 1.1884130447339808e-10,
    "CH2_CH3_C2H2_H_H2_cm3_7_62": 1.159738501267022e-11,
    "CH_H_C_H2_cm3_7_3": 1.0709110602054791e-10,
    "C_H_CH_cm3_7_12": 1.1223036727686714e-10,
    "e_CH4_CH3_H_cm3_1_1": 9.079658691979919e-11,
    "CH2_CH2_C2H2_H2_cm3_7_15": 9.975024307166402e-11,
    "CH_CH4_CH2_CH3_cm3_7_39": 1.1000651026849163e-11,
    "C2H2_H_C2_H2_H_cm3_7_50": 1.1049406475573329e-11,
    "e_CH4_CH2_H2_cm3_1_2": 2.971115756425228e-11,
    "C2_H_CH_C_cm3_7_6": 1.0401062792453939e-10,
    "CH_CH3_C2H4_cm3_7_5": 9.857264837674289e-11,
    "CH_CH_C2_H2_cm3_5_4": 1.77436879540128e-10,
    "e_C2H2_C2_H2_cm3_1_16": 7.818140502018185e-11,
    "CH_C_C2_H_cm3_7_9": 9.579859022552378e-11,
    "CH3_CH3_C2H2_H2_H2_cm3_7_49": 8.313093231844938e-12,
    "C_CH3_C2_H2_H_cm3_7_8": 9.775078420800143e-11,
    "CH3_C2H5_C2H2_CH3_H2_cm3_7_61": 8.379586612120863e-12,
    "CH2_H_CH_H2_cm3_7_1": 1.005868023691255e-11,
    "C_CH_C2_H_cm3_7_4": 8.70449065734293e-11
  },
  "target_densities": {
    "H": 10524826827670.846,
    "CH": 4475854115.997805,
    "C2": 14660337339.624914
  },
  "all_densities": {
    "e": 2756534338.0264215,
    "Ar": 1.0260006290377222e+16,
    "CH4": 1810589345360686.2,
    "ArPlus": 167127052.54326883,
    "CH4Plus": 417158145.829722,
    "CH3Plus": 95970741.95336688,
    "CH5Plus": 587163157.8518398,
    "ArHPlus": 111032931.77726325,
    "CH3Minus": 40720.29196266237,
    "H": 10524826827670.846,
    "C2": 14660337339.624914,
    "CH": 4475854115.997805,
    "H2": 30429114437147.793,
    "ArStar": 753845702.8808775,
    "C2H4": 268314273689.2525,
    "C2H6": 1345389182876.2058,
    "CH2": 358227024610.7269,
    "C2H2": 683509867472.0153,
    "C2H5": 121463527026.26865,
    "CH3": 11008811229587.426,
    "C": 14761608551.252272,
    "H3Plus": 10265.657703358731,
    "C2H3": 2577161410.2758136,
    "C3H2": 305792177.24745613,
    "CHPlus": 79.28855707611841,
    "C3H": 176326523.3332996,
    "C4H2": 35955.31288823781,
    "C2H": 223435176.92052448,
    "C3H3": 523733.72981749085,
    "C3H4": 56235335.00590964,
    "C3": 150554363.64735642,
    "C3H5": 54365302.73841352,
    "C4H": 73465.29402377976,
    "C3H6": 479121547.94738126,
    "CH2Plus": 53679.99279567773,
    "C2H5Plus": 270782001.2680142,
    "C2H4Plus": 19299.50498986414,
    "C2H3Plus": 12866.336659909428,
    "HMinus": 883255127.5946895,
    "C2HPlus": 33098.39836006754,
    "H2Plus": 571507.1224202616,
    "C2H2Star": 8013507.696891816
  }
}