{
  "pressure_mTorr": 500.0,
  "n_total": 1.2070595635737908e+16,
  "Te": 1.3958945154423081,
  "Ne": 40548799.81025349,
  "E_field": 151.56955585518347,
  "n_i_total": 370763874.24792874,
  "Ni_over_Ne": 9.143646075417857,
  "charge_imbalance_pct": 814.3646075417857,
  "rate_values": {
    "CH_CH_C2_H2_cm3_5_4": 2.8993861960354793e-10,
    "e_C2H2_C2_H2_cm3_1_16": 1.3714029548363014e-10,
    "C2HPlus_e_C2_H_cm3_6_18": 1.2312490717367924e-06,
    "C_CH_C2_H_cm3_7_4": 5.392775189997421e-10,
    "CH_C_C2_H_cm3_7_9": 4.210799717018823e-10,
    "C2H_H_C2_H2_cm3_7_47": 1.448176901596583e-10,
    "C2H2_H_C2_H2_H_cm3_7_50": 3.469528144166664e-11,
    "C2_H_CH_C_cm3_7_6": 1.1188505688716726e-10,
    "stick_C2_9_9": 3584.5271069967853,
    "loss_C2_11_3": 111.1909891140815,
    "stick_C2H2_9_11": 277.1875715585838,
    "loss_C2H2_11_19": 2019.4366355216312,
    "CH3_CH3_C2H2_H2_H2_cm3_7_49": 9.19737501468843e-11,
    "CH3_CH_C2H2_H2_cm3_7_16": 4.0178411368949394e-10,
    "e_CH4Plus_CH3_H_cm3_6_4": 7.069109364751868e-07,
    "e_CH4Plus_CH2_H2_cm3_6_9": 3.1689085209548135e-06,
    "ArStar_CH4_CH3_H_cm3_3_1": 1.0482700729353574e-09,
    "stick_ArStar_9_5": 396.2388044683893,
    "e_CH4_CH3_HMinus_cm3_8_1": 3.3625143175143794e-12,
    "loss_CH_11_9": 11764.352099958847,
    "stick_CH_9_3": 11405.903521176882,
    "stick_CH3_9_2": 190.33633904936846
  },
  "target_densities": {
    "H": 200508590779011.38,
    "CH": 1002277388.6018088,
    "C2": 1962770210.402859
  },
  "all_densities": {
    "e": 40548799.81025349,
    "Ar": 1.0260006290377222e+16,
    "CH4": 1810589345360686.2,
    "ArPlus": 90073368.65532497,
    "CH4Plus": 64615026.31041876,
    "CH3Plus": 39464802.012193166,
    "CH5Plus": 86710505.37673059,
    "ArHPlus": 47028839.34573403,
    "CH3Minus": 31.80543183275959,
    "H": 200508590779011.38,
    "C2": 1962770210.402859,
    "CH": 1002277388.6018088,
    "H2": 410847481044.83405,
    "ArStar": 204346785.8173115,
    "C2H4": 169032284786.78616,
    "C2H6": 17350886756.824528,
    "CH2": 16585615805.560795,
    "C2H2": 7370130379.427044,
    "C2H5": 490611366.1066878,
    "CH3": 853718717667.4526,
    "C": 4740441761.184696,
    "H3Plus": 0.5183428509355689,
    "C2H3": 228320478.6916887,
    "C3H2": 3691607.507807164,
    "CHPlus": 2.9056953316853416,
    "C3H": 509407.2043465165,
    "C4H2": 35.21153948326721,
    "C2H": 26343.037727364223,
    "C3H3": 15782.100217063491,
    "C3H4": 12852342.116141174,
    "C3": 780785.8918733101,
    "C3H5": 245864.3394198885,
    "C4H": 255.17342983915836,
    "C3H6": 2144634.47880019,
    "CH2Plus": 392.6195872546144,
    "C2H5Plus": 42866206.46981592,
    "C2H4Plus": 1145.214405545404,
    "C2H3Plus": 763.4762703636025,
    "HMinus": 373329314.20715004,
    "C2HPlus": 42.40898682521982,
    "H2Plus": 2778.9344231204727,
    "C2H2Star": 301212.4908180878
  }
}