{
  "pressure_mTorr": 500.0,
  "n_total": 1.2070595635737908e+16,
  "Te": 1.4353305179858826,
  "Ne": 35785452.75511382,
  "E_field": 162.80028534272617,
  "n_i_total": 362519355.37962633,
  "Ni_over_Ne": 10.130355422925913,
  "charge_imbalance_pct": 913.0355422925912,
  "rate_values": {
    "CH_CH_C2_H2_cm3_5_4": 2.3050057927449734e-10,
    "e_C2H2_C2_H2_cm3_1_16": 2.8574992647875776e-10,
    "C2HPlus_e_C2_H_cm3_6_18": 7.561212369512761e-07,
    "C_CH_C2_H_cm3_7_4": 4.156633800497795e-10,
    "CH_C_C2_H_cm3_7_9": 4.816767316052339e-10,
    "C2H_H_C2_H2_cm3_7_47": 4.454627422120632e-10,
    "C2H2_H_C2_H2_H_cm3_7_50": 4.6761927805816304e-11,
    "C2_H_CH_C_cm3_7_6": 3.3335968092693236e-11,
    "stick_C2_9_9": 5497.381061906355,
    "loss_C2_11_3": 2105.008984791325,
    "stick_C2H2_9_11": 634.5089966933624,
    "loss_C2H2_11_19": 3656.3630494419067,
    "CH3_CH3_C2H2_H2_H2_cm3_7_49": 1.0024815110463526e-10,
    "CH3_CH_C2H2_H2_cm3_7_16": 6.551529905531262e-10,
    "e_CH4Plus_CH3_H_cm3_6_4": 3.098780860642957e-06,
    "e_CH4Plus_CH2_H2_cm3_6_9": 2.542651465082861e-07,
    "ArStar_CH4_CH3_H_cm3_3_1": 2.9340921793839944e-09,
    "stick_ArStar_9_5": 744.4324563464287,
    "e_CH4_CH3_HMinus_cm3_8_1": 1.3942297860108486e-12,
    "loss_CH_11_9": 7414.97365607661,
    "stick_CH_9_3": 2622.861487185901,
    "stick_CH3_9_2": 688.0460487071211
  },
  "target_densities": {
    "H": 201281971499642.28,
    "CH": 820623189.3685814,
    "C2": 2533734417.8003373
  },
  "all_densities": {
    "e": 35785452.75511382,
    "Ar": 1.0260006290377222e+16,
    "CH4": 1810589345360686.2,
    "ArPlus": 93917567.55869845,
    "CH4Plus": 60644785.899090946,
    "CH3Plus": 39430311.1222361,
    "CH5Plus": 81190144.75004555,
    "ArHPlus": 47458498.76723641,
    "CH3Minus": 24.06210430652286,
    "H": 201281971499642.28,
    "C2": 2533734417.8003373,
    "CH": 820623189.3685814,
    "H2": 363902274742.83075,
    "ArStar": 120260560.8072851,
    "C2H4": 138385962999.88962,
    "C2H6": 12316004176.561203,
    "CH2": 15379767612.90763,
    "C2H2": 3851897433.976189,
    "C2H5": 383528582.486334,
    "CH3": 719271215418.4513,
    "C": 3238798876.941196,
    "H3Plus": 0.44653569492133655,
    "C2H3": 157941007.84248155,
    "C3H2": 1579829.956146461,
    "CHPlus": 2.44445811311565,
    "C3H": 217984.65338818607,
    "C4H2": 12.336776654952967,
    "C2H": 3721.348212359166,
    "C3H3": 8938.624385364508,
    "C3H4": 8615103.67950987,
    "C3": 504788.8824335663,
    "C3H5": 157366.22428697324,
    "C4H": 89.41000670847828,
    "C3H6": 1251663.9193716587,
    "CH2Plus": 338.66259063342807,
    "C2H5Plus": 39873302.42977935,
    "C2H4Plus": 960.5065644838086,
    "C2H3Plus": 640.3377096558722,
    "HMinus": 209601340.62045154,
    "C2HPlus": 23.117268225664706,
    "H2Plus": 2779.3374127007028,
    "C2H2Star": 92646.26911642379
  }
}