{
  "pressure_mTorr": 500.0,
  "n_total": 1.2070595635737908e+16,
  "Te": 1.1463709154548587,
  "Ne": 63332823.56995589,
  "E_field": 204.6377950104867,
  "n_i_total": 41070870.56526023,
  "Ni_over_Ne": 0.6484926496273192,
  "charge_imbalance_pct": 35.15073503726808,
  "rate_values": {
    "CH_CH_C2_H2_cm3_5_4": 3.9486669481869614e-10,
    "e_C2H2_C2_H2_cm3_1_16": 8.88451935875507e-11,
    "C2HPlus_e_C2_H_cm3_6_18": 1.7533835487992603e-07,
    "C_CH_C2_H_cm3_7_4": 6.338329662154192e-11,
    "CH_C_C2_H_cm3_7_9": 2.9246129205365227e-10,
    "C2H_H_C2_H2_cm3_7_47": 3.7468616524063827e-10,
    "C2H2_H_C2_H2_H_cm3_7_50": 3.10085611138447e-11,
    "C2_H_CH_C_cm3_7_6": 6.710163895550697e-11,
    "stick_C2_9_9": 4175.493494653179,
    "loss_C2_11_3": 1331.2262425220742,
    "stick_C2H2_9_11": 341.39186979321937,
    "loss_C2H2_11_19": 3341.3662747837216,
    "CH3_CH3_C2H2_H2_H2_cm3_7_49": 1.403054517218065e-10,
    "CH3_CH_C2H2_H2_cm3_7_16": 3.1599355856027126e-10,
    "e_CH4Plus_CH3_H_cm3_6_4": 3.648902066043245e-07,
    "e_CH4Plus_CH2_H2_cm3_6_9": 2.9997068233939264e-06,
    "ArStar_CH4_CH3_H_cm3_3_1": 1.629777754390444e-09,
    "stick_ArStar_9_5": 1727.509529822932,
    "e_CH4_CH3_HMinus_cm3_8_1": 5.621943923665012e-13,
    "loss_CH_11_9": 8745.91320019421,
    "stick_CH_9_3": 12890.747710727426,
    "stick_CH3_9_2": 972.8056573234599
  },
  "target_densities": {
    "H": 199393791295638.56,
    "CH": 127237689.72427107,
    "C2": 60069069.186755195
  },
  "all_densities": {
    "e": 63332823.56995589,
    "Ar": 1.0260006290377222e+16,
    "CH4": 1810589345360686.2,
    "ArPlus": 11561260.846390417,
    "CH4Plus": 7221938.1268503135,
    "CH3Plus": 5069895.133042804,
    "CH5Plus": 7735298.865135083,
    "ArHPlus": 5404153.57116137,
    "CH3Minus": 4.686798346398479,
    "H": 199393791295638.56,
    "C2": 60069069.186755195,
    "CH": 127237689.72427107,
    "H2": 45290055873.446396,
    "ArStar": 37612574.88000372,
    "C2H4": 21445361058.08258,
    "C2H6": 304391640.5448219,
    "CH2": 2404953031.568853,
    "C2H2": 183464273.22098058,
    "C2H5": 9452538.133343872,
    "CH3": 113055807793.8665,
    "C": 424668987.0300109,
    "H3Plus": 0.0005258278329829734,
    "C2H3": 3937074.5737030976,
    "C3H2": 11671.042637539074,
    "CHPlus": 0.07365138140753803,
    "C3H": 1609.8872712581317,
    "C4H2": 0.014126781869751422,
    "C2H": 35.72669817605547,
    "C3H3": 34.54788089863114,
    "C3H4": 207001.6562735589,
    "C3": 2664.115134206916,
    "C3H5": 601.3595570586241,
    "C4H": 0.10241355185337483,
    "C3H6": 4795.868552439052,
    "CH2Plus": 5.417041199121967,
    "C2H5Plus": 4078239.96969166,
    "C2H4Plus": 29.627902345897148,
    "C2H3Plus": 19.751934897264768,
    "HMinus": 72807033.09767538,
    "C2HPlus": 0.1872326286983383,
    "H2Plus": 28.994700309433885,
    "C2H2Star": 1380.1127428659188
  }
}