{
  "pressure_mTorr": 500.0,
  "n_total": 1.2070595635737908e+16,
  "Te": 1.8129550072698755,
  "Ne": 49301644.636174485,
  "E_field": 299.5161713844739,
  "n_i_total": 3068033612.656591,
  "Ni_over_Ne": 62.2298431481829,
  "charge_imbalance_pct": 6122.984314818289,
  "rate_values": {
    "CH_CH_C2_H2_cm3_5_4": 3.717753446777664e-10,
    "e_C2H2_C2_H2_cm3_1_16": 4.28906110820006e-10,
    "C2HPlus_e_C2_H_cm3_6_18": 4.396389957430553e-07,
    "C_CH_C2_H_cm3_7_4": 2.3241976312300704e-10,
    "CH_C_C2_H_cm3_7_9": 5.897351549229863e-10,
    "C2H_H_C2_H2_cm3_7_47": 2.629933357942498e-10,
    "C2H2_H_C2_H2_H_cm3_7_50": 3.29312337582881e-11,
    "C2_H_CH_C_cm3_7_6": 1.0905503365887207e-10,
    "stick_C2_9_9": 2408.8192594046773,
    "loss_C2_11_3": 775.2844592583078,
    "stick_C2H2_9_11": 169.6516697304837,
    "loss_C2H2_11_19": 1377.8239951316718,
    "CH3_CH3_C2H2_H2_H2_cm3_7_49": 1.0543091508662858e-10,
    "CH3_CH_C2H2_H2_cm3_7_16": 1.021412108146943e-10,
    "e_CH4Plus_CH3_H_cm3_6_4": 1.441896062761566e-06,
    "e_CH4Plus_CH2_H2_cm3_6_9": 4.066227500811734e-06,
    "ArStar_CH4_CH3_H_cm3_3_1": 1.2854434390627745e-09,
    "stick_ArStar_9_5": 297.003960814243,
    "e_CH4_CH3_HMinus_cm3_8_1": 2.1174680558223563e-12,
    "loss_CH_11_9": 4942.826898258372,
    "stick_CH_9_3": 9257.474139838268,
    "stick_CH3_9_2": 2411.7963034114327
  },
  "target_densities": {
    "H": 215594486700217.25,
    "CH": 8002104815.741902,
    "C2": 12345581426.357567
  },
  "all_densities": {
    "e": 49301644.636174485,
    "Ar": 1.0260006290377222e+16,
    "CH4": 1810589345360686.2,
    "ArPlus": 1201414717.6189961,
    "CH4Plus": 398556616.9101284,
    "CH3Plus": 372573378.15401715,
    "CH5Plus": 426727292.75292677,
    "ArHPlus": 463617650.9806614,
    "CH3Minus": 62.5114215198375,
    "H": 215594486700217.25,
    "C2": 12345581426.357567,
    "CH": 8002104815.741902,
    "H2": 3043377814901.818,
    "ArStar": 1689752413.3371663,
    "C2H4": 1348243440755.974,
    "C2H6": 86085046010.99759,
    "CH2": 130211483527.17706,
    "C2H2": 46307666470.97996,
    "C2H5": 8532844433.897237,
    "CH3": 1902647946517.0415,
    "C": 34541707772.37879,
    "H3Plus": 184.6634901565709,
    "C2H3": 3904405767.856728,
    "C3H2": 184541042.05593038,
    "CHPlus": 94.07466500672905,
    "C3H": 25541683.699521687,
    "C4H2": 14095.671043730963,
    "C2H": 669592.9257032856,
    "C3H3": 2154721.668798399,
    "C3H4": 818459576.7636135,
    "C3": 39182074.071943305,
    "C3H5": 34140357.768232785,
    "C4H": 101842.53526467514,
    "C3H6": 93825587.33593532,
    "CH2Plus": 14725.947290863094,
    "C2H5Plus": 204883914.20990333,
    "C2H4Plus": 36143.98232277453,
    "C2H3Plus": 24095.98821518302,
    "HMinus": 2708676865.6107945,
    "C2HPlus": 1224.7440078944383,
    "H2Plus": 183572.62996572736,
    "C2H2Star": 15649698.235070191
  }
}