{
  "pressure_mTorr": 500.0,
  "n_total": 1.2070595635737908e+16,
  "Te": 1.4670289628574804,
  "Ne": 35311067.06693129,
  "E_field": 254.25815951674952,
  "n_i_total": 315258471.4115617,
  "Ni_over_Ne": 8.928035814210789,
  "charge_imbalance_pct": 792.803581421079,
  "rate_values": {
    "CH_CH_C2_H2_cm3_5_4": 8.192620154679165e-10,
    "e_C2H2_C2_H2_cm3_1_16": 2.337463192653791e-10,
    "C2HPlus_e_C2_H_cm3_6_18": 6.197780089127129e-07,
    "C_CH_C2_H_cm3_7_4": 4.94482903587808e-10,
    "CH_C_C2_H_cm3_7_9": 2.8143043852425196e-10,
    "C2H_H_C2_H2_cm3_7_47": 1.6450990024208193e-10,
    "C2H2_H_C2_H2_H_cm3_7_50": 2.1689366845264413e-11,
    "C2_H_CH_C_cm3_7_6": 1.6215714116096264e-10,
    "stick_C2_9_9": 4805.804208402626,
    "loss_C2_11_3": 1019.9306735677673,
    "stick_C2H2_9_11": 34.79900655813793,
    "loss_C2H2_11_19": 2709.559375534848,
    "CH3_CH3_C2H2_H2_H2_cm3_7_49": 1.9224291897906314e-11,
    "CH3_CH_C2H2_H2_cm3_7_16": 5.119702651066648e-11,
    "e_CH4Plus_CH3_H_cm3_6_4": 2.0162029726488912e-06,
    "e_CH4Plus_CH2_H2_cm3_6_9": 3.17716487029273e-06,
    "ArStar_CH4_CH3_H_cm3_3_1": 2.126131679661485e-09,
    "stick_ArStar_9_5": 661.7347479585212,
    "e_CH4_CH3_HMinus_cm3_8_1": 2.3219775618575807e-12,
    "loss_CH_11_9": 3362.0678801246304,
    "stick_CH_9_3": 13553.868938966243,
    "stick_CH3_9_2": 105.540783271176
  },
  "target_densities": {
    "H": 201483004111661.9,
    "CH": 1068710898.491486,
    "C2": 901653858.5998403
  },
  "all_densities": {
    "e": 35311067.06693129,
    "Ar": 1.0260006290377222e+16,
    "CH4": 1810589345360686.2,
    "ArPlus": 108787008.99541882,
    "CH4Plus": 46395806.02293876,
    "CH3Plus": 38809348.67163675,
    "CH5Plus": 50536805.85182067,
    "ArHPlus": 45596655.32425134,
    "CH3Minus": 32.73807024894099,
    "H": 201483004111661.9,
    "C2": 901653858.5998403,
    "CH": 1068710898.491486,
    "H2": 407787909716.88385,
    "ArStar": 179128560.83382532,
    "C2H4": 180445354598.96045,
    "C2H6": 67768712825.06434,
    "CH2": 20664740244.946426,
    "C2H2": 7939102312.412216,
    "C2H5": 1203923875.0704467,
    "CH3": 1687443364429.9978,
    "C": 4582039995.340718,
    "H3Plus": 0.36943874543827876,
    "C2H3": 478976336.99074847,
    "C3H2": 4240036.8959366,
    "CHPlus": 2.389026291560655,
    "C3H": 585102.0593494027,
    "C4H2": 43.12447914182889,
    "C2H": 26664.15475316815,
    "C3H3": 35302.56768700301,
    "C3H4": 14629538.534225987,
    "C3": 718056.5362909653,
    "C3H5": 643323.2831209443,
    "C4H": 312.50852694437623,
    "C3H6": 8793273.063385054,
    "CH2Plus": 286.7700661600283,
    "C2H5Plus": 25128446.885843735,
    "C2H4Plus": 936.9785139073001,
    "C2H3Plus": 624.6523426048666,
    "HMinus": 315556852.68568057,
    "C2HPlus": 36.168128989698296,
    "H2Plus": 2512.332134949607,
    "C2H2Star": 284423.99430697894
  }
}