{
  "pressure_mTorr": 500.0,
  "n_total": 1.6094121918991239e+22,
  "Te": 1.0101802368933357,
  "Ne": 33358752.384386685,
  "E_field": 256.0707274183016,
  "n_i_total": 2780163722702.3916,
  "Ni_over_Ne": 83341.35793410627,
  "charge_imbalance_pct": 8334035.793410627,
  "rate_values": {
    "e_CH4_CH3_HMinus_cm3_8_1": 4.378859651952846e-12,
    "ArStar_CH4_CH3_H_cm3_3_1": 4.77843602936773e-09,
    "e_CH4Plus_CH3_H_cm3_6_4": 2.0175620033878482e-06,
    "CH3_CH3_C2H2_H2_H2_cm3_7_49": 3.713362657788615e-11,
    "CH3_CH_C2H2_H2_cm3_7_16": 9.277818703175591e-10,
    "stick_CH3_9_2": 1084.4862307969224,
    "stick_C2H2_9_11": 327.52906976233527,
    "loss_C2H2_11_19": 1363.7927824381766
  },
  "target_densities": {
    "H": 5072944710104365.0,
    "CH": 362705345.93604505,
    "C2": 65473393249875.25,
    "C2H2": 556206233992529.06,
    "CH3": 740249144711555.5
  },
  "all_densities": {
    "e": 33358752.384386685,
    "Ar": 1.3680003631142553e+22,
    "CH4": 2.4141182878486857e+21,
    "ArPlus": 1092005.4917879656,
    "CH4Plus": 113966430685.52928,
    "CH3Plus": 821183.5516074431,
    "CH5Plus": 93457356801.43839,
    "ArHPlus": 873618.3605605814,
    "CH3Minus": 259956.5587813715,
    "H": 5072944710104365.0,
    "C2": 65473393249875.25,
    "CH": 362705345.93604505,
    "H2": 1.2174097063155578e+17,
    "ArStar": 2209311.441291931,
    "C2H4": 7.470660293988646e+16,
    "C2H6": 1.3811093303108724e+16,
    "CH2": 91513100034382.27,
    "C2H2": 556206233992529.06,
    "C2H5": 501761615879631.3,
    "CH3": 740249144711555.5,
    "C": 66176569566371.914,
    "H3Plus": 3.9047618945877303,
    "C2H3": 9182348176.753141,
    "C3H2": 100851197621.7618,
    "CHPlus": 0.023747570887739503,
    "C3H": 13912684710.822355,
    "C4H2": 348014.1462715826,
    "C2H": 40142360.63550342,
    "C3H3": 229688.74289341108,
    "C3H4": 2055595357884.1453,
    "C3": 17188556828.182793,
    "C3H5": 90995810232.52531,
    "C4H": 2522708.1738941763,
    "C3H6": 625104347951.5328,
    "CH2Plus": 26681.238494330224,
    "C2H5Plus": 2572717233682.4795,
    "C2H4Plus": 11862750.522952197,
    "C2H3Plus": 7908500.3486348,
    "HMinus": 1000342187517.05,
    "C2HPlus": 58714.75957115397,
    "H2Plus": 58074.742388541104,
    "C2H2Star": 245766559.29551822
  }
}