{
  "pressure_mTorr": 500.0,
  "n_total": 1.6094121918991239e+22,
  "Te": 1.025259501551907,
  "Ne": 289462524.9815636,
  "E_field": 200.05541355613897,
  "n_i_total": 43506664316490.69,
  "Ni_over_Ne": 150301.54359104586,
  "charge_imbalance_pct": 15030054.359104587,
  "rate_values": {
    "e_CH4_CH3_HMinus_cm3_8_1": 3.326114127320674e-12,
    "ArStar_CH4_CH3_H_cm3_3_1": 3.021861778989171e-09,
    "e_CH4Plus_CH3_H_cm3_6_4": 4.7644254418248025e-06,
    "CH3_CH3_C2H2_H2_H2_cm3_7_49": 1.9527796038448837e-10,
    "CH3_CH_C2H2_H2_cm3_7_16": 1.041463674514625e-09,
    "stick_CH3_9_2": 1571.9710200753757,
    "stick_C2H2_9_11": 440.9235091818854,
    "loss_C2H2_11_19": 1836.4312789960716
  },
  "target_densities": {
    "H": 4.1174713478916424e+16,
    "CH": 4451639225.280541,
    "C2": 86019579768141.48,
    "C2H2": 802844100516287.8,
    "CH3": 1248699336541084.0
  },
  "all_densities": {
    "e": 289462524.9815636,
    "Ar": 1.3680003631142553e+22,
    "CH4": 2.4141182878486857e+21,
    "ArPlus": 13173043.46266513,
    "CH4Plus": 139622968501.046,
    "CH3Plus": 9708283.98146511,
    "CH5Plus": 103363785172.8227,
    "ArHPlus": 10540636.24087112,
    "CH3Minus": 788608.2641331255,
    "H": 4.1174713478916424e+16,
    "C2": 86019579768141.48,
    "CH": 4451639225.280541,
    "H2": 1.3809486641498412e+18,
    "ArStar": 32766435.582646806,
    "C2H4": 8.957700991900806e+17,
    "C2H6": 4.2558033999970456e+16,
    "CH2": 147251936835760.06,
    "C2H2": 802844100516287.8,
    "C2H5": 888537533946010.2,
    "CH3": 1248699336541084.0,
    "C": 116443862052290.27,
    "H3Plus": 490.010599121125,
    "C2H3": 492596796040.9239,
    "C3H2": 1783017469568.2446,
    "CHPlus": 3.805765152652829,
    "C3H": 246405198799.66144,
    "C4H2": 75648761.95100845,
    "C2H": 87489797.70368727,
    "C3H3": 151231946.17264107,
    "C3H4": 302511023546676.2,
    "C3": 299298521415.1307,
    "C3H5": 1977724269624.05,
    "C4H": 547403483.2338244,
    "C3H6": 23109074057737.727,
    "CH2Plus": 649674.1549739538,
    "C2H5Plus": 43260551014633.39,
    "C2H4Plus": 1854428698.7683122,
    "C2H3Plus": 1236285799.1788747,
    "HMinus": 427035575724.0857,
    "C2HPlus": 1118934.1767230316,
    "H2Plus": 642619.648186362,
    "C2H2Star": 5261267900.494991
  }
}