{
  "pressure_mTorr": 500.0,
  "n_total": 1.6094121918991239e+22,
  "Te": 1.237137395403077,
  "Ne": 570355853.4637163,
  "E_field": 293.5011364851133,
  "n_i_total": 649870267571829.5,
  "Ni_over_Ne": 1139411.936644868,
  "charge_imbalance_pct": 113941093.6644868,
  "rate_values": {
    "e_CH4_CH3_HMinus_cm3_8_1": 4.169389277566861e-12,
    "ArStar_CH4_CH3_H_cm3_3_1": 4.613787458495332e-09,
    "e_CH4Plus_CH3_H_cm3_6_4": 5.708228863992184e-06,
    "CH3_CH3_C2H2_H2_H2_cm3_7_49": 2.518451542721055e-10,
    "CH3_CH_C2H2_H2_cm3_7_16": 5.640757420218744e-10,
    "stick_CH3_9_2": 474.34057399202464,
    "stick_C2H2_9_11": 187.0111004992329,
    "loss_C2H2_11_19": 771.7974408620952
  },
  "target_densities": {
    "H": 5.925784764519091e+17,
    "CH": 71851133397.53987,
    "C2": 94285259785427.08,
    "C2H2": 902803931077812.6,
    "CH3": 4461080329859877.5
  },
  "all_densities": {
    "e": 570355853.4637163,
    "Ar": 1.3680003631142553e+22,
    "CH4": 2.4141182878486857e+21,
    "ArPlus": 308656975.8379026,
    "CH4Plus": 179335347517.12592,
    "CH3Plus": 205133190.55733106,
    "CH5Plus": 149627753068.24072,
    "ArHPlus": 247510330.06292987,
    "CH3Minus": 532612.2441667469,
    "H": 5.925784764519091e+17,
    "C2": 94285259785427.08,
    "CH": 71851133397.53987,
    "H2": 2.1891367321041875e+19,
    "ArStar": 347081018.9306391,
    "C2H4": 1.3419323914100582e+19,
    "C2H6": 4.759148184210831e+17,
    "CH2": 184695825201866.8,
    "C2H2": 902803931077812.6,
    "C2H5": 1341453113837953.8,
    "CH3": 4461080329859877.5,
    "C": 139044020382707.81,
    "H3Plus": 221493.55197498438,
    "C2H3": 76626621743027.44,
    "C3H2": 31308951033234.66,
    "CHPlus": 536.3479797965165,
    "C3H": 4451561101597.046,
    "C4H2": 22058600726.768887,
    "C2H": 109913827.10212354,
    "C3H3": 379704111769.7306,
    "C3H4": 7.314572385672562e+16,
    "C3": 5408033878636.148,
    "C3H5": 48192463314458.03,
    "C4H": 155143697739.72327,
    "C3H6": 4058754062615344.5,
    "CH2Plus": 11736149.614872014,
    "C2H5Plus": 649145845324449.5,
    "C2H4Plus": 236793014588.1728,
    "C2H3Plus": 157862009725.44852,
    "HMinus": 70810952116.08083,
    "C2HPlus": 12473647.001858415,
    "H2Plus": 18390157.93841239,
    "C2H2Star": 62669221658.61474
  }
}