{
  "pressure_mTorr": 500.0,
  "n_total": 1.6094121918991239e+22,
  "Te": 1.3874305624894987,
  "Ne": 278728262.607736,
  "E_field": 246.94750264702608,
  "n_i_total": 1569113893963365.0,
  "Ni_over_Ne": 5629547.141301683,
  "charge_imbalance_pct": 562954614.1301683,
  "rate_values": {
    "e_CH4_CH3_HMinus_cm3_8_1": 7.0816819871015325e-12,
    "ArStar_CH4_CH3_H_cm3_3_1": 2.3310926049303282e-09,
    "e_CH4Plus_CH3_H_cm3_6_4": 5.36513691238536e-06,
    "CH3_CH3_C2H2_H2_H2_cm3_7_49": 3.1245680529891444e-10,
    "CH3_CH_C2H2_H2_cm3_7_16": 1.359452876770195e-09,
    "stick_CH3_9_2": 938.2533209877347,
    "stick_C2H2_9_11": 283.93526617473384,
    "loss_C2H2_11_19": 401.5104537229116
  },
  "target_densities": {
    "H": 8.178961254692516e+17,
    "CH": 100381800534.74951,
    "C2": 95055168540721.44,
    "C2H2": 910695959318660.8,
    "CH3": 4713312435058087.0
  },
  "all_densities": {
    "e": 278728262.607736,
    "Ar": 1.3680003631142553e+22,
    "CH4": 2.4141182878486857e+21,
    "ArPlus": 650355904.9551263,
    "CH4Plus": 255107279636.6518,
    "CH3Plus": 412399791.79608464,
    "CH5Plus": 238628829914.7538,
    "ArHPlus": 522070103.17319596,
    "CH3Minus": 229726.09078151273,
    "H": 8.178961254692516e+17,
    "C2": 95055168540721.44,
    "CH": 100381800534.74951,
    "H2": 3.041444149102977e+19,
    "ArStar": 826334593.4491279,
    "C2H4": 1.7118516275400882e+19,
    "C2H6": 5.225963058629105e+17,
    "CH2": 197220327510597.47,
    "C2H2": 910695959318660.8,
    "C2H5": 1435110323355124.2,
    "CH3": 4713312435058087.0,
    "C": 142308111370376.4,
    "H3Plus": 614996.1117516547,
    "C2H3": 124395040793040.77,
    "C3H2": 43524134570606.96,
    "CHPlus": 1169.767724624505,
    "C3H": 6261295176046.695,
    "C4H2": 43346212651.8006,
    "C2H": 112112185.27894944,
    "C3H3": 861172287751.6584,
    "C3H4": 1.3036042998820485e+17,
    "C3": 7620752970526.314,
    "C3H5": 72029479112196.97,
    "C4H": 301312482407.88025,
    "C3H6": 6225911226579519.0,
    "CH2Plus": 29943867.007613204,
    "C2H5Plus": 1567841907161218.0,
    "C2H4Plus": 465946502611.4682,
    "C2H3Plus": 310631001740.9788,
    "HMinus": 24444087759.514694,
    "C2HPlus": 20994521.289616533,
    "H2Plus": 36807889.11129846,
    "C2H2Star": 150507915059.8698
  }
}