{
  "pressure_mTorr": 500.0,
  "n_total": 1.2070595635737908e+16,
  "Te": 1.0263272132862444,
  "Ne": 2300000000.0,
  "E_field": 133.1132438638125,
  "n_i_total": 676617187.1105635,
  "Ni_over_Ne": 0.294181385700245,
  "charge_imbalance_pct": 70.5818614299755,
  "rate_values": {
    "CH_CH_C2_H2_cm3_5_4": 1.7391286085377002e-10,
    "e_C2H2_C2_H2_cm3_1_16": 4.4221236221890766e-11,
    "C2HPlus_e_C2_H_cm3_6_18": 1.721779006193079e-07,
    "C_CH_C2_H_cm3_7_4": 5.3488705597229e-11,
    "CH_C_C2_H_cm3_7_9": 1.20939553654855e-10,
    "C2H_H_C2_H2_cm3_7_47": 7.863127292447645e-11,
    "C2H2_H_C2_H2_H_cm3_7_50": 1.0837830831412394e-11,
    "C2_H_CH_C_cm3_7_6": 4.623438523831826e-11,
    "stick_C2_9_9": 3856.080743982709,
    "loss_C2_11_3": 891.3130442480564,
    "stick_C2H2_9_11": 779.4373061535046,
    "loss_C2H2_11_19": 478.84853847337286,
    "CH3_CH3_C2H2_H2_H2_cm3_7_49": 3.439495912554133e-11,
    "C_CH3_C2_H2_H_cm3_7_8": 6.94161284118834e-11,
    "CH3_CH_C2H2_H2_cm3_7_16": 1.2340910048687454e-10,
    "loss_CH_11_9": 2551.563821204647,
    "stick_CH_9_3": 4685.731174170735,
    "stick_CH3_9_2": 837.4303990782943,
    "e_CH4Plus_CH3_H_cm3_6_4": 6.4441998500025e-07
  },
  "target_densities": {
    "H": 202323977747152.34,
    "CH": 1730318519.8021073,
    "C2": 1306470644.3633678
  },
  "all_densities": {
    "e": 2300000000.0,
    "Ar": 1.0260006290377222e+16,
    "CH4": 1810589345360686.2,
    "ArPlus": 137871825.30633235,
    "CH4Plus": 135446034.25431937,
    "CH3Plus": 71272561.4636327,
    "CH5Plus": 167269508.52561897,
    "ArHPlus": 76672651.23599897,
    "CH3Minus": 1238.3246462799777,
    "H": 202323977747152.34,
    "C2": 1306470644.3633678,
    "CH": 1730318519.8021073,
    "H2": 590520156595.4568,
    "ArStar": 694753861.2572359,
    "C2H4": 291874573088.10486,
    "C2H6": 19086113492.097233,
    "CH2": 33305862350.533928,
    "C2H2": 8388339760.4776,
    "C2H5": 1032701312.3726419,
    "CH3": 895021808454.9725,
    "C": 5906029804.161577,
    "H3Plus": 1.1607490114649335,
    "C2H3": 429159870.9870145,
    "C3H2": 7250976.569450997,
    "CHPlus": 17.83715794938338,
    "C3H": 1000880.5376425086,
    "C4H2": 119.43738830291882,
    "C2H": 104351.18104645557,
    "C3H3": 51212.639498256154,
    "C3H4": 38313074.28972757,
    "C3": 1312808.2993783602,
    "C3H5": 893451.1031111616,
    "C4H": 865.2757961911869,
    "C3H6": 4227852.432071962,
    "CH2Plus": 1621.303027966257,
    "C2H5Plus": 88066540.10645342,
    "C2H4Plus": 7293.62836333186,
    "C2H3Plus": 4862.418908887905,
    "HMinus": 1193648250.0154386,
    "C2HPlus": 141.1164841253547,
    "H2Plus": 4128.753516428941,
    "C2H2Star": 1165566.287625882
  }
}