{
  "pressure_mTorr": 500.0,
  "n_total": 1.2070595635737908e+16,
  "Te": 1.1328813816780239,
  "Ne": 2300000000.0,
  "E_field": 107.05374739027754,
  "n_i_total": 2901947203.1885915,
  "Ni_over_Ne": 1.2617161752993875,
  "charge_imbalance_pct": 26.17161752993876,
  "rate_values": {
    "CH_CH_C2_H2_cm3_5_4": 1.1672604772356284e-10,
    "e_C2H2_C2_H2_cm3_1_16": 3.1865251345765923e-11,
    "C2HPlus_e_C2_H_cm3_6_18": 2.8021380614515967e-07,
    "C_CH_C2_H_cm3_7_4": 5.231112862764122e-11,
    "CH_C_C2_H_cm3_7_9": 1.9040367354250367e-10,
    "C2H_H_C2_H2_cm3_7_47": 9.788968489828576e-11,
    "C2H2_H_C2_H2_H_cm3_7_50": 5.220493876135694e-12,
    "C2_H_CH_C_cm3_7_6": 3.6206382553343416e-11,
    "stick_C2_9_9": 1115.0404860509507,
    "loss_C2_11_3": 2347.2132891314504,
    "stick_C2H2_9_11": 214.963968168443,
    "loss_C2H2_11_19": 494.44627274278866,
    "CH3_CH3_C2H2_H2_H2_cm3_7_49": 1.2356753108737654e-11,
    "C_CH3_C2_H2_H_cm3_7_8": 1.1483990384874896e-10,
    "CH3_CH_C2H2_H2_cm3_7_16": 6.938765869727018e-11,
    "loss_CH_11_9": 729.2322649629739,
    "stick_CH_9_3": 3020.362398289507,
    "stick_CH3_9_2": 1221.9413033951867,
    "e_CH4Plus_CH3_H_cm3_6_4": 1.4789439624505647e-06
  },
  "target_densities": {
    "H": 209028590595154.44,
    "CH": 5221432844.487504,
    "C2": 3351076696.305313
  },
  "all_densities": {
    "e": 2300000000.0,
    "Ar": 1.0260006290377222e+16,
    "CH4": 1810589345360686.2,
    "ArPlus": 516187481.67388445,
    "CH4Plus": 584937680.3599262,
    "CH3Plus": 270564060.50780517,
    "CH5Plus": 809239870.4980338,
    "ArHPlus": 304909598.4516834,
    "CH3Minus": 3928.8525475014435,
    "H": 209028590595154.44,
    "C2": 3351076696.305313,
    "CH": 5221432844.487504,
    "H2": 1786584377194.4438,
    "ArStar": 2092521735.1905437,
    "C2H4": 880904278223.5759,
    "C2H6": 94787599256.11076,
    "CH2": 106226386096.03673,
    "C2H2": 33589072115.92304,
    "C2H5": 7296252321.727601,
    "CH3": 1993484034384.9304,
    "C": 17929587243.554604,
    "H3Plus": 61.11168747675184,
    "C2H3": 2793971187.5301104,
    "C3H2": 87463200.56690796,
    "CHPlus": 186.26809018911382,
    "C3H": 12091031.162393445,
    "C4H2": 4353.966016209866,
    "C2H": 945964.5806661432,
    "C3H3": 1006105.7189738948,
    "C3H4": 348933847.1919139,
    "C3": 14508822.635511067,
    "C3H5": 19048445.757168356,
    "C4H": 31495.395043038025,
    "C3H6": 65418090.20331294,
    "CH2Plus": 24408.610162546636,
    "C2H5Plus": 415889402.9077046,
    "C2H4Plus": 75268.81878434704,
    "C2H3Plus": 50179.21252289801,
    "HMinus": 3362214295.801309,
    "C2HPlus": 2096.1167452821114,
    "H2Plus": 66908.65156056547,
    "C2H2Star": 14057172.693490317
  }
}