{
  "pressure_mTorr": 500.0,
  "n_total": 1.2070595635737908e+16,
  "Te": 1.0298726451942017,
  "Ne": 2300000000.0,
  "E_field": 286.82925298398874,
  "n_i_total": 354810476.2442812,
  "Ni_over_Ne": 0.1542654244540353,
  "charge_imbalance_pct": 84.57345755459646,
  "rate_values": {
    "CH_CH_C2_H2_cm3_5_4": 1.5543722910932195e-10,
    "e_C2H2_C2_H2_cm3_1_16": 6.136059188713894e-11,
    "C2HPlus_e_C2_H_cm3_6_18": 2.5330310505869924e-07,
    "C_CH_C2_H_cm3_7_4": 1.222330011097537e-10,
    "CH_C_C2_H_cm3_7_9": 1.9115780531977643e-10,
    "C2H_H_C2_H2_cm3_7_47": 1.9583182467065682e-10,
    "C2H2_H_C2_H2_H_cm3_7_50": 1.3629180578344994e-11,
    "C2_H_CH_C_cm3_7_6": 1.5916620117700152e-11,
    "stick_C2_9_9": 6562.91610872108,
    "loss_C2_11_3": 796.1188159942487,
    "stick_C2H2_9_11": 1360.7228323036773,
    "loss_C2H2_11_19": 858.2389995217858,
    "CH3_CH3_C2H2_H2_H2_cm3_7_49": 4.229498432058531e-11,
    "C_CH3_C2_H2_H_cm3_7_8": 1.6366919099971738e-10,
    "CH3_CH_C2H2_H2_cm3_7_16": 1.1002889396151456e-10,
    "loss_CH_11_9": 3009.731086011273,
    "stick_CH_9_3": 778.0642967111182,
    "stick_CH3_9_2": 1700.587313539201,
    "e_CH4Plus_CH3_H_cm3_6_4": 8.072524606982785e-07
  },
  "target_densities": {
    "H": 202434309640438.75,
    "CH": 1568773837.3840404,
    "C2": 697356843.5495617
  },
  "all_densities": {
    "e": 2300000000.0,
    "Ar": 1.0260006290377222e+16,
    "CH4": 1810589345360686.2,
    "ArPlus": 119481333.97090389,
    "CH4Plus": 59654054.07448105,
    "CH3Plus": 48372127.80803491,
    "CH5Plus": 50930933.27594369,
    "ArHPlus": 48614628.88191303,
    "CH3Minus": 354.6938991659849,
    "H": 202434309640438.75,
    "C2": 697356843.5495617,
    "CH": 1568773837.3840404,
    "H2": 487026162035.0842,
    "ArStar": 723376088.4536908,
    "C2H4": 264407831527.22882,
    "C2H6": 6905510524.000081,
    "CH2": 27423397025.38203,
    "C2H2": 2667520490.688925,
    "C2H5": 512271750.09347415,
    "CH3": 538387110048.15533,
    "C": 4667480087.861009,
    "H3Plus": 0.27545363465966355,
    "C2H3": 243008339.64589465,
    "C3H2": 2090728.2383586026,
    "CHPlus": 7.80755859335287,
    "C3H": 288571.2864409816,
    "C4H2": 31.220902371646055,
    "C2H": 12442.658702470479,
    "C3H3": 26291.38796569754,
    "C3H4": 31467289.472365517,
    "C3": 439498.3930649074,
    "C3H5": 401819.25958878873,
    "C4H": 226.19860423565513,
    "C3H6": 1426401.5050305529,
    "CH2Plus": 420.4703843491274,
    "C2H5Plus": 27749972.790503047,
    "C2H4Plus": 3182.5260098511094,
    "C2H3Plus": 2121.684006567406,
    "HMinus": 1250955496.6214128,
    "C2HPlus": 21.716236503442634,
    "H2Plus": 1670.962852082668,
    "C2H2Star": 385924.1076849248
  }
}