{
  "pressure_mTorr": 500.0,
  "n_total": 1.2070595635737908e+16,
  "Te": 1.5323814438559649,
  "Ne": 2300000000.0,
  "E_field": 295.78159893773784,
  "n_i_total": 33178205037.608067,
  "Ni_over_Ne": 14.425306538090464,
  "charge_imbalance_pct": 1342.5306538090463,
  "rate_values": {
    "CH_CH_C2_H2_cm3_5_4": 1.8812632006480215e-10,
    "e_C2H2_C2_H2_cm3_1_16": 8.921057841258933e-11,
    "C2HPlus_e_C2_H_cm3_6_18": 1.8414945289587826e-07,
    "C_CH_C2_H_cm3_7_4": 5.485472198145484e-11,
    "CH_C_C2_H_cm3_7_9": 1.1589678357424368e-10,
    "C2H_H_C2_H2_cm3_7_47": 1.5230803338925159e-10,
    "C2H2_H_C2_H2_H_cm3_7_50": 1.27472477882932e-11,
    "C2_H_CH_C_cm3_7_6": 1.6419499997304634e-12,
    "stick_C2_9_9": 4884.393298206804,
    "loss_C2_11_3": 1431.3197352911438,
    "stick_C2H2_9_11": 1634.0145864547562,
    "loss_C2H2_11_19": 438.69314594748175,
    "CH3_CH3_C2H2_H2_H2_cm3_7_49": 3.2918747523262534e-11,
    "C_CH3_C2_H2_H_cm3_7_8": 1.0888140965351679e-10,
    "CH3_CH_C2H2_H2_cm3_7_16": 1.7785922875010337e-10,
    "loss_CH_11_9": 3769.659843304761,
    "stick_CH_9_3": 1626.3010583546536,
    "stick_CH3_9_2": 156.49705794188742,
    "e_CH4Plus_CH3_H_cm3_6_4": 1.2388497578573662e-06
  },
  "target_densities": {
    "H": 355505964900738.25,
    "CH": 79709347439.25941,
    "C2": 1471740889490.3933
  },
  "all_densities": {
    "e": 2300000000.0,
    "Ar": 1.0260006290377222e+16,
    "CH4": 1810589345360686.2,
    "ArPlus": 12365020625.908785,
    "CH4Plus": 4605502304.99788,
    "CH3Plus": 4168496689.331865,
    "CH5Plus": 4695025091.788894,
    "ArHPlus": 4964715493.559298,
    "CH3Minus": 20303.846266861266,
    "H": 355505964900738.25,
    "C2": 1471740889490.3933,
    "CH": 79709347439.25941,
    "H2": 63320393927778.484,
    "ArStar": 33706134695.407227,
    "C2H4": 13373941247480.117,
    "C2H6": 8953872821135.234,
    "CH2": 1301009734414.7424,
    "C2H2": 2218703898524.082,
    "C2H5": 809582819695.6523,
    "CH3": 19689514028451.668,
    "C": 260726857371.84595,
    "H3Plus": 705427.1859939148,
    "C2H3": 279397822863.4486,
    "C3H2": 85036613471.99892,
    "CHPlus": 13893.705962256747,
    "C3H": 12129970200.219194,
    "C4H2": 66680828.21497482,
    "C2H": 343507255.3703691,
    "C3H3": 1535904699.061744,
    "C3H4": 80871099481.4068,
    "C3": 28377548394.083065,
    "C3H5": 32265659127.988033,
    "C4H": 467462963.33086693,
    "C3H6": 96080200366.07323,
    "CH2Plus": 1666983.3627861864,
    "C2H5Plus": 2333575190.2636943,
    "C2H4Plus": 5391727.279466926,
    "C2H3Plus": 3594484.8529779497,
    "HMinus": 48950330462.57759,
    "C2HPlus": 805790.5333537239,
    "H2Plus": 33691334.83710766,
    "C2H2Star": 14956786490.575565
  }
}