{
  "pressure_mTorr": 500.0,
  "n_total": 1.2070595635737908e+16,
  "Te": 1.003628817863486,
  "Ne": 2300000000.0,
  "E_field": 256.0798104366993,
  "n_i_total": 278773896.04973817,
  "Ni_over_Ne": 0.12120604176075572,
  "charge_imbalance_pct": 87.87939582392443,
  "rate_values": {
    "CH_CH_C2_H2_cm3_5_4": 8.235746402388608e-11,
    "e_C2H2_C2_H2_cm3_1_16": 8.247344145220795e-11,
    "C2HPlus_e_C2_H_cm3_6_18": 1.4683008052110383e-07,
    "C_CH_C2_H_cm3_7_4": 7.749644240848325e-11,
    "CH_C_C2_H_cm3_7_9": 5.54427651110984e-11,
    "C2H_H_C2_H2_cm3_7_47": 1.311859280248129e-10,
    "C2H2_H_C2_H2_H_cm3_7_50": 1.0748355867165331e-11,
    "C2_H_CH_C_cm3_7_6": 2.3983446659645697e-11,
    "stick_C2_9_9": 5861.182287782733,
    "loss_C2_11_3": 1252.1424772083374,
    "stick_C2H2_9_11": 1477.535339894723,
    "loss_C2H2_11_19": 1114.0771913985266,
    "CH3_CH3_C2H2_H2_H2_cm3_7_49": 2.733031092719354e-11,
    "C_CH3_C2_H2_H_cm3_7_8": 2.1893535126403004e-10,
    "CH3_CH_C2H2_H2_cm3_7_16": 2.7909278112796705e-10,
    "loss_CH_11_9": 2070.32396586096,
    "stick_CH_9_3": 2189.0370751531373,
    "stick_CH3_9_2": 1983.1920785066723,
    "e_CH4Plus_CH3_H_cm3_6_4": 1.3241382374866677e-06
  },
  "target_densities": {
    "H": 201557107088978.72,
    "CH": 1169293441.7599797,
    "C2": 161378896.34996858
  },
  "all_densities": {
    "e": 2300000000.0,
    "Ar": 1.0260006290377222e+16,
    "CH4": 1810589345360686.2,
    "ArPlus": 87315989.45577985,
    "CH4Plus": 48685299.885082215,
    "CH3Plus": 37245510.94518941,
    "CH5Plus": 44004240.0055471,
    "ArHPlus": 37587653.69324432,
    "CH3Minus": 258.6898761834966,
    "H": 201557107088978.72,
    "C2": 161378896.34996858,
    "CH": 1169293441.7599797,
    "H2": 354800298160.2063,
    "ArStar": 533323970.8628328,
    "C2H4": 197077324560.8205,
    "C2H6": 3090473999.707592,
    "CH2": 20888961694.5822,
    "C2H2": 885588632.4441044,
    "C2H5": 261137255.61399275,
    "CH3": 360013753036.9031,
    "C": 3485018952.857775,
    "H3Plus": 0.11593751770648489,
    "C2H3": 123682064.30949794,
    "C3H2": 517453.9622448074,
    "CHPlus": 4.910186733638147,
    "C3H": 71408.92979453714,
    "C4H2": 5.75848229598973,
    "C2H": 4657.772503342831,
    "C3H3": 9973.836321409102,
    "C3H4": 17481747.961477753,
    "C3": 97442.17588241684,
    "C3H5": 152673.04019432058,
    "C4H": 41.72796720452203,
    "C3H6": 482587.6758637681,
    "CH2Plus": 276.2217427770397,
    "C2H5Plus": 23930656.933567382,
    "C2H4Plus": 2009.0058256375962,
    "C2H3Plus": 1339.3372170917305,
    "HMinus": 936880876.7169874,
    "C2HPlus": 5.967477579481975,
    "H2Plus": 909.5729405844816,
    "C2H2Star": 94461.12920121507
  }
}