{
  "pressure_mTorr": 500.0,
  "n_total": 1.2070595635737908e+16,
  "Te": 1.0115820333544954,
  "Ne": 2300000000.0,
  "E_field": 207.3840365826975,
  "n_i_total": 374344306.4569187,
  "Ni_over_Ne": 0.16275839411170379,
  "charge_imbalance_pct": 83.72416058882962,
  "rate_values": {
    "CH_CH_C2_H2_cm3_5_4": 1.4878724153967108e-10,
    "e_C2H2_C2_H2_cm3_1_16": 3.3815286088202054e-11,
    "C2HPlus_e_C2_H_cm3_6_18": 1.5015506591042257e-07,
    "C_CH_C2_H_cm3_7_4": 7.205437752606026e-11,
    "CH_C_C2_H_cm3_7_9": 1.6319404654641223e-10,
    "C2H_H_C2_H2_cm3_7_47": 1.6471477353378728e-10,
    "C2H2_H_C2_H2_H_cm3_7_50": 1.6037767266944106e-11,
    "C2_H_CH_C_cm3_7_6": 4.5902519695882174e-11,
    "stick_C2_9_9": 4421.784860183936,
    "loss_C2_11_3": 1181.2564512241406,
    "stick_C2H2_9_11": 579.7835977369991,
    "loss_C2H2_11_19": 1334.0142520291165,
    "CH3_CH3_C2H2_H2_H2_cm3_7_49": 2.882256618967736e-11,
    "C_CH3_C2_H2_H_cm3_7_8": 2.905064731335152e-10,
    "CH3_CH_C2H2_H2_cm3_7_16": 2.4754992826491963e-10,
    "loss_CH_11_9": 625.3834092671786,
    "stick_CH_9_3": 4784.722706968409,
    "stick_CH3_9_2": 327.87945344529453,
    "e_CH4Plus_CH3_H_cm3_6_4": 1.2248183007099877e-06
  },
  "target_densities": {
    "H": 201754841253833.56,
    "CH": 1536718795.2643533,
    "C2": 1966002251.9600394
  },
  "all_densities": {
    "e": 2300000000.0,
    "Ar": 1.0260006290377222e+16,
    "CH4": 1810589345360686.2,
    "ArPlus": 103019985.80228181,
    "CH4Plus": 68576725.79843803,
    "CH3Plus": 47104219.282634154,
    "CH5Plus": 69579264.77927588,
    "ArHPlus": 48686456.56885762,
    "CH3Minus": 1055.7630062399821,
    "H": 201754841253833.56,
    "C2": 1966002251.9600394,
    "CH": 1536718795.2643533,
    "H2": 529099381996.4745,
    "ArStar": 585796041.8929121,
    "C2H4": 259273352887.2809,
    "C2H6": 35738544134.87977,
    "CH2": 27482178186.265087,
    "C2H2": 9024140832.865305,
    "C2H5": 1165299631.7775443,
    "CH3": 1225480628908.716,
    "C": 5271630698.782541,
    "H3Plus": 0.39926597386683665,
    "C2H3": 513795082.0398175,
    "C3H2": 6928459.867238205,
    "CHPlus": 8.691106197938335,
    "C3H": 956282.5718327526,
    "C4H2": 101.34740701511205,
    "C2H": 48178.88015673646,
    "C3H3": 54452.314447239856,
    "C3H4": 30225741.927062143,
    "C3": 1373100.141601014,
    "C3H5": 895368.9231335911,
    "C4H": 734.2823793254977,
    "C3H6": 6816145.084202276,
    "CH2Plus": 567.5159194958945,
    "C2H5Plus": 37369170.08081798,
    "C2H4Plus": 3557.2535400525394,
    "C2H3Plus": 2371.5023600350255,
    "HMinus": 1021476030.9834884,
    "C2HPlus": 82.38928774338676,
    "H2Plus": 1896.3931336967605,
    "C2H2Star": 1057261.1962753406
  }
}