{
  "pressure_mTorr": 500.0,
  "n_total": 1.2070595635737908e+16,
  "Te": 1.0330910670233378,
  "Ne": 2300000000.0,
  "E_field": 148.11935112739476,
  "n_i_total": 669593357.2212833,
  "Ni_over_Ne": 0.29112754661794926,
  "charge_imbalance_pct": 70.88724533820506,
  "rate_values": {
    "CH_CH_C2_H2_cm3_5_4": 1.4174295675711386e-10,
    "e_C2H2_C2_H2_cm3_1_16": 9.98752666134157e-11,
    "C2HPlus_e_C2_H_cm3_6_18": 2.2501887958028223e-07,
    "C_CH_C2_H_cm3_7_4": 5.656771241923177e-11,
    "CH_C_C2_H_cm3_7_9": 5.892236971002916e-11,
    "C2H_H_C2_H2_cm3_7_47": 6.305020983951972e-11,
    "C2H2_H_C2_H2_H_cm3_7_50": 1.1862813167592329e-11,
    "C2_H_CH_C_cm3_7_6": 2.889390203782244e-12,
    "stick_C2_9_9": 3782.5325406278835,
    "loss_C2_11_3": 1931.1420885136845,
    "stick_C2H2_9_11": 298.72615988981534,
    "loss_C2H2_11_19": 403.39214842755655,
    "CH3_CH3_C2H2_H2_H2_cm3_7_49": 4.78872640966583e-11,
    "C_CH3_C2_H2_H_cm3_7_8": 8.877371817615976e-11,
    "CH3_CH_C2H2_H2_cm3_7_16": 8.007079917626482e-11,
    "loss_CH_11_9": 4633.271947889658,
    "stick_CH_9_3": 3283.3883327862695,
    "stick_CH3_9_2": 993.8058755975226,
    "e_CH4Plus_CH3_H_cm3_6_4": 1.1308450691083342e-06
  },
  "target_densities": {
    "H": 202614425066630.66,
    "CH": 1712545528.7649684,
    "C2": 4337977493.146018
  },
  "all_densities": {
    "e": 2300000000.0,
    "Ar": 1.0260006290377222e+16,
    "CH4": 1810589345360686.2,
    "ArPlus": 147555779.05586684,
    "CH4Plus": 130978151.57623698,
    "CH3Plus": 73979645.63802385,
    "CH5Plus": 155725274.15961093,
    "ArHPlus": 79179950.62785926,
    "CH3Minus": 1060.1931489431176,
    "H": 202614425066630.66,
    "C2": 4337977493.146018,
    "CH": 1712545528.7649684,
    "H2": 634615327441.5502,
    "ArStar": 750090584.6191889,
    "C2H4": 288853793130.74945,
    "C2H6": 16880816951.891003,
    "CH2": 34136973388.24467,
    "C2H2": 11355209745.376326,
    "C2H5": 995560512.621942,
    "CH3": 841640731685.1226,
    "C": 5551367135.975598,
    "H3Plus": 1.2833034532374263,
    "C2H3": 401765637.358429,
    "C3H2": 9714838.287380448,
    "CHPlus": 17.042291547730947,
    "C3H": 1340966.7042137308,
    "C4H2": 158.37700231199454,
    "C2H": 174962.9610863531,
    "C3H3": 47451.16868066107,
    "C3H4": 37527089.5918726,
    "C3": 2365812.5239429777,
    "C3H5": 852471.3522528335,
    "C4H": 1147.386404946766,
    "C3H6": 3726527.570884582,
    "CH2Plus": 1550.1291036535747,
    "C2H5Plus": 82156787.28689755,
    "C2H4Plus": 6959.410892393512,
    "C2H3Plus": 4639.607261595673,
    "HMinus": 1285422285.496586,
    "C2HPlus": 185.28665803330665,
    "H2Plus": 4416.117277254887,
    "C2H2Star": 1703487.1832765678
  }
}