{
  "pressure_mTorr": 500.0,
  "n_total": 1.2070595635737908e+16,
  "Te": 1.3230377139573761,
  "Ne": 135392562.15021843,
  "E_field": 250.04166823838358,
  "n_i_total": 486613788.90995973,
  "Ni_over_Ne": 3.5940954302206083,
  "charge_imbalance_pct": 259.4095430220608,
  "rate_values": {
    "CH_CH_C2_H2_cm3_5_4": 1.0621988236588953e-10,
    "e_C2H2_C2_H2_cm3_1_16": 3.626838796357574e-11,
    "C2HPlus_e_C2_H_cm3_6_18": 1.6894299126812944e-07,
    "C_CH_C2_H_cm3_7_4": 1.4959301283373093e-10,
    "CH_C_C2_H_cm3_7_9": 1.6338535364280142e-10,
    "C2H_H_C2_H2_cm3_7_47": 1.8810485091579347e-10,
    "stick_C2H2_9_11": 1467.0133952215992,
    "loss_C2H2_11_19": 1871.6163349200638,
    "loss_CH_11_9": 4525.955619492884,
    "stick_CH_9_3": 2387.6280481418535,
    "CH3_CH3_C2H2_H2_H2_cm3_7_49": 3.7054585587685285e-11,
    "C_CH3_C2_H2_H_cm3_7_8": 1.8039524457770525e-10,
    "CH3_CH_C2H2_H2_cm3_7_16": 1.6675000217610231e-10
  },
  "target_densities": {
    "H": 201741258008166.1,
    "CH": 1150640552.47095,
    "C2": 44476791.564065695
  },
  "all_densities": {
    "e": 135392562.15021843,
    "Ar": 1.0260006290377222e+16,
    "CH4": 1810589345360686.2,
    "ArPlus": 160790175.8561602,
    "CH4Plus": 76650028.32875068,
    "CH3Plus": 61159085.22699482,
    "CH5Plus": 78911563.17924184,
    "ArHPlus": 68831660.26171967,
    "CH3Minus": 21.001106453468772,
    "H": 201741258008166.1,
    "C2": 44476791.564065695,
    "CH": 1150640552.47095,
    "H2": 377987671006.98553,
    "ArStar": 573129150.7564021,
    "C2H4": 193903164314.23132,
    "C2H6": 1297346949.2542298,
    "CH2": 23146109113.446476,
    "C2H2": 453361815.8345801,
    "C2H5": 186944311.59949186,
    "CH3": 232494732632.37173,
    "C": 3712310826.797511,
    "H3Plus": 0.3772972555213768,
    "C2H3": 75693385.16551591,
    "C3H2": 260678.27162532715,
    "CHPlus": 4.3250178547894205,
    "C3H": 35973.45501551594,
    "C4H2": 2.854656286437388,
    "C2H": 1494.0345204269865,
    "C3H3": 6006.6123120859065,
    "C3H4": 16925801.96714702,
    "C3": 43035.17863972125,
    "C3H5": 107552.85299007039,
    "C4H": 20.685999343457848,
    "C3H6": 215529.58413887155,
    "CH2Plus": 514.7175780250102,
    "C2H5Plus": 40265157.46655541,
    "C2H4Plus": 1710.7265482228313,
    "C2H3Plus": 1140.4843654818876,
    "HMinus": 923848921.9608145,
    "C2HPlus": 3.2825038382326306,
    "H2Plus": 2744.6772263802563,
    "C2H2Star": 51966.97449893066
  }
}