{
  "pressure_mTorr": 500.0,
  "n_total": 1.2070595635737908e+16,
  "Te": 1.003563351549124,
  "Ne": 3857780883.03927,
  "E_field": 79.54205701019613,
  "n_i_total": 1346907373.7560856,
  "Ni_over_Ne": 0.3491404552492244,
  "charge_imbalance_pct": 65.08595447507756,
  "rate_values": {
    "CH_CH_C2_H2_cm3_5_4": 1.676797704556523e-10,
    "e_C2H2_C2_H2_cm3_1_16": 4.758420233989146e-11,
    "C2HPlus_e_C2_H_cm3_6_18": 1.4363532824926385e-07,
    "C_CH_C2_H_cm3_7_4": 6.813259654668113e-11,
    "CH_C_C2_H_cm3_7_9": 1.659762954965016e-10,
    "C2H_H_C2_H2_cm3_7_47": 1.5726400852597874e-10,
    "stick_C2H2_9_11": 1753.8159172188464,
    "loss_C2H2_11_19": 1939.8802519580713,
    "loss_CH_11_9": 3064.032226113197,
    "stick_CH_9_3": 4332.352013542228,
    "CH3_CH3_C2H2_H2_H2_cm3_7_49": 2.3577391131685435e-11,
    "C_CH3_C2_H2_H_cm3_7_8": 8.665713774271992e-11,
    "CH3_CH_C2H2_H2_cm3_7_16": 7.795679217200227e-11
  },
  "target_densities": {
    "H": 203398936390331.97,
    "CH": 2150240511.195538,
    "C2": 78516539.53237553
  },
  "all_densities": {
    "e": 3857780883.03927,
    "Ar": 1.0260006290377222e+16,
    "CH4": 1810589345360686.2,
    "ArPlus": 184148944.5376017,
    "CH4Plus": 294534152.6971934,
    "CH3Plus": 107116132.09094797,
    "CH5Plus": 422216250.2384699,
    "ArHPlus": 117716603.91255982,
    "CH3Minus": 1463.0294035610955,
    "H": 203398936390331.97,
    "C2": 78516539.53237553,
    "CH": 2150240511.195538,
    "H2": 717419266256.661,
    "ArStar": 893710693.5714278,
    "C2H4": 362887302082.4695,
    "C2H6": 3518777313.3647747,
    "CH2": 44666360454.066055,
    "C2H2": 789860511.9352127,
    "C2H5": 587766259.5663917,
    "CH3": 379093227941.55676,
    "C": 7126498035.607442,
    "H3Plus": 3.926463283985231,
    "C2H3": 251327270.72386163,
    "C3H2": 848283.0292111859,
    "CHPlus": 48.47439789638409,
    "C3H": 117112.98275012724,
    "C4H2": 17.366971027328816,
    "C2H": 6232.904547874708,
    "C3H3": 37269.93648818315,
    "C3H4": 59194791.42964116,
    "C3": 140417.16959720972,
    "C3H5": 631919.4112167638,
    "C4H": 125.79396788755585,
    "C3H6": 1123978.2211510555,
    "CH2Plus": 5468.661488698431,
    "C2H5Plus": 221126638.63721976,
    "C2H4Plus": 19940.107211601262,
    "C2H3Plus": 13293.404807734176,
    "HMinus": 1540685264.670906,
    "C2HPlus": 28.592667522639317,
    "H2Plus": 9868.475056197867,
    "C2H2Star": 141181.3571892604
  }
}