{
  "pressure_mTorr": 500.0,
  "n_total": 1.2070595635737908e+16,
  "Te": 0.5039014595713267,
  "Ne": 3658027776.1734366,
  "E_field": 80.251721922838,
  "n_i_total": 3638.8702463521427,
  "Ni_over_Ne": 9.947628801656246e-07,
  "charge_imbalance_pct": 99.99990052371199,
  "rate_values": {
    "CH_CH_C2_H2_cm3_5_4": 1.1389665130115967e-10,
    "e_C2H2_C2_H2_cm3_1_16": 6.951245875715781e-11,
    "C2HPlus_e_C2_H_cm3_6_18": 1.3603534144367923e-07,
    "C_CH_C2_H_cm3_7_4": 1.8593030977041244e-10,
    "CH_C_C2_H_cm3_7_9": 9.15111042388546e-11,
    "C2H_H_C2_H2_cm3_7_47": 1.6486289482339098e-10,
    "stick_C2H2_9_11": 1761.8178470936446,
    "loss_C2H2_11_19": 1647.0240981480244,
    "loss_CH_11_9": 3009.358076465992,
    "stick_CH_9_3": 2684.944607494112,
    "CH3_CH3_C2H2_H2_H2_cm3_7_49": 4.630613438256975e-11,
    "C_CH3_C2_H2_H_cm3_7_8": 7.325395857400364e-11,
    "CH3_CH_C2H2_H2_cm3_7_16": 5.0114627818658414e-11
  },
  "target_densities": {
    "H": 198969079808020.0,
    "CH": 38581.091607281414,
    "C2": 77.5582106940142
  },
  "all_densities": {
    "e": 3658027776.1734366,
    "Ar": 1.0260006290377222e+16,
    "CH4": 1810589345360686.2,
    "ArPlus": 880.5873068017883,
    "CH4Plus": 1457.9877175830748,
    "CH3Plus": 520.5372923447728,
    "CH5Plus": 2030.4400695365216,
    "ArHPlus": 572.6855880521771,
    "CH3Minus": 0.29594577140017686,
    "H": 198969079808020.0,
    "C2": 77.5582106940142,
    "CH": 38581.091607281414,
    "H2": 1070804197.9385695,
    "ArStar": 6980.692038932563,
    "C2H4": 6508174.745093612,
    "C2H6": 2219.891249092775,
    "CH2": 971698.941287097,
    "C2H2": 800.9689857001663,
    "C2H5": 10.316502022741176,
    "CH3": 305237846.87842655,
    "C": 143897.5796816905,
    "H3Plus": -1806.9990028171817,
    "C2H3": 4.610072713141748,
    "C3H2": 1.5451128607883994e-05,
    "CHPlus": -442.30756923892653,
    "C3H": 2.131190188252811e-06,
    "C4H2": -0.7249782713467329,
    "C2H": -11.057470094294157,
    "C3H3": -0.7160852223404085,
    "C3H4": 0.019048395492435668,
    "C3": 2.5439185293279026e-06,
    "C3H5": -0.08008112707973808,
    "C4H": -0.7249769781805431,
    "C3H6": 1.0194147250045285e-05,
    "CH2Plus": -188.44529176743805,
    "C2H5Plus": 1062.8646872033494,
    "C2H4Plus": 7.427924465344845e-06,
    "C2H3Plus": 4.95194964356323e-06,
    "HMinus": 4915235.120796846,
    "C2HPlus": -448.48056607634766,
    "H2Plus": 2.3504784398046263e-06,
    "C2H2Star": 1.1182635643818083e-06
  }
}