{
  "pressure_mTorr": 500.0,
  "n_total": 1.2070595635737908e+16,
  "Te": 1.383450570627698,
  "Ne": 127748700.97351873,
  "E_field": 269.0834385557072,
  "n_i_total": 698067049.8910553,
  "Ni_over_Ne": 5.464376894413658,
  "charge_imbalance_pct": 446.4376894413658,
  "rate_values": {
    "CH_CH_C2_H2_cm3_5_4": 1.786371386836635e-10,
    "e_C2H2_C2_H2_cm3_1_16": 4.921701611491155e-11,
    "C2HPlus_e_C2_H_cm3_6_18": 2.624659222429688e-07,
    "C_CH_C2_H_cm3_7_4": 9.717382405760893e-11,
    "CH_C_C2_H_cm3_7_9": 7.084994547690626e-11,
    "C2H_H_C2_H2_cm3_7_47": 9.485076150279515e-11,
    "C2H2_H_C2_H2_H_cm3_7_50": 1.6857200580330782e-11,
    "C2_H_CH_C_cm3_7_6": 3.927773198637957e-12,
    "stick_C2_9_9": 6154.295364214449,
    "loss_C2_11_3": 1355.380915343562,
    "stick_C2H2_9_11": 982.9600738578282,
    "loss_C2H2_11_19": 1135.143798888016,
    "CH3_CH3_C2H2_H2_H2_cm3_7_49": 1.883773471759226e-11,
    "C_CH3_C2_H2_H_cm3_7_8": 1.68321967723373e-10,
    "CH3_CH_C2H2_H2_cm3_7_16": 1.0431532369110629e-10
  },
  "target_densities": {
    "H": 202915382257201.97,
    "CH": 1589088060.9368584,
    "C2": 213195156.4941185
  },
  "all_densities": {
    "e": 127748700.97351873,
    "Ar": 1.0260006290377222e+16,
    "CH4": 1810589345360686.2,
    "ArPlus": 243342493.58461678,
    "CH4Plus": 105645869.97035639,
    "CH3Plus": 88222722.73473357,
    "CH5Plus": 106493047.88981746,
    "ArHPlus": 100377224.5697968,
    "CH3Minus": 26.594559962376042,
    "H": 202915382257201.97,
    "C2": 213195156.4941185,
    "CH": 1589088060.9368584,
    "H2": 528308983044.17413,
    "ArStar": 808186680.9726464,
    "C2H4": 267792093125.22797,
    "C2H6": 2619609322.4785676,
    "CH2": 32348769849.70021,
    "C2H2": 511680992.40321106,
    "C2H5": 371213984.58544666,
    "CH3": 330500331704.92554,
    "C": 5128180605.477761,
    "H3Plus": 1.0589709327581893,
    "C2H3": 146768829.2893554,
    "C3H2": 406230.3101502079,
    "CHPlus": 7.609437474254632,
    "C3H": 56070.1417685108,
    "C4H2": 6.144854679957074,
    "C2H": 4521.020034992311,
    "C3H3": 16084.730644234107,
    "C3H4": 32282740.675755184,
    "C3": 102805.37322103474,
    "C3H5": 294945.85547876614,
    "C4H": 44.51970592071534,
    "C3H6": 599219.1172895931,
    "CH2Plus": 964.2589285923541,
    "C2H5Plus": 53973996.87777463,
    "C2H4Plus": 2995.6265011098853,
    "C2H3Plus": 1997.0843340732572,
    "HMinus": 1298312536.5777125,
    "C2HPlus": 4.839581890410314,
    "H2Plus": 5723.786205861884,
    "C2H2Star": 82706.7525934282
  }
}