{
  "pressure_mTorr": 500.0,
  "n_total": 1.2070595635737908e+16,
  "Te": 2.80094766006943,
  "Ne": 1407569413.667324,
  "E_field": 67.18480029421285,
  "n_i_total": 9265554831411.453,
  "Ni_over_Ne": 6582.662809694547,
  "charge_imbalance_pct": 658166.2809694546,
  "rate_values": {
    "CH_CH_C2_H2_cm3_5_4": 1.582688677869743e-10,
    "e_C2H2_C2_H2_cm3_1_16": 7.215405989658107e-11,
    "C2HPlus_e_C2_H_cm3_6_18": 1.2425575997759137e-07,
    "C_CH_C2_H_cm3_7_4": 5.6201850926431486e-11,
    "CH_C_C2_H_cm3_7_9": 1.8878204073151806e-10,
    "C2H_H_C2_H2_cm3_7_47": 9.929852499865691e-11,
    "C2H2_H_C2_H2_H_cm3_7_50": 7.582218808943567e-12,
    "C2_H_CH_C_cm3_7_6": 8.177549043386145e-12,
    "stick_C2_9_9": 6701.551006843642,
    "loss_C2_11_3": 2468.6102864254763,
    "stick_C2H2_9_11": 954.9220366377689,
    "loss_C2H2_11_19": 349.2550561377434,
    "CH3_CH3_C2H2_H2_H2_cm3_7_49": 6.746634479758282e-11,
    "C_CH3_C2_H2_H_cm3_7_8": 2.381017434042049e-10,
    "CH3_CH_C2H2_H2_cm3_7_16": 2.55508402245216e-10
  },
  "target_densities": {
    "H": 2149699487585456.0,
    "CH": 4153545002371.4365,
    "C2": 39734104302875.234
  },
  "all_densities": {
    "e": 1407569413.667324,
    "Ar": 1.0260006290377222e+16,
    "CH4": 1810589345360686.2,
    "ArPlus": 1055538719823.516,
    "CH4Plus": 839543937353.0613,
    "CH3Plus": 503851182878.8567,
    "CH5Plus": 3913740200164.6284,
    "ArHPlus": 971296044712.298,
    "CH3Minus": 113793.76314499514,
    "H": 2149699487585456.0,
    "C2": 39734104302875.234,
    "CH": 4153545002371.4365,
    "H2": 3344880948006204.0,
    "ArStar": 578175694614.391,
    "C2H4": 121010559449188.75,
    "C2H6": 74920150704614.17,
    "CH2": 29002229862353.24,
    "C2H2": 58000440941694.25,
    "C2H5": 41042199377089.32,
    "CH3": 83549332150093.33,
    "C": 12013210003098.693,
    "H3Plus": 117433072759.27954,
    "C2H3": 5822317299850.236,
    "C3H2": 39149375118874.336,
    "CHPlus": 60894452.97526716,
    "C3H": 12914834235427.48,
    "C4H2": 3699472082414.8516,
    "C2H": 113794276446.43507,
    "C3H3": 1667810822276.8076,
    "C3H4": 38130005853640.31,
    "C3": 39378084297278.59,
    "C3H5": 85235311054520.73,
    "C4H": 11214392508342.426,
    "C3H6": 67770975183178.86,
    "CH2Plus": 19774479139.02888,
    "C2H5Plus": 1737052773291.5933,
    "C2H4Plus": 3957513212.332253,
    "C2H3Plus": 2638342141.554836,
    "HMinus": 41756848218.24744,
    "C2HPlus": 2218049380.302638,
    "H2Plus": 98449622102.02806,
    "C2H2Star": 6706889045881.007
  }
}