{
  "pressure_mTorr": 500.0,
  "n_total": 1.2070595635737908e+16,
  "Te": 2.3501099105274017,
  "Ne": 13976030817.34384,
  "E_field": 142.64558518752858,
  "n_i_total": 16127088817305.062,
  "Ni_over_Ne": 1153.9105077882216,
  "charge_imbalance_pct": 115291.05077882216,
  "rate_values": {
    "CH_CH_C2_H2_cm3_5_4": 1.2945639500959122e-10,
    "e_C2H2_C2_H2_cm3_1_16": 5.839197757727572e-11,
    "C2HPlus_e_C2_H_cm3_6_18": 2.1056789416431004e-07,
    "C_CH_C2_H_cm3_7_4": 1.4492188322182354e-10,
    "CH_C_C2_H_cm3_7_9": 5.675870213539722e-11,
    "C2H_H_C2_H2_cm3_7_47": 1.9622184045048473e-10,
    "C2H2_H_C2_H2_H_cm3_7_50": 1.914493995407684e-11,
    "C2_H_CH_C_cm3_7_6": 3.1189615607807786e-12,
    "stick_C2_9_9": 2192.3449556920436,
    "loss_C2_11_3": 2670.3195464017685,
    "stick_C2H2_9_11": 1350.0439410963231,
    "loss_C2H2_11_19": 1223.9318427028977,
    "CH3_CH3_C2H2_H2_H2_cm3_7_49": 1.1755851388071244e-11,
    "C_CH3_C2_H2_H_cm3_7_8": 1.9860192570355204e-10,
    "CH3_CH_C2H2_H2_cm3_7_16": 1.4728780448196174e-10
  },
  "target_densities": {
    "H": 4620074625544652.0,
    "CH": 8325859258561.279,
    "C2": 148308755221072.44
  },
  "all_densities": {
    "e": 13976030817.34384,
    "Ar": 1.0260006290377222e+16,
    "CH4": 1810589345360686.2,
    "ArPlus": 2846075843668.896,
    "CH4Plus": 1191771166777.4885,
    "CH3Plus": 1235451246227.459,
    "CH5Plus": 5326656606112.439,
    "ArHPlus": 2707487244578.0635,
    "CH3Minus": 1299821.9437432552,
    "H": 4620074625544652.0,
    "C2": 148308755221072.44,
    "CH": 8325859258561.279,
    "H2": 5832424616344966.0,
    "ArStar": 1866617817222.8093,
    "C2H4": 189327831986051.38,
    "C2H6": 243333414506046.72,
    "CH2": 48826053806973.17,
    "C2H2": 31760583556108.45,
    "C2H5": 106647510909084.28,
    "CH3": 200557224139630.75,
    "C": 22057560058982.58,
    "H3Plus": 490769600299.65656,
    "C2H3": 16542813227450.857,
    "C3H2": 25608924355490.273,
    "CHPlus": 252846481.38330916,
    "C3H": 11584849694486.465,
    "C4H2": 6651988143991.789,
    "C2H": 29902778442.76853,
    "C3H3": 9498836873960.12,
    "C3H4": 119582660077851.06,
    "C3": 188553778912004.4,
    "C3H5": 443966083052457.2,
    "C4H": 14704572410134.77,
    "C3H6": 400873820265188.75,
    "CH2Plus": 38446898661.30872,
    "C2H5Plus": 1927968259626.5815,
    "C2H4Plus": 12906687976.82292,
    "C2H3Plus": 8604458651.215282,
    "HMinus": 166982348115.30237,
    "C2HPlus": 2387728446.1940145,
    "H2Plus": 338310229797.55383,
    "C2H2Star": 11856974230245.162
  }
}