{
  "pressure_mTorr": 500.0,
  "n_total": 1.2070595635737908e+16,
  "Te": 1.3178621113692501,
  "Ne": 105199361.91229068,
  "E_field": 231.44566465135415,
  "n_i_total": 387905012.3048941,
  "Ni_over_Ne": 3.6873323683113925,
  "charge_imbalance_pct": 268.73323683113927,
  "rate_values": {
    "CH_CH_C2_H2_cm3_5_4": 7.343529060120223e-11,
    "e_C2H2_C2_H2_cm3_1_16": 7.465531793984398e-11,
    "C2HPlus_e_C2_H_cm3_6_18": 1.2509220271121085e-07,
    "C_CH_C2_H_cm3_7_4": 1.0784130585665587e-10,
    "CH_C_C2_H_cm3_7_9": 6.584611032240344e-11,
    "C2H_H_C2_H2_cm3_7_47": 1.1163632756156539e-10,
    "C2H2_H_C2_H2_H_cm3_7_50": 1.789995931199256e-11,
    "C2_H_CH_C_cm3_7_6": 4.093297900747059e-11,
    "stick_C2_9_9": 4819.174507564471,
    "loss_C2_11_3": 2057.195643139418,
    "stick_C2H2_9_11": 690.783196933367,
    "loss_C2H2_11_19": 346.4352020862133,
    "CH3_CH3_C2H2_H2_H2_cm3_7_49": 2.2154806679217696e-11,
    "C_CH3_C2_H2_H_cm3_7_8": 1.0179002546592186e-10,
    "CH3_CH_C2H2_H2_cm3_7_16": 1.399712502127011e-10
  },
  "target_densities": {
    "H": 201053647385385.88,
    "CH": 870470477.031078,
    "C2": 46017137.41798193
  },
  "all_densities": {
    "e": 105199361.91229068,
    "Ar": 1.0260006290377222e+16,
    "CH4": 1810589345360686.2,
    "ArPlus": 122192438.93408512,
    "CH4Plus": 62535071.09052407,
    "CH3Plus": 47914809.03850508,
    "CH5Plus": 66974666.766339526,
    "ArHPlus": 54204378.80985305,
    "CH3Minus": 14.594901997795407,
    "H": 201053647385385.88,
    "C2": 46017137.41798193,
    "CH": 870470477.031078,
    "H2": 287952792328.7607,
    "ArStar": 429556127.6677471,
    "C2H4": 146692938670.9841,
    "C2H6": 742182777.3106798,
    "CH2": 17858392022.605675,
    "C2H2": 191436983.69937623,
    "C2H5": 109069218.0290352,
    "CH3": 175755036083.02853,
    "C": 2833646439.842433,
    "H3Plus": 0.18205606759172863,
    "C2H3": 43396101.967877574,
    "C3H2": 83283.87318468334,
    "CHPlus": 2.6555502458711424,
    "C3H": 11491.740641464045,
    "C4H2": 0.6898773074546644,
    "C2H": 802.6475476528093,
    "C3H3": 2605.1741780184616,
    "C3H4": 9686969.622912029,
    "C3": 17017.47321667983,
    "C3H5": 47470.76712357047,
    "C4H": 4.999734677246008,
    "C3H6": 93613.24759701118,
    "CH2Plus": 336.1286060774249,
    "C2H5Plus": 34079882.781011716,
    "C2H4Plus": 1050.9938577043913,
    "C2H3Plus": 700.6625718029275,
    "HMinus": 692283365.7781473,
    "C2HPlus": 1.1224293901880806,
    "H2Plus": 1673.1395043981706,
    "C2H2Star": 16446.58588205953
  }
}