{
  "pressure_mTorr": 500.0,
  "n_total": 1.2070595635737908e+16,
  "Te": 1.187043458927895,
  "Ne": 1514416895.5713463,
  "E_field": 228.47759234760906,
  "n_i_total": 1700032842.5859015,
  "Ni_over_Ne": 1.1225659509989339,
  "charge_imbalance_pct": 12.256595099893389,
  "rate_values": {
    "CH_CH_C2_H2_cm3_5_4": 7.161155857881563e-11,
    "e_C2H2_C2_H2_cm3_1_16": 5.920239087402329e-11,
    "C2HPlus_e_C2_H_cm3_6_18": 1.9160848976503643e-07,
    "C_CH_C2_H_cm3_7_4": 1.8956388901288337e-10,
    "CH_C_C2_H_cm3_7_9": 1.6115414251424382e-10,
    "C2H_H_C2_H2_cm3_7_47": 6.701044865033708e-11,
    "C2H2_H_C2_H2_H_cm3_7_50": 1.849477298197379e-11,
    "C2_H_CH_C_cm3_7_6": 3.287409815904058e-11,
    "stick_C2_9_9": 7665.9173694877945,
    "loss_C2_11_3": 2939.194117885284,
    "stick_C2H2_9_11": 1182.364178043469,
    "loss_C2H2_11_19": 960.6022919747452,
    "CH3_CH3_C2H2_H2_H2_cm3_7_49": 4.746033554109023e-11,
    "C_CH3_C2_H2_H_cm3_7_8": 2.3232962970379546e-10,
    "CH3_CH_C2H2_H2_cm3_7_16": 1.1892207458749514e-10
  },
  "target_densities": {
    "H": 209601891717182.1,
    "CH": 4699994430.227179,
    "C2": 1599048249.7752144
  },
  "all_densities": {
    "e": 1514416895.5713463,
    "Ar": 1.0260006290377222e+16,
    "CH4": 1810589345360686.2,
    "ArPlus": 517603753.2787738,
    "CH4Plus": 286641519.280065,
    "CH3Plus": 213707263.48667392,
    "CH5Plus": 295456715.1424811,
    "ArHPlus": 232562951.06967318,
    "CH3Minus": 594.0686450755989,
    "H": 209601891717182.1,
    "C2": 1599048249.7752144,
    "CH": 4699994430.227179,
    "H2": 1571372310080.9949,
    "ArStar": 2241673404.707252,
    "C2H4": 791611643197.9727,
    "C2H6": 18252111000.715813,
    "CH2": 88179048795.14919,
    "C2H2": 7169099800.94959,
    "C2H5": 2663756405.377507,
    "CH3": 872554037151.1195,
    "C": 14863296463.812344,
    "H3Plus": 20.750938720277247,
    "C2H3": 1165449696.8279662,
    "C3H2": 16807866.12850892,
    "CHPlus": 81.4945088475566,
    "C3H": 2323021.4445762094,
    "C4H2": 752.9784724694124,
    "C2H": 263965.8839281444,
    "C3H3": 377766.0057794065,
    "C3H4": 282250161.746676,
    "C3": 3360397.5772015103,
    "C3H5": 6259820.134378126,
    "C4H": 5448.060495723862,
    "C3H6": 12414504.235794617,
    "CH2Plus": 7498.657022626182,
    "C2H5Plus": 153963717.28843042,
    "C2H4Plus": 32616.6660029309,
    "C2H3Plus": 21744.44400195393,
    "HMinus": 3677503361.9249344,
    "C2HPlus": 224.20988961708176,
    "H2Plus": 34736.81743923429,
    "C2H2Star": 3214156.0718961502
  }
}