{
  "pressure_mTorr": 500.0,
  "n_total": 1.2070595635737908e+16,
  "Te": 1.4801655584470927,
  "Ne": 2746776781.5534062,
  "E_field": 194.46974875644491,
  "n_i_total": 931407377.2762842,
  "Ni_over_Ne": 0.33909103336367147,
  "charge_imbalance_pct": 66.09089666363285,
  "rate_values": {
    "loss_C2_11_3": 131.52674077842698,
    "e_CH4_CH3_HMinus_cm3_8_1": 5.365679127504031e-13,
    "loss_C2H2Star_11_25": 538.8595189299785,
    "stick_H_9_1": 1672.380544795429,
    "e_CH4Plus_CH2_H2_cm3_6_9": 2.0956041740641577e-06,
    "loss_C3H4_11_18": 1134.657403972462,
    "e_CH4Plus_CH_H2_H_cm3_6_11": 7.900507614818346e-07,
    "loss_C4H2_11_11": 160.66695142568307,
    "loss_CH_11_9": 5997.182268345418,
    "stick_ArStar_9_5": 150.91186296011597,
    "e_CH4Plus_C_2H2_cm3_6_13": 3.440679073556761e-08,
    "loss_C3H6_11_16": 148.19502359363372,
    "loss_C3H3_11_13": 777.9358284468854,
    "loss_C3_11_14": 754.034540400763,
    "loss_C4H_11_15": 482.3061689304003,
    "loss_C2H_11_12": 471.068833101579,
    "loss_C3H_11_10": 812.745846895084,
    "ArStar_CH4_CH3_H_cm3_3_1": 2.1795546746153712e-10,
    "e_CH4Plus_CH3_H_cm3_6_4": 1.5398113831965118e-07,
    "e_CH4_CH_H2_H_vib_cm3_1_3": 8.673035375859063e-11,
    "stick_C2_9_9": 1564.2527860819941,
    "stick_CH_9_3": 2711.4718641630297,
    "stick_C_9_10": 5409.328434093563,
    "loss_CH2_11_1": 1250.7106245065488,
    "stick_CH3_9_2": 1637.1281329495603,
    "e_Ar_ArStar_cm3_1_7": 6.691712467242101e-11,
    "stick_C4H_9_24": 1797.7585147064447,
    "stick_C2H2_9_11": 1859.4536797083874,
    "stick_C2H6_9_14": 475.9623361107484,
    "stick_C4H2_9_20": 986.7916186643924,
    "stick_C3H4_9_22": 1872.4488686240888,
    "stick_C2H5_9_17": 1098.6427709917693,
    "stick_C3H6_9_25": 864.6611601826629,
    "stick_H2_9_16": 486.3684699289798,
    "loss_C_11_8": 1492.3923459623961,
    "stick_C3_9_23": 1397.83144049551,
    "stick_C3H3_9_21": 1401.640301348025,
    "stick_C3H_9_19": 759.0287044134103,
    "stick_C2H4_9_12": 1542.4287866295722,
    "e_CH4_CH4Plus_cm3_2_2": 1.712349575633756e-11
  },
  "target_densities": {
    "H": 35573851309210.086,
    "CH": 47289289801.216965,
    "C2": 606499485617.2985
  },
  "all_densities": {
    "e": 2746776781.5534062,
    "Ar": 1.0260006290377222e+16,
    "CH4": 1810589345360686.2,
    "ArPlus": 212109235.93209293,
    "CH4Plus": 151442822.93230754,
    "CH3Plus": 106415692.61106606,
    "CH5Plus": 185686700.39153144,
    "ArHPlus": 102727535.94264647,
    "CH3Minus": 76340.32535251175,
    "H": 35573851309210.086,
    "C2": 606499485617.2985,
    "CH": 47289289801.216965,
    "H2": 125727658778769.97,
    "ArStar": 820435107.9511621,
    "C2H4": 912654879992.68,
    "C2H6": 18700895163399.168,
    "CH2": 3166709937364.337,
    "C2H2": 7774843547789.864,
    "C2H5": 5228073156449.735,
    "CH3": 42884140293591.35,
    "C": 226343787177.22012,
    "H3Plus": 3949403.040079141,
    "C2H3": 88130048163.7065,
    "C3H2": 36593634271.46139,
    "CHPlus": 11507.177649851772,
    "C3H": 23321663052.92562,
    "C4H2": 96113699.5708315,
    "C2H": 9990944116.418915,
    "C3H3": 191211829.25603434,
    "C3H4": 1578749698.7368717,
    "C3": 19751633853.741165,
    "C3H5": 24723186659.731464,
    "C4H": 75896398.39439328,
    "C3H6": 162325256609.10257,
    "CH2Plus": 157544.88900410832,
    "C2H5Plus": 90654171.44016361,
    "C2H4Plus": 42178.29109817368,
    "C2H3Plus": 28118.860732115787,
    "HMinus": 751949799.8496859,
    "C2HPlus": 236573.0108146339,
    "H2Plus": 77945892.75709823,
    "C2H2Star": 710250562.3099053
  }
}