{
  "pressure_mTorr": 500.0,
  "n_total": 1.2070595635737908e+16,
  "Te": 1.1491762223995736,
  "Ne": 2496607660.5795493,
  "E_field": 37.8270200213089,
  "n_i_total": 3713144239.8610845,
  "Ni_over_Ne": 1.487275833720359,
  "charge_imbalance_pct": 48.72758337203591,
  "rate_values": {
    "loss_C2_11_3": 1297.7771139147533,
    "e_CH4_CH3_HMinus_cm3_8_1": 5.283414239547302e-13,
    "loss_C2H2Star_11_25": 9391.291045484442,
    "e_CH4Plus_CH2_H2_cm3_6_9": 2.745689105037435e-06,
    "e_CH_CHPlus_2e_cm3_2_10": 2.571429506039952e-12,
    "loss_C3H4_11_18": 1362.3566603202994,
    "e_CH4Plus_CH_H2_H_cm3_6_11": 1.74203120274703e-07,
    "loss_C3H6_11_16": 446.8041660557054,
    "loss_C3_11_14": 373.58397120735424,
    "loss_C4H_11_15": 199.42601206542668,
    "loss_C2H_11_12": 786.0594459803838,
    "loss_CH_11_9": 7741.372125694017,
    "ArStar_CH4_CH3_H_cm3_3_1": 3.7594103244661443e-10,
    "e_CH4Plus_C_2H2_cm3_6_13": 4.703287525115676e-08,
    "loss_C3H3_11_13": 651.4404661086552,
    "loss_C4H2_11_11": 473.532833925903,
    "stick_ArStar_9_5": 250.70213791896145,
    "loss_C3H_11_10": 692.2018007358153,
    "e_CH4Plus_CH3_H_cm3_6_4": 2.565458601673558e-07,
    "e_CH4_CH_H2_H_vib_cm3_1_3": 5.222260546118175e-11,
    "stick_CH_9_3": 2284.9222502753582,
    "stick_C2_9_9": 2310.3731343829554,
    "stick_C_9_10": 1436.9229312326397,
    "stick_H_9_1": 380.52166195895904,
    "loss_CH2_11_1": 2408.0297536358166,
    "stick_CH3_9_2": 4654.065165703668,
    "e_Ar_ArStar_cm3_1_7": 7.988469179179906e-11,
    "C2H2_H_C2_H2_H_cm3_7_50": 1.1738096940373104e-11,
    "e_CH4_CH2_H2_cm3_1_2": 5.956153399485682e-11,
    "C_CH3_C2_H2_H_cm3_7_8": 9.420328464047193e-11,
    "CH2_CH3_C2H2_H_H2_cm3_7_62": 8.100124878090647e-12,
    "C2H2_C_C2_CH2_cm3_7_19": 1.1429382606440407e-10,
    "C_H_CH_cm3_7_12": 1.0314444030893426e-10,
    "CH_CH3_C2H4_cm3_7_5": 1.0462747294261579e-10,
    "e_CH4_CH3_H_cm3_1_1": 5.735575666207918e-11,
    "CH2_CH2_C2H2_H2_cm3_7_15": 1.1538860665003012e-10,
    "CH2_C2H3_C2H2_CH3_cm3_7_53": 1.156978915521632e-10,
    "CH_CH_C2_H2_cm3_5_4": 1.6371041018980255e-10,
    "CH3_CH3_C2H2_H2_H2_cm3_7_49": 8.078052810232641e-12,
    "CH3_C2H5_C2H2_CH3_H2_cm3_7_61": 1.0422753613756785e-11,
    "CH_C_C2_H_cm3_7_9": 1.1511614404886976e-10,
    "CH_CH4_CH2_CH3_cm3_7_39": 1.1246794471416936e-11,
    "CH2_H_CH_H2_cm3_7_1": 1.4116338507710848e-11,
    "C2_H_CH_C_cm3_7_6": 1.0206249465289532e-10,
    "CH_H_C_H2_cm3_7_3": 1.14352800591297e-10,
    "C2HPlus_e_C2_H_cm3_6_18": 2.461355371251049e-07,
    "C_CH_C2_H_cm3_7_4": 9.187962729352801e-11,
    "e_C2H2_C2_H2_cm3_1_16": 4.732673707802262e-11,
    "C2H_H_C2_H2_cm3_7_47": 8.372236771728937e-11,
    "CH_CH4_C2H4_H_cm3_7_20": 7.364584190573136e-11
  },
  "target_densities": {
    "H": 10411752254907.807,
    "CH": 3377439710.021599,
    "C2": 20218459473.90989
  },
  "all_densities": {
    "e": 2496607660.5795493,
    "Ar": 1.0260006290377222e+16,
    "CH4": 1810589345360686.2,
    "ArPlus": 244842108.6023187,
    "CH4Plus": 1000749703.4559045,
    "CH3Plus": 159484930.11788446,
    "CH5Plus": 1438614241.9912806,
    "ArHPlus": 172916972.15507513,
    "CH3Minus": 69196.80416778586,
    "H": 10411752254907.807,
    "C2": 20218459473.90989,
    "CH": 3377439710.021599,
    "H2": 30257335175635.598,
    "ArStar": 807075566.8121415,
    "C2H4": 256346710432.52856,
    "C2H6": 1482501391249.8013,
    "CH2": 459174146662.5891,
    "C2H2": 738198200099.3734,
    "C2H5": 161642770753.48666,
    "CH3": 11556203375786.719,
    "C": 19622472217.1433,
    "H3Plus": 70991.32022891847,
    "C2H3": 2016786938.2738554,
    "C3H2": 249237812.9195501,
    "CHPlus": 50.887150688365395,
    "C3H": 128348476.69772354,
    "C4H2": 25151.203005066145,
    "C2H": 184064489.5044329,
    "C3H3": 358232.4250161278,
    "C3H4": 36456550.12383658,
    "C3": 161974570.90758163,
    "C3H5": 54593871.278074384,
    "C4H": 58077.17534983944,
    "C3H6": 525368560.13787407,
    "CH2Plus": 176010.00750447367,
    "C2H5Plus": 692384755.3279473,
    "C2H4Plus": 55286.235795332344,
    "C2H3Plus": 36857.49053022157,
    "HMinus": 500356389.03551996,
    "C2HPlus": 103851.28294331416,
    "H2Plus": 3708480.986521335,
    "C2H2Star": 3806388.671457716
  }
}