{
  "pressure_mTorr": 500.0,
  "n_total": 1.2070595635737908e+16,
  "Te": 0.5450160961740624,
  "Ne": 2867997326.978326,
  "E_field": 343.4187287580898,
  "n_i_total": 312239201.8604201,
  "Ni_over_Ne": 0.10887011606436542,
  "charge_imbalance_pct": 89.11298839356346,
  "rate_values": {
    "loss_C2_11_3": 480.95731246475793,
    "e_CH4_CH3_HMinus_cm3_8_1": 9.264194491260099e-13,
    "loss_C2H2Star_11_25": 1518.2472663251692,
    "e_CH4Plus_CH2_H2_cm3_6_9": 1.2902599667049864e-06,
    "loss_C3H4_11_18": 1475.862668197045,
    "e_CH4Plus_CH_H2_H_cm3_6_11": 9.56592771985243e-07,
    "loss_C3H6_11_16": 708.7205903676752,
    "loss_C4H2_11_11": 586.3613211459357,
    "stick_H_9_1": 3156.2326849746764,
    "loss_C4H_11_15": 464.82332050961605,
    "loss_C2H_11_12": 329.09816464908323,
    "loss_CH_11_9": 6257.33884083331,
    "loss_C3H3_11_13": 518.7598892639232,
    "loss_C3H_11_10": 331.35917655759835,
    "ArStar_CH4_CH3_H_cm3_3_1": 1.1013275155729443e-10,
    "e_CH4Plus_C_2H2_cm3_6_13": 9.436434182116844e-08,
    "stick_ArStar_9_5": 336.90821390215064,
    "loss_C3_11_14": 136.0330068754247,
    "e_CH4Plus_CH3_H_cm3_6_4": 6.058741541549141e-07,
    "e_CH4_CH_H2_H_vib_cm3_1_3": 3.7377898682449596e-11,
    "stick_CH_9_3": 5606.065834645571,
    "stick_C_9_10": 4152.582497177337,
    "stick_C2_9_9": 5824.889227370184,
    "loss_CH2_11_1": 4420.007027503464,
    "stick_CH3_9_2": 5382.453990847308,
    "e_Ar_ArStar_cm3_1_7": 6.389028514748129e-11,
    "loss_C_11_8": 1079.1323463718093,
    "stick_C2H4_9_12": 1712.4319851987157,
    "stick_C4H2_9_20": 1719.9825036985947,
    "stick_C3H3_9_21": 1212.3447091339726,
    "stick_C3H4_9_22": 1902.8395924057886,
    "stick_C3H6_9_25": 500.4957096618816,
    "stick_C2H5_9_17": 1651.814563407584,
    "stick_C4H_9_24": 1460.8086771579742,
    "stick_C2H6_9_14": 779.4200254722523,
    "stick_C3_9_23": 1756.4178200064002,
    "stick_H2_9_16": 439.59018034288573,
    "stick_C2H2_9_11": 1587.8897165481744,
    "stick_C3H_9_19": 1295.1905887911853,
    "e_CH4_CH3Plus_H_cm3_2_1": 1.1600960094138977e-11
  },
  "target_densities": {
    "H": 22653749612722.594,
    "CH": 10802320000.724693,
    "C2": 94354469338.39145
  },
  "all_densities": {
    "e": 2867997326.978326,
    "Ar": 1.0260006290377222e+16,
    "CH4": 1810589345360686.2,
    "ArPlus": 111582199.49605417,
    "CH4Plus": 55038544.71962509,
    "CH3Plus": 42382042.36505809,
    "CH5Plus": 41158237.28282168,
    "ArHPlus": 41696906.55853528,
    "CH3Minus": 14250.49910910125,
    "H": 22653749612722.594,
    "C2": 94354469338.39145,
    "CH": 10802320000.724693,
    "H2": 110374216920219.14,
    "ArStar": 900470248.253457,
    "C2H4": 168419914872.9412,
    "C2H6": 6319626451001.523,
    "CH2": 1379820873630.412,
    "C2H2": 3341122079927.034,
    "C2H5": 1278759757411.3135,
    "CH3": 28453135201670.316,
    "C": 55744161212.667336,
    "H3Plus": 0.01476010367226731,
    "C2H3": 38149592322.674904,
    "C3H2": 3605292434.628364,
    "CHPlus": -382.07634299076693,
    "C3H": 2217449292.9994206,
    "C4H2": 1038596.0926695386,
    "C2H": 1391140236.9771278,
    "C3H3": 23805846.541457918,
    "C3H4": 59231570.05525807,
    "C3": 2014866841.970711,
    "C3H5": 1381357210.360609,
    "C4H": 2022480.028490383,
    "C3H6": 9623899345.03521,
    "CH2Plus": 15481.856095564019,
    "C2H5Plus": 20343172.967590485,
    "C2H4Plus": 1534.0982461235562,
    "C2H3Plus": 1022.732164082371,
    "HMinus": 1116983950.3863769,
    "C2HPlus": 20059.3276081811,
    "H2Plus": 0.4418612746356204,
    "C2H2Star": 118896879.13770862
  }
}