{
  "pressure_mTorr": 500.0,
  "n_total": 1.2070595635737908e+16,
  "Te": 2.687409584348784,
  "Ne": 2193092834.4815326,
  "E_field": 200.22881280098727,
  "n_i_total": 3069289093.3496723,
  "Ni_over_Ne": 1.3995253849230147,
  "charge_imbalance_pct": 39.95253849230148,
  "rate_values": {
    "loss_C2_11_3": 1827.331187468315,
    "e_CH4_CH3_HMinus_cm3_8_1": 4.3651495451661476e-13,
    "loss_C2H2Star_11_25": 8018.044027428918,
    "e_CH4Plus_CH2_H2_cm3_6_9": 2.7191357623405207e-06,
    "e_CH_CHPlus_2e_cm3_2_10": 1.7755500102626155e-11,
    "loss_C3H4_11_18": 424.1364290381563,
    "e_CH4Plus_CH_H2_H_cm3_6_11": 8.508005203720272e-07,
    "loss_C3H_11_10": 203.81645084713972,
    "loss_C3H3_11_13": 758.9772823666258,
    "loss_C2H_11_12": 767.3651608604544,
    "loss_C4H2_11_11": 227.57873983263107,
    "ArStar_CH4_CH3_H_cm3_3_1": 2.6630548080508833e-10,
    "loss_C3_11_14": 890.6014606839383,
    "loss_CH_11_9": 5897.4439491037865,
    "e_CH4Plus_C_2H2_cm3_6_13": 5.659751944922709e-08,
    "loss_C3H6_11_16": 230.74138595843004,
    "loss_C4H_11_15": 836.5475856825127,
    "stick_ArStar_9_5": 214.0080525661516,
    "e_CH4Plus_CH3_H_cm3_6_4": 5.156510204150477e-07,
    "e_CH4_CH_H2_H_vib_cm3_1_3": 3.5767462943064834e-11,
    "stick_CH_9_3": 4042.7161021963557,
    "stick_C2_9_9": 6224.401387416256,
    "stick_C_9_10": 2178.8880543263776,
    "stick_H_9_1": 329.9046869399024,
    "loss_CH2_11_1": 1488.2426007711274,
    "stick_CH3_9_2": 4666.06131775228,
    "e_Ar_ArStar_cm3_1_7": 1.1449980656465317e-10,
    "CH_CH3_C2H4_cm3_7_5": 1.0124422480497722e-10,
    "e_CH4_CH3_H_cm3_1_1": 4.1681507462048e-11,
    "CH2_CH2_C2H2_H2_cm3_7_15": 8.331031498124328e-11,
    "e_C2H4_C2H2_H2_cm3_1_15": 1.1463826618760715e-10,
    "C_CH_C2_H_cm3_7_4": 1.0146477041323708e-10,
    "C2HPlus_e_C2_H_cm3_6_18": 2.732176567176716e-07,
    "CH_C_C2_H_cm3_7_9": 1.0801379152338232e-10,
    "e_C2H2_C2_H2_cm3_1_16": 1.1800960614524095e-10,
    "CH_CH_C2_H2_cm3_5_4": 1.6846641218546135e-10,
    "CH3_CH3_C2H2_H2_H2_cm3_7_49": 9.882026070052828e-12,
    "e_C2H4_C2H2_H_H_cm3_1_17": 4.023193079974516e-11,
    "CH_CH4_C2H4_H_cm3_7_20": 7.48454998457595e-11,
    "CH2_CH3_C2H2_H_H2_cm3_7_62": 1.0571029450044978e-11,
    "e_CH4_CH2_H2_cm3_1_2": 4.507173123999833e-11,
    "CH2_C2H3_C2H2_CH3_cm3_7_53": 9.360694422065073e-11,
    "C_CH3_C2_H2_H_cm3_7_8": 1.1280502216332051e-10,
    "C2H2_C_C2_CH2_cm3_7_19": 9.5878620894644e-11,
    "CH_H_C_H2_cm3_7_3": 1.1070154912333626e-10,
    "C2_H_CH_C_cm3_7_6": 1.133176391451779e-10,
    "e_C2H4_C2H2_H2_cm3_1_6": 2.8424826106064838e-11,
    "CH_CH4_CH2_CH3_cm3_7_39": 8.70486886016675e-12,
    "CH2_H_CH_H2_cm3_7_1": 1.9191668250763603e-11,
    "C2H2_H_C2_H2_H_cm3_7_50": 1.0399719675262205e-11,
    "CH3_C2H5_C2H2_CH3_H2_cm3_7_61": 1.022068642882467e-11,
    "C_H_CH_cm3_7_12": 1.0766797812778822e-10,
    "C2H_H_C2_H2_cm3_7_47": 1.1621938315434985e-10
  },
  "target_densities": {
    "H": 10451242255115.19,
    "CH": 2821432120.411039,
    "C2": 11213700024.49241
  },
  "all_densities": {
    "e": 2193092834.4815326,
    "Ar": 1.0260006290377222e+16,
    "CH4": 1810589345360686.2,
    "ArPlus": 212567595.64295983,
    "CH4Plus": 180038643.30768165,
    "CH3Plus": 100916123.72079588,
    "CH5Plus": 198684599.54658854,
    "ArHPlus": 99132626.29757673,
    "CH3Minus": 22629.08010893052,
    "H": 10451242255115.19,
    "C2": 11213700024.49241,
    "CH": 2821432120.411039,
    "H2": 28522229510310.91,
    "ArStar": 1102731441.959293,
    "C2H4": 219729238237.7464,
    "C2H6": 1456107327257.0002,
    "CH2": 488991205312.6871,
    "C2H2": 886754616545.6444,
    "C2H5": 173834750489.7844,
    "CH3": 11482420434846.814,
    "C": 14885941914.90858,
    "H3Plus": 24935269.605945606,
    "C2H3": 2127901016.7037838,
    "C3H2": 250121225.79841912,
    "CHPlus": 49.26354802186215,
    "C3H": 172059719.21480513,
    "C4H2": 32854.75117735819,
    "C2H": 2569392832.68562,
    "C3H3": 298845.0058783552,
    "C3H4": 40734209.69669536,
    "C3": 119835260.88506782,
    "C3H5": 49046294.867551625,
    "C4H": 33821.42182170298,
    "C3H6": 513651880.7713156,
    "CH2Plus": 22406.676664201892,
    "C2H5Plus": 82974329.65789647,
    "C2H4Plus": 7875.160696133778,
    "C2H3Plus": 5250.107130755852,
    "HMinus": 429856304.2061751,
    "C2HPlus": 20926.471791078024,
    "H2Plus": 2169983397.8903975,
    "C2H2Star": 7317387.085595725
  }
}