{
  "pressure_mTorr": 500.0,
  "n_total": 1.2070595635737908e+16,
  "Te": 1.4725453325707056,
  "Ne": 2093709935.711179,
  "E_field": 25.480175233462262,
  "n_i_total": 6334623099.074568,
  "Ni_over_Ne": 3.0255495238517174,
  "charge_imbalance_pct": 202.5549523851718,
  "rate_values": {
    "loss_C2_11_3": 1846.7984111941742,
    "e_CH4_CH3_HMinus_cm3_8_1": 7.654487206196239e-13,
    "loss_C2H2Star_11_25": 1537.8003158192619,
    "e_CH4Plus_CH2_H2_cm3_6_9": 3.7102403528421277e-07,
    "e_CH_CHPlus_2e_cm3_2_10": 2.2598673273046635e-11,
    "loss_C3H4_11_18": 1346.43264057959,
    "e_CH4Plus_CH_H2_H_cm3_6_11": 3.0735833804056835e-07,
    "loss_C3_11_14": 358.0936099554216,
    "loss_CH_11_9": 2876.58654069323,
    "loss_C2H_11_12": 412.09707319915515,
    "ArStar_CH4_CH3_H_cm3_3_1": 1.0374631412891352e-10,
    "loss_C4H2_11_11": 952.3144371866917,
    "loss_C3H3_11_13": 987.4229657207825,
    "stick_ArStar_9_5": 377.5242100151481,
    "loss_C3H6_11_16": 571.5979789633752,
    "loss_C3H_11_10": 392.61417846597305,
    "e_CH4Plus_C_2H2_cm3_6_13": 2.5913173300186856e-08,
    "loss_C4H_11_15": 172.27727938650378,
    "e_CH4Plus_CH3_H_cm3_6_4": 2.6269922757506e-07,
    "e_CH4_CH_H2_H_vib_cm3_1_3": 2.3087366073515224e-11,
    "stick_C2_9_9": 3846.498984594835,
    "stick_CH_9_3": 3140.6069878688713,
    "stick_H_9_1": 474.4975524780875,
    "stick_C_9_10": 4855.6834714467095,
    "loss_CH2_11_1": 2478.0394246171045,
    "stick_CH3_9_2": 2589.975352555017,
    "e_Ar_ArStar_cm3_1_7": 1.2940844585137536e-10,
    "e_C2H4_C2H2_H_H_cm3_1_17": 4.988393893881344e-11,
    "C_CH3_C2_H2_H_cm3_7_8": 9.204753236395031e-11,
    "C2_H_CH_C_cm3_7_6": 8.675346457174118e-11,
    "CH3_CH3_C2H2_H2_H2_cm3_7_49": 8.383139230527959e-12,
    "CH2_H_CH_H2_cm3_7_1": 1.0956276266216833e-11,
    "C2H2_H_C2_H2_H_cm3_7_50": 1.1848204614274401e-11,
    "CH3_C2H5_C2H2_CH3_H2_cm3_7_61": 9.278789944765378e-12,
    "e_CH4_CH3_H_cm3_1_1": 6.376692013653146e-11,
    "C2HPlus_e_C2_H_cm3_6_18": 2.608388775611142e-07,
    "CH_CH4_C2H4_H_cm3_7_20": 6.933811660435336e-11,
    "e_C2H4_C2H2_H2_cm3_1_15": 9.376261741312679e-11,
    "e_CH4_CH2_H2_cm3_1_2": 2.0819193969389324e-11,
    "C_CH_C2_H_cm3_7_4": 9.08987296057579e-11,
    "CH_CH4_CH2_CH3_cm3_7_39": 1.1572444039698973e-11,
    "CH2_CH3_C2H2_H_H2_cm3_7_62": 1.1727759787579039e-11,
    "C2H2_C_C2_CH2_cm3_7_19": 1.0135160124414735e-10,
    "CH_C_C2_H_cm3_7_9": 1.0121679065578508e-10,
    "e_C2H4_C2H2_H2_cm3_1_6": 1.6434191842262497e-11,
    "CH_CH_C2_H2_cm3_5_4": 1.5594912840688448e-10,
    "CH2_C2H3_C2H2_CH3_cm3_7_53": 9.584073948672065e-11,
    "C_H_CH_cm3_7_12": 1.1021429798669082e-10,
    "e_C2H2_C2_H2_cm3_1_16": 8.653131833316553e-11,
    "CH_H_C_H2_cm3_7_3": 9.35045849566227e-11,
    "C2H_H_C2_H2_cm3_7_47": 1.0968788241287613e-10,
    "CH2_CH2_C2H2_H2_cm3_7_15": 8.649002802212449e-11,
    "CH_CH3_C2H4_cm3_7_5": 8.459683170388806e-11
  },
  "target_densities": {
    "H": 10207365850722.006,
    "CH": 2444901919.4196763,
    "C2": 26375617546.174248
  },
  "all_densities": {
    "e": 2093709935.711179,
    "Ar": 1.0260006290377222e+16,
    "CH4": 1810589345360686.2,
    "ArPlus": 293987449.08815926,
    "CH4Plus": 1714412824.4066713,
    "CH3Plus": 189628061.0948457,
    "CH5Plus": 2601352637.223374,
    "ArHPlus": 216616068.1404763,
    "CH3Minus": 156953.96711103356,
    "H": 10207365850722.006,
    "C2": 26375617546.174248,
    "CH": 2444901919.4196763,
    "H2": 30403023190904.996,
    "ArStar": 1359432259.809103,
    "C2H4": 188369068970.87524,
    "C2H6": 2670049616864.331,
    "CH2": 624407781092.1099,
    "C2H2": 1379552431892.2153,
    "C2H5": 292463788233.9532,
    "CH3": 15509712248852.947,
    "C": 12610284936.232033,
    "H3Plus": 1890187.950537615,
    "C2H3": 1970135760.7938592,
    "C3H2": 337204595.6510215,
    "CHPlus": 400.7340964754093,
    "C3H": 205304963.41652602,
    "C4H2": 22791.954257206744,
    "C2H": 518357004.2112573,
    "C3H3": 215282.88467936276,
    "C3H4": 19511320.270635776,
    "C3": 217763565.68567398,
    "C3H5": 71504527.7213942,
    "C4H": 57965.64250115387,
    "C3H6": 630982156.4005437,
    "CH2Plus": 422484.6273952412,
    "C2H5Plus": 1221987953.6799154,
    "C2H4Plus": 50569.73013626981,
    "C2H3Plus": 33713.15342417988,
    "HMinus": 601337866.8761533,
    "C2HPlus": 240148.89607887104,
    "H2Plus": 94000600.34945704,
    "C2H2Star": 73172364.21608832
  }
}