{
  "pressure_mTorr": 500.0,
  "n_total": 1.2070595635737908e+16,
  "Te": 1.2792454303853933,
  "Ne": 2359147363.132925,
  "E_field": 179.57538075981932,
  "n_i_total": 1261079582.1644359,
  "Ni_over_Ne": 0.5345488806132629,
  "charge_imbalance_pct": 46.54511193867371,
  "rate_values": {
    "loss_C2_11_3": 587.5468304713222,
    "e_CH4_CH3_HMinus_cm3_8_1": 1.871035502317008e-13,
    "loss_C2H2Star_11_25": 7358.764884907152,
    "e_CH4Plus_CH2_H2_cm3_6_9": 5.217928354374152e-07,
    "e_CH_CHPlus_2e_cm3_2_10": 5.1500419725817444e-12,
    "loss_C3H4_11_18": 223.88383024945665,
    "e_CH4Plus_CH_H2_H_cm3_6_11": 5.614725821260739e-07,
    "loss_C3H_11_10": 886.5678275568966,
    "loss_C3H3_11_13": 660.9651992167937,
    "loss_C2H_11_12": 992.1612806049059,
    "loss_C4H2_11_11": 478.4402606361359,
    "ArStar_CH4_CH3_H_cm3_3_1": 2.2734616440500668e-10,
    "loss_C3_11_14": 861.1437826504812,
    "loss_CH_11_9": 5961.37239112247,
    "e_CH4Plus_C_2H2_cm3_6_13": 2.3156186413867325e-08,
    "loss_C3H6_11_16": 442.5301885953282,
    "loss_C4H_11_15": 628.8735891328434,
    "stick_ArStar_9_5": 393.54157335287016,
    "e_CH4Plus_CH3_H_cm3_6_4": 2.4269571784189807e-07,
    "e_CH4_CH_H2_H_vib_cm3_1_3": 9.614745525501648e-11,
    "stick_CH_9_3": 3046.629400698674,
    "stick_C2_9_9": 1414.621918096745,
    "stick_C_9_10": 5157.995654441408,
    "stick_H_9_1": 387.76393346011594,
    "loss_CH2_11_1": 2425.404282090196,
    "stick_CH3_9_2": 4892.205502648671,
    "e_Ar_ArStar_cm3_1_7": 1.7062818589876406e-10,
    "CH_CH3_C2H4_cm3_7_5": 9.433591907402765e-11,
    "e_CH4_CH3_H_cm3_1_1": 1.1306494168299856e-10,
    "CH2_CH2_C2H2_H2_cm3_7_15": 9.683738059126999e-11,
    "e_C2H4_C2H2_H2_cm3_1_15": 8.768235032519222e-11,
    "C_CH_C2_H_cm3_7_4": 1.0091727410745734e-10,
    "C2HPlus_e_C2_H_cm3_6_18": 1.930799808722722e-07,
    "CH_C_C2_H_cm3_7_9": 9.706931147990298e-11,
    "e_C2H2_C2_H2_cm3_1_16": 1.1509390129747807e-10,
    "CH_CH_C2_H2_cm3_5_4": 1.3559066078167047e-10,
    "CH3_CH3_C2H2_H2_H2_cm3_7_49": 1.0784754866501233e-11,
    "e_C2H4_C2H2_H_H_cm3_1_17": 2.5712943843046654e-11,
    "CH_CH4_C2H4_H_cm3_7_20": 5.432906095468674e-11,
    "CH2_CH3_C2H2_H_H2_cm3_7_62": 1.1126895916890123e-11,
    "e_CH4_CH2_H2_cm3_1_2": 2.3660735681322353e-11,
    "CH2_C2H3_C2H2_CH3_cm3_7_53": 1.017314200109718e-10,
    "C_CH3_C2_H2_H_cm3_7_8": 8.224132693763838e-11,
    "C2H2_C_C2_CH2_cm3_7_19": 1.1684967839043648e-10,
    "CH_H_C_H2_cm3_7_3": 1.1478378672707198e-10,
    "C2_H_CH_C_cm3_7_6": 9.271563058312872e-11,
    "e_C2H4_C2H2_H2_cm3_1_6": 2.5553517508108373e-11,
    "CH_CH4_CH2_CH3_cm3_7_39": 9.19256633149141e-12,
    "CH2_H_CH_H2_cm3_7_1": 1.952610931486864e-11,
    "C2H2_H_C2_H2_H_cm3_7_50": 1.1871874711106399e-11,
    "CH3_C2H5_C2H2_CH3_H2_cm3_7_61": 9.453507939008913e-12,
    "C_H_CH_cm3_7_12": 1.129675775786635e-10,
    "C2H_H_C2_H2_cm3_7_47": 9.948350224867447e-11
  },
  "target_densities": {
    "H": 10518346229477.533,
    "CH": 5628644445.152571,
    "C2": 39547182710.68554
  },
  "all_densities": {
    "e": 2359147363.132925,
    "Ar": 1.0260006290377222e+16,
    "CH4": 1810589345360686.2,
    "ArPlus": 298811793.6478766,
    "CH4Plus": 272286709.98379,
    "CH3Plus": 142132074.38343552,
    "CH5Plus": 267994445.88593572,
    "ArHPlus": 145987390.48620346,
    "CH3Minus": 15646.565972899436,
    "H": 10518346229477.533,
    "C2": 39547182710.68554,
    "CH": 5628644445.152571,
    "H2": 30766398621644.32,
    "ArStar": 1822176258.425521,
    "C2H4": 318716206505.47986,
    "C2H6": 1412085232090.5654,
    "CH2": 412546618583.38025,
    "C2H2": 911954357264.7711,
    "C2H5": 142561659397.9234,
    "CH3": 11281209398523.363,
    "C": 12304871994.281254,
    "H3Plus": 45047.48333883979,
    "C2H3": 3313209404.873875,
    "C3H2": 513017923.1767484,
    "CHPlus": 34.176498492581885,
    "C3H": 240184975.41879132,
    "C4H2": 78215.94176489078,
    "C2H": 320235936.0208547,
    "C3H3": 975887.8769751436,
    "C3H4": 133886686.68180561,
    "C3": 264229321.2648717,
    "C3H5": 80242889.22618543,
    "C4H": 153687.58708696443,
    "C3H6": 827533543.9005917,
    "CH2Plus": 29686.619161457944,
    "C2H5Plus": 130276265.1522858,
    "C2H4Plus": 13700.233844700815,
    "C2H3Plus": 9133.489229800543,
    "HMinus": 304013212.50698936,
    "C2HPlus": 25807.699855339753,
    "H2Plus": 3467492.922979996,
    "C2H2Star": 13549080.079868905
  }
}