{
  "pressure_mTorr": 500.0,
  "n_total": 1.2070595635737908e+16,
  "Te": 1.4801655584470927,
  "Ne": 2823751290.980729,
  "E_field": 194.46974875644491,
  "n_i_total": 1378531000.0043793,
  "Ni_over_Ne": 0.488191366005749,
  "charge_imbalance_pct": 51.1808633994251,
  "rate_values": {
    "loss_C2_11_3": 131.52674077842698,
    "e_CH4_CH3_HMinus_cm3_8_1": 5.365679127504031e-13,
    "loss_C2H2Star_11_25": 538.8595189299785,
    "e_CH4Plus_CH2_H2_cm3_6_9": 1.3031407862550774e-06,
    "e_CH_CHPlus_2e_cm3_2_10": 1.751534488880682e-11,
    "loss_C3H4_11_18": 1134.657403972462,
    "e_CH4Plus_CH_H2_H_cm3_6_11": 7.900507614818346e-07,
    "loss_C3H_11_10": 160.66695142568307,
    "loss_C3_11_14": 599.7182268345418,
    "e_CH4Plus_C_2H2_cm3_6_13": 2.113611526052044e-08,
    "loss_C4H2_11_11": 344.0679073556761,
    "loss_C3H6_11_16": 148.19502359363372,
    "stick_ArStar_9_5": 555.4461815110761,
    "loss_C3H3_11_13": 754.034540400763,
    "loss_C2H_11_12": 482.3061689304003,
    "ArStar_CH4_CH3_H_cm3_3_1": 2.3553441655078956e-10,
    "loss_CH_11_9": 8127.45846895084,
    "loss_C4H_11_15": 435.9109349230742,
    "e_CH4Plus_CH3_H_cm3_6_4": 1.5398113831965118e-07,
    "e_CH4_CH_H2_H_vib_cm3_1_3": 8.673035375859063e-11,
    "stick_CH_9_3": 1564.2527860819941,
    "stick_H_9_1": 216.91774913304238,
    "stick_C2_9_9": 5409.328434093563,
    "stick_C_9_10": 1292.1435036299677,
    "loss_CH2_11_1": 1666.9975935381765,
    "stick_CH3_9_2": 2088.265114189893,
    "e_Ar_ArStar_cm3_1_7": 1.6112412803926816e-10,
    "stick_C4H_9_24": 1859.4536797083874,
    "stick_C2H4_9_12": 594.9529201384355,
    "stick_C3H4_9_22": 986.7916186643924,
    "stick_H2_9_16": 936.2244343120444,
    "stick_C2H6_9_14": 878.9142167934154,
    "stick_C2H2_9_11": 864.6611601826629,
    "stick_C3H_9_19": 972.7369398579596,
    "stick_C3H3_9_21": 1492.3923459623961,
    "stick_C3_9_23": 1397.83144049551,
    "stick_C3H6_9_25": 1401.640301348025,
    "stick_C2H5_9_17": 759.0287044134103,
    "loss_C_11_8": 1542.4287866295722,
    "stick_C4H2_9_20": 876.240973045998
  },
  "target_densities": {
    "H": 14599258639054.42,
    "CH": 6617961626.260903,
    "C2": 65650039969.91226
  },
  "all_densities": {
    "e": 2823751290.980729,
    "Ar": 1.0260006290377222e+16,
    "CH4": 1810589345360686.2,
    "ArPlus": 336958284.99930686,
    "CH4Plus": 286633421.0068556,
    "CH3Plus": 158185449.35156482,
    "CH5Plus": 274128119.7796387,
    "ArHPlus": 160070498.0774982,
    "CH3Minus": 40484.31848343054,
    "H": 14599258639054.42,
    "C2": 65650039969.91226,
    "CH": 6617961626.260903,
    "H2": 40781406665378.914,
    "ArStar": 2037476761.7050078,
    "C2H4": 449771089060.5962,
    "C2H6": 3540948725529.1777,
    "CH2": 1202355681175.355,
    "C2H2": 2903749274722.808,
    "C2H5": 1422253792234.4272,
    "CH3": 22110893185535.594,
    "C": 44459792083.38112,
    "H3Plus": 463851.4732421646,
    "C2H3": 7289018187.494109,
    "C3H2": 1920419201.1818721,
    "CHPlus": 151.07947428273692,
    "C3H": 1694513949.6876771,
    "C4H2": 918966.3759970017,
    "C2H": 1677632452.9596927,
    "C3H3": 2147340.870552399,
    "C3H4": 154339065.1327254,
    "C3": 1005523942.2312934,
    "C3H5": 941242101.9811488,
    "C4H": 553692.4503733721,
    "C3H6": 3180264565.425414,
    "CH2Plus": 88918.03362849743,
    "C2H5Plus": 133961540.25793312,
    "C2H4Plus": 21368.461786169322,
    "C2H3Plus": 14245.641190779552,
    "HMinus": 761963582.7963519,
    "C2HPlus": 90830.4756190463,
    "H2Plus": 27914321.366640717,
    "C2H2Star": 658760377.5633717
  }
}