{
  "pressure_mTorr": 500.0,
  "n_total": 1.2070595635737908e+16,
  "Te": 1.2325385040785002,
  "Ne": 2180131662.109191,
  "E_field": 56.41544439298971,
  "n_i_total": 2434340126.129645,
  "Ni_over_Ne": 1.116602344912746,
  "charge_imbalance_pct": 11.660234491274592,
  "rate_values": {
    "loss_C2_11_3": 1871.1728278088603,
    "e_CH4_CH3_HMinus_cm3_8_1": 9.060182172986001e-13,
    "loss_C2H2Star_11_25": 3641.956835841631,
    "e_CH4Plus_CH2_H2_cm3_6_9": 1.4787765295014583e-06,
    "e_CH_CHPlus_2e_cm3_2_10": 1.3267587409659907e-11,
    "loss_C3H4_11_18": 781.3476382677037,
    "e_CH4Plus_CH_H2_H_cm3_6_11": 1.4448289615738905e-07,
    "loss_C3H6_11_16": 270.04377893790934,
    "loss_C3_11_14": 380.1798675982566,
    "loss_C4H_11_15": 553.5001479261863,
    "loss_C2H_11_12": 625.8457765962658,
    "loss_CH_11_9": 1703.4006106715433,
    "ArStar_CH4_CH3_H_cm3_3_1": 3.8954797317958174e-10,
    "e_CH4Plus_C_2H2_cm3_6_13": 6.956604878720073e-08,
    "loss_C3H3_11_13": 980.8051486627822,
    "loss_C4H2_11_11": 866.1933299295551,
    "stick_ArStar_9_5": 340.445807787041,
    "loss_C3H_11_10": 251.62256776956588,
    "e_CH4Plus_CH3_H_cm3_6_4": 1.0426004446075539e-07,
    "e_CH4_CH_H2_H_vib_cm3_1_3": 6.567935572916033e-11,
    "stick_CH_9_3": 2050.17122504661,
    "stick_C2_9_9": 4501.4644406322295,
    "stick_C_9_10": 1522.3577378423047,
    "stick_H_9_1": 187.83010309541044,
    "loss_CH2_11_1": 3798.4893196457388,
    "stick_CH3_9_2": 2622.902840963622,
    "e_Ar_ArStar_cm3_1_7": 1.0018034332876781e-10,
    "C2H2_H_C2_H2_H_cm3_7_50": 9.7043245017265e-12,
    "e_CH4_CH2_H2_cm3_1_2": 4.843988950449269e-11,
    "C_CH3_C2_H2_H_cm3_7_8": 9.533247229891258e-11,
    "CH2_CH3_C2H2_H_H2_cm3_7_62": 9.813370035187706e-12,
    "C2H2_C_C2_CH2_cm3_7_19": 8.954681661793036e-11,
    "C_H_CH_cm3_7_12": 9.493243783741699e-11,
    "CH_CH3_C2H4_cm3_7_5": 1.1590941366252007e-10,
    "e_CH4_CH3_H_cm3_1_1": 6.980450873069971e-11,
    "CH2_CH2_C2H2_H2_cm3_7_15": 1.0915841549102706e-10,
    "CH2_C2H3_C2H2_CH3_cm3_7_53": 1.0156049124336095e-10,
    "CH_CH_C2_H2_cm3_5_4": 1.6989617719532582e-10,
    "CH3_CH3_C2H2_H2_H2_cm3_7_49": 9.262583719379715e-12,
    "CH3_C2H5_C2H2_CH3_H2_cm3_7_61": 9.488552659584575e-12,
    "CH_C_C2_H_cm3_7_9": 1.0157129549238227e-10,
    "CH_CH4_CH2_CH3_cm3_7_39": 9.835397013785264e-12,
    "CH2_H_CH_H2_cm3_7_1": 1.565561804821015e-11,
    "C2_H_CH_C_cm3_7_6": 9.887686207294544e-11,
    "CH_H_C_H2_cm3_7_3": 1.0556128422384702e-10,
    "C2HPlus_e_C2_H_cm3_6_18": 2.0381076135101726e-07,
    "C_CH_C2_H_cm3_7_4": 9.403334556351385e-11,
    "e_C2H2_C2_H2_cm3_1_16": 1.0599355926600458e-10,
    "C2H_H_C2_H2_cm3_7_47": 8.929994333765563e-11,
    "CH_CH4_C2H4_H_cm3_7_20": 6.985656850066146e-11
  },
  "target_densities": {
    "H": 10666193076058.123,
    "CH": 3730768953.5713463,
    "C2": 23286523682.750282
  },
  "all_densities": {
    "e": 2180131662.109191,
    "Ar": 1.0260006290377222e+16,
    "CH4": 1810589345360686.2,
    "ArPlus": 228158094.34195805,
    "CH4Plus": 633635634.9394151,
    "CH3Plus": 141324305.3738217,
    "CH5Plus": 860293075.5689456,
    "ArHPlus": 152318095.5918097,
    "CH3Minus": 61744.560800752704,
    "H": 10666193076058.123,
    "C2": 23286523682.750282,
    "CH": 3730768953.5713463,
    "H2": 32039900948533.49,
    "ArStar": 874270289.5092162,
    "C2H4": 274786688667.40256,
    "C2H6": 2833902446003.007,
    "CH2": 547980742271.9814,
    "C2H2": 1602388969357.4417,
    "C2H5": 263529674359.22168,
    "CH3": 15978376167264.898,
    "C": 20812952163.33807,
    "H3Plus": 116919.19019641868,
    "C2H3": 3074777261.188161,
    "C3H2": 597591354.315233,
    "CHPlus": 170.61384416022136,
    "C3H": 398013339.0971039,
    "C4H2": 70168.24916748838,
    "C2H": 489921508.7380475,
    "C3H3": 514221.672478396,
    "C3H4": 55513994.27575035,
    "C3": 377375308.0800793,
    "C3H5": 98316832.74441512,
    "C4H": 123619.35618167599,
    "C3H6": 1237025270.88664,
    "CH2Plus": 124803.43913380799,
    "C2H5Plus": 412031929.30858666,
    "C2H4Plus": 34724.35334575032,
    "C2H3Plus": 23149.568897166882,
    "HMinus": 746397398.0010523,
    "C2HPlus": 132602.18380874078,
    "H2Plus": 6146621.655880854,
    "C2H2Star": 23079698.051766094
  }
}