{
  "pressure_mTorr": 500.0,
  "n_total": 1.2070595635737908e+16,
  "Te": 1.1408666362793431,
  "Ne": 1729288397.2478743,
  "E_field": 240.2581996671921,
  "n_i_total": 475143752.88952094,
  "Ni_over_Ne": 0.2747625865331093,
  "charge_imbalance_pct": 72.52374134668908,
  "rate_values": {
    "loss_C2_11_3": 1884.3728233438374,
    "e_CH4_CH3_HMinus_cm3_8_1": 8.944598473288986e-13,
    "loss_C2H2Star_11_25": 5602.276334794039,
    "stick_H_9_1": 3374.889120697977,
    "e_CH4Plus_CH2_H2_cm3_6_9": 2.589248342816936e-06,
    "loss_C3H4_11_18": 613.8753446494452,
    "e_CH4Plus_CH_H2_H_cm3_6_11": 8.545619177131174e-07,
    "loss_C4H2_11_11": 252.42985740311548,
    "loss_CH_11_9": 8771.377960524562,
    "stick_ArStar_9_5": 124.07899090201033,
    "e_CH4Plus_C_2H2_cm3_6_13": 7.776750992402136e-08,
    "loss_C3H6_11_16": 496.43052608579706,
    "loss_C3H3_11_13": 111.38820524500886,
    "loss_C3_11_14": 518.5863430464416,
    "loss_C4H_11_15": 632.967920611266,
    "loss_C2H_11_12": 822.1887803721752,
    "loss_C3H_11_10": 406.59257093609017,
    "ArStar_CH4_CH3_H_cm3_3_1": 4.271271295261318e-10,
    "e_CH4Plus_CH3_H_cm3_6_4": 8.104625587490247e-07,
    "e_CH4_CH_H2_H_vib_cm3_1_3": 3.7352090658987585e-11,
    "stick_C2_9_9": 5029.37173453412,
    "stick_CH_9_3": 1786.3161601939614,
    "stick_C_9_10": 4857.080580471769,
    "loss_CH2_11_1": 4645.07073822125,
    "stick_CH3_9_2": 5445.826737760342,
    "e_Ar_ArStar_cm3_1_7": 9.610504087087394e-11,
    "stick_C4H_9_24": 1878.6719418256403,
    "stick_C2H2_9_11": 1992.578180697839,
    "stick_C2H6_9_14": 734.2607238594226,
    "stick_C4H2_9_20": 1327.6278466313684,
    "stick_C3H4_9_22": 778.5457660629337,
    "stick_C2H5_9_17": 1172.6621927681972,
    "stick_C3H6_9_25": 1109.2830981115887,
    "stick_H2_9_16": 733.6377502566622,
    "loss_C_11_8": 798.945606208543,
    "stick_C3_9_23": 601.6433196230669,
    "stick_C3H3_9_21": 556.9132967210402,
    "stick_C3H_9_19": 1813.5977839197137,
    "stick_C2H4_9_12": 518.9272553634715,
    "e_CH4_CH4Plus_cm3_2_2": 1.3701494741518001e-11
  },
  "target_densities": {
    "H": 30024117818026.67,
    "CH": 12022017950.926823,
    "C2": 74174337001.73114
  },
  "all_densities": {
    "e": 1729288397.2478743,
    "Ar": 1.0260006290377222e+16,
    "CH4": 1810589345360686.2,
    "ArPlus": 138699110.59488758,
    "CH4Plus": 79444005.04139118,
    "CH3Plus": 63989536.25743688,
    "CH5Plus": 87070567.03373465,
    "ArHPlus": 60783099.47194068,
    "CH3Minus": 16739.331014011983,
    "H": 30024117818026.67,
    "C2": 74174337001.73114,
    "CH": 12022017950.926823,
    "H2": 86546607550486.66,
    "ArStar": 642413771.5637496,
    "C2H4": 275326315311.8409,
    "C2H6": 5328215375565.345,
    "CH2": 1130037930087.528,
    "C2H2": 2317472070053.7993,
    "C2H5": 1192130425879.7605,
    "CH3": 25664555552069.973,
    "C": 57826593734.669495,
    "H3Plus": 35994.20698208142,
    "C2H3": 15242978858.520792,
    "C3H2": 2782723687.2837324,
    "CHPlus": 154.40148585897546,
    "C3H": 1254199341.9192307,
    "C4H2": 954269.3892820344,
    "C2H": 758514242.4954932,
    "C3H3": 27420462.90837823,
    "C3H4": 261485240.88972437,
    "C3": 2646255695.2993116,
    "C3H5": 1433181337.9772522,
    "C4H": 1331956.647978018,
    "C3H6": 6971124628.426967,
    "CH2Plus": 27363.155348200493,
    "C2H5Plus": 43914626.11344991,
    "C2H4Plus": 6484.919893466094,
    "C2H3Plus": 4323.279928977397,
    "HMinus": 706415557.8163229,
    "C2HPlus": 35955.338129846,
    "H2Plus": 1132533.0749116417,
    "C2H2Star": 15944689.808718381
  }
}