{
  "pressure_mTorr": 500.0,
  "n_total": 1.2070595635737908e+16,
  "Te": 2.601939992530238,
  "Ne": 2734807497.9970584,
  "E_field": 207.4522051896259,
  "n_i_total": 7776177452.690085,
  "Ni_over_Ne": 2.843409438647974,
  "charge_imbalance_pct": 184.3409438647974,
  "rate_values": {
    "loss_C2_11_3": 951.2707523226164,
    "e_CH4_CH3_HMinus_cm3_8_1": 9.09889231283234e-13,
    "loss_C2H2Star_11_25": 8068.999775190107,
    "e_CH4Plus_CH2_H2_cm3_6_9": 2.7758449945409984e-06,
    "loss_C3H4_11_18": 849.737730230342,
    "e_CH4Plus_CH_H2_H_cm3_6_11": 1.106826790927383e-06,
    "ArStar_CH4_CH3_H_cm3_3_1": 9.646233805912034e-11,
    "stick_ArStar_9_5": 186.69844571182173,
    "loss_C3H6_11_16": 247.6850545600218,
    "loss_C3H_11_10": 488.65126915417954,
    "loss_CH_11_9": 1590.7195051369777,
    "loss_C4H_11_15": 702.3799435428176,
    "e_CH4Plus_C_2H2_cm3_6_13": 6.174414417688644e-08,
    "loss_C2H_11_12": 876.4644817289588,
    "loss_C3H3_11_13": 498.3100172081315,
    "loss_C3_11_14": 846.2167840306219,
    "loss_C4H2_11_11": 838.3498730937447,
    "stick_H_9_1": 2821.7662979225015,
    "e_CH4Plus_CH3_H_cm3_6_4": 4.047520500512197e-07,
    "e_CH4_CH_H2_H_vib_cm3_1_3": 5.4605483439486814e-11,
    "stick_C2_9_9": 5217.782433916249,
    "stick_CH_9_3": 1549.3683784501986,
    "stick_C_9_10": 4555.89246656788,
    "loss_CH2_11_1": 5542.498886005913,
    "stick_CH3_9_2": 5259.38093489836,
    "e_Ar_ArStar_cm3_1_7": 1.7971844308744053e-10,
    "stick_C3H4_9_22": 1163.9806538397745,
    "stick_H2_9_16": 840.554569786757,
    "stick_C2H2_9_11": 1931.1232060867028,
    "stick_C3H_9_19": 1454.8464364341642,
    "stick_C3H6_9_25": 823.2271185067405,
    "stick_C2H4_9_12": 1259.6758984137728,
    "stick_C4H2_9_20": 869.984493807523,
    "stick_C3H3_9_21": 530.7656068752824,
    "stick_C3_9_23": 1312.0310453617938,
    "stick_C2H5_9_17": 683.0698076258117,
    "stick_C2H6_9_14": 628.7856725900633,
    "stick_C4H_9_24": 785.0640603593861,
    "loss_C_11_8": 1712.6400515416553,
    "e_CH4_CH3Plus_H_cm3_2_1": 1.0656762575440412e-11
  },
  "target_densities": {
    "H": 31848890878576.57,
    "CH": 18488683169.69155,
    "C2": 100498180061.80199
  },
  "all_densities": {
    "e": 2734807497.9970584,
    "Ar": 1.0260006290377222e+16,
    "CH4": 1810589345360686.2,
    "ArPlus": 369420695.52247477,
    "CH4Plus": 291401648.53217846,
    "CH3Plus": 144509296.18056652,
    "CH5Plus": 501225306.9070667,
    "ArHPlus": 174343280.516952,
    "CH3Minus": 65091.117426297846,
    "H": 31848890878576.57,
    "C2": 100498180061.80199,
    "CH": 18488683169.69155,
    "H2": 83795644663190.88,
    "ArStar": 2452392907.0923715,
    "C2H4": 291820085615.96246,
    "C2H6": 6634704923263.201,
    "CH2": 1197613197030.8672,
    "C2H2": 2742797562266.642,
    "C2H5": 1804973383985.4026,
    "CH3": 27466829045430.285,
    "C": 66779405251.21551,
    "H3Plus": 197373712.04337823,
    "C2H3": 25590508826.580524,
    "C3H2": 5061713071.806975,
    "CHPlus": 123507.81132451705,
    "C3H": 2606770218.097835,
    "C4H2": 2821212.848748131,
    "C2H": 5352167047.59925,
    "C3H3": 45976680.311251014,
    "C3H4": 294723734.1132464,
    "C3": 2521808311.6645103,
    "C3H5": 3337158102.623212,
    "C4H": 6291625.703892938,
    "C3H6": 21123133359.335693,
    "CH2Plus": 75846.70420491179,
    "C2H5Plus": 114834623.77772188,
    "C2H4Plus": 12587.627775482659,
    "C2H3Plus": 8391.751850321774,
    "HMinus": 1469700811.9529831,
    "C2HPlus": 77914.35745392792,
    "H2Plus": 5982770640.957138,
    "C2H2Star": 50016736.70613891
  }
}