{
  "pressure_mTorr": 500.0,
  "n_total": 1.2070595635737908e+16,
  "Te": 1.0063512621773394,
  "Ne": 2147124999.3927011,
  "E_field": 53.501726602133886,
  "n_i_total": 2232157645.80246,
  "Ni_over_Ne": 1.0396030256430389,
  "charge_imbalance_pct": 3.9603025643038907,
  "rate_values": {
    "loss_C2_11_3": 1480.5343482144326,
    "e_CH4_CH3_HMinus_cm3_8_1": 5.701298424620242e-13,
    "loss_C2H2Star_11_25": 2441.2338195712705,
    "e_CH4Plus_CH2_H2_cm3_6_9": 1.0062359046634729e-06,
    "e_CH_CHPlus_2e_cm3_2_10": 1.4215652290892475e-11,
    "loss_C3H4_11_18": 430.6037938986015,
    "e_CH4Plus_CH_H2_H_cm3_6_11": 1.3061924507405832e-07,
    "loss_C3_11_14": 477.8422779368587,
    "loss_C3H3_11_13": 619.2482168082294,
    "loss_C3H_11_10": 915.7411553335078,
    "loss_C2H_11_12": 580.6868951944947,
    "ArStar_CH4_CH3_H_cm3_3_1": 2.790997978764059e-10,
    "e_CH4Plus_C_2H2_cm3_6_13": 4.105595597949672e-08,
    "loss_C4H2_11_11": 507.3317296275897,
    "loss_CH_11_9": 1665.728410941083,
    "loss_C3H6_11_16": 126.71869801421906,
    "loss_C4H_11_15": 815.8851918312914,
    "stick_ArStar_9_5": 691.1642776050433,
    "e_CH4Plus_CH3_H_cm3_6_4": 2.871465126106191e-07,
    "e_CH4_CH_H2_H_vib_cm3_1_3": 4.822788672062596e-11,
    "stick_C2_9_9": 1743.6009811294139,
    "stick_C_9_10": 2557.6731630724535,
    "stick_H_9_1": 346.56041713155304,
    "stick_CH_9_3": 2550.304252030962,
    "loss_CH2_11_1": 4545.000792291075,
    "stick_CH3_9_2": 5215.8609280707715,
    "e_Ar_ArStar_cm3_1_7": 1.5464588173945374e-10,
    "e_C2H4_C2H2_H2_cm3_1_15": 7.87826167376508e-11,
    "CH_CH_C2_H2_cm3_5_4": 1.4063042582753539e-10,
    "C_CH3_C2_H2_H_cm3_7_8": 1.1077786006279791e-10,
    "C2HPlus_e_C2_H_cm3_6_18": 2.816464470060051e-07,
    "C_CH_C2_H_cm3_7_4": 1.1591436090213063e-10,
    "e_C2H4_C2H2_H2_cm3_1_6": 3.421088179137962e-11,
    "e_CH4_CH2_H2_cm3_1_2": 4.681102165146758e-11,
    "CH2_CH3_C2H2_H_H2_cm3_7_62": 9.439971737404946e-12,
    "CH_CH4_C2H4_H_cm3_7_20": 5.7939643123205854e-11,
    "C2H2_C_C2_CH2_cm3_7_19": 1.1106493163019994e-10,
    "C2_H_CH_C_cm3_7_6": 9.754249734662154e-11,
    "CH2_CH2_C2H2_H2_cm3_7_15": 9.727241394001444e-11,
    "CH2_H_CH_H2_cm3_7_1": 1.4374737755051268e-11,
    "CH_H_C_H2_cm3_7_3": 1.0291130601508286e-10,
    "C2H_H_C2_H2_cm3_7_47": 1.0005810090351853e-10,
    "CH3_C2H5_C2H2_CH3_H2_cm3_7_61": 1.1002823793565119e-11,
    "CH2_C2H3_C2H2_CH3_cm3_7_53": 8.455926665620009e-11,
    "e_CH4_CH3_H_cm3_1_1": 9.68608772058453e-11,
    "C2H2_H_C2_H2_H_cm3_7_50": 1.1605280302761089e-11,
    "C_H_CH_cm3_7_12": 9.836672909139087e-11,
    "CH_CH3_C2H4_cm3_7_5": 1.1417230520746177e-10,
    "CH_C_C2_H_cm3_7_9": 1.1777059993049492e-10,
    "CH3_CH3_C2H2_H2_H2_cm3_7_49": 9.124415704264534e-12,
    "e_C2H2_C2_H2_cm3_1_16": 6.809779046031227e-11,
    "CH_CH4_CH2_CH3_cm3_7_39": 9.589781562994714e-12,
    "e_C2H4_C2H2_H_H_cm3_1_17": 4.9157542328710264e-11
  },
  "target_densities": {
    "H": 10430159370462.148,
    "CH": 2387046189.1442738,
    "C2": 20286687005.740154
  },
  "all_densities": {
    "e": 2147124999.3927011,
    "Ar": 1.0260006290377222e+16,
    "CH4": 1810589345360686.2,
    "ArPlus": 213865357.4255877,
    "CH4Plus": 567770594.6696131,
    "CH3Plus": 120010686.95592473,
    "CH5Plus": 816934264.6231382,
    "ArHPlus": 144632269.7142945,
    "CH3Minus": 32529.65029343633,
    "H": 10430159370462.148,
    "C2": 20286687005.740154,
    "CH": 2387046189.1442738,
    "H2": 30090154825880.008,
    "ArStar": 1443567590.6003783,
    "C2H4": 143970840595.7122,
    "C2H6": 1287682402142.697,
    "CH2": 288696719108.9284,
    "C2H2": 694422790996.861,
    "C2H5": 94838535381.5473,
    "CH3": 10767969577402.957,
    "C": 11035272525.30446,
    "H3Plus": 5865.288330392477,
    "C2H3": 1349426226.1950638,
    "C3H2": 165722368.9954621,
    "CHPlus": 121.38930208423876,
    "C3H": 76529764.08286634,
    "C4H2": 10395.310039091459,
    "C2H": 111736083.30097257,
    "C3H3": 172322.8997522019,
    "C3H4": 22493793.742672585,
    "C3": 101541084.91972733,
    "C3H5": 22638396.446654685,
    "C4H": 19148.544697971003,
    "C3H6": 394832580.5629509,
    "CH2Plus": 58875.74058848577,
    "C2H5Plus": 368521877.37329507,
    "C2H4Plus": 6749.462871709479,
    "C2H3Plus": 4499.641914472984,
    "HMinus": 535084084.1243241,
    "C2HPlus": 21428.49768415076,
    "H2Plus": 325055.01991626876,
    "C2H2Star": 24637858.78814455
  }
}