{
  "pressure_mTorr": 500.0,
  "n_total": 1.2070595635737908e+16,
  "Te": 6.801655584470928,
  "Ne": 2746776781.5534062,
  "E_field": 194.46974875644491,
  "n_i_total": 103872165078.13211,
  "Ni_over_Ne": 37.81601977114008,
  "charge_imbalance_pct": 3681.6019771140077,
  "rate_values": {
    "loss_C2_11_3": 131.52674077842698,
    "e_CH4_CH3_HMinus_cm3_8_1": 5.365679127504031e-13,
    "loss_C2H2Star_11_25": 538.8595189299785,
    "e_CH4Plus_CH2_H2_cm3_6_9": 1.3031407862550774e-06,
    "loss_C3H4_11_18": 1063.3951185137312,
    "e_CH4Plus_CH_H2_H_cm3_6_11": 9.129451031212199e-07,
    "stick_ArStar_9_5": 474.5151084802063,
    "loss_C4H_11_15": 160.66695142568307,
    "loss_C4H2_11_11": 599.7182268345418,
    "loss_C3H6_11_16": 211.36115260520444,
    "loss_CH_11_9": 3440.679073556761,
    "loss_C2H_11_12": 148.19502359363372,
    "e_CH4Plus_C_2H2_cm3_6_13": 7.779358284468853e-08,
    "ArStar_CH4_CH3_H_cm3_3_1": 3.7701727020038155e-10,
    "loss_C3H3_11_13": 482.3061689304003,
    "loss_C3H_11_10": 471.068833101579,
    "stick_H_9_1": 3161.581344421877,
    "loss_C3_11_14": 435.9109349230742,
    "e_CH4Plus_CH3_H_cm3_6_4": 1.5398113831965118e-07,
    "e_CH4_CH_H2_H_vib_cm3_1_3": 8.673035375859063e-11,
    "stick_C2_9_9": 1564.2527860819941,
    "stick_C_9_10": 2711.4718641630297,
    "stick_CH_9_3": 5409.328434093563,
    "loss_CH2_11_1": 1250.7106245065488,
    "stick_CH3_9_2": 1637.1281329495603,
    "e_Ar_ArStar_cm3_1_7": 6.691712467242101e-11,
    "stick_C4H_9_24": 1797.7585147064447,
    "stick_C2H2_9_11": 1859.4536797083874,
    "stick_H2_9_16": 297.47646006921775,
    "stick_C2H4_9_12": 986.7916186643924,
    "stick_C3_9_23": 1872.4488686240888,
    "stick_C3H3_9_21": 1098.6427709917693,
    "stick_C4H2_9_20": 864.6611601826629,
    "stick_C3H6_9_25": 972.7369398579596,
    "stick_C3H4_9_22": 1492.3923459623961,
    "stick_C3H_9_19": 1397.83144049551,
    "stick_C2H5_9_17": 1401.640301348025,
    "loss_C_11_8": 759.0287044134103,
    "stick_C2H6_9_14": 1233.9430293036578,
    "e_CH4_CH3Plus_H_cm3_2_1": 1.712349575633756e-11
  },
  "target_densities": {
    "H": 30795758134045.293,
    "CH": 44314578474.44972,
    "C2": 573585575251.8973
  },
  "all_densities": {
    "e": 2746776781.5534062,
    "Ar": 1.0260006290377222e+16,
    "CH4": 1810589345360686.2,
    "ArPlus": 203684650.30377588,
    "CH4Plus": 184006711.56940055,
    "CH3Plus": 84168065.13216305,
    "CH5Plus": 1237176877.4434438,
    "ArHPlus": 95963609.86846223,
    "CH3Minus": 98259.59221767176,
    "H": 30795758134045.293,
    "C2": 573585575251.8973,
    "CH": 44314578474.44972,
    "H2": 19969397978943.79,
    "ArStar": 738508963.8221874,
    "C2H4": 896473488671.9034,
    "C2H6": 8362378658501.334,
    "CH2": 2997147854001.481,
    "C2H2": 6373466894044.709,
    "C2H5": 4154606584151.4297,
    "CH3": 38712116709094.664,
    "C": 256703763792.60812,
    "H3Plus": 825444740.8749342,
    "C2H3": 242731648246.8674,
    "C3H2": 28119141094.57818,
    "CHPlus": 6404705.565364842,
    "C3H": 15076747705.152193,
    "C4H2": 45624769.45816208,
    "C2H": 138811885235.99228,
    "C3H3": 680385710.3062342,
    "C3H4": 1709826417.4080522,
    "C3": 14437693131.3285,
    "C3H5": 18410963950.384407,
    "C4H": 63627026.21156276,
    "C3H6": 71781819031.84824,
    "CH2Plus": 117935.857529443,
    "C2H5Plus": 71871008.80895981,
    "C2H4Plus": 41430.46905890879,
    "C2H3Plus": 27620.3127059392,
    "HMinus": 684810496.2173551,
    "C2HPlus": 193951.15520341386,
    "H2Plus": 101163063770.7711,
    "C2H2Star": 524091597.1445539
  }
}