{
  "pressure_mTorr": 500.0,
  "n_total": 1.2070595635737908e+16,
  "Te": 1.4801655584470927,
  "Ne": 2823751290.980729,
  "E_field": 194.46974875644491,
  "n_i_total": 1372365875.6932056,
  "Ni_over_Ne": 0.4860080560482235,
  "charge_imbalance_pct": 51.39919439517765,
  "rate_values": {
    "loss_C2_11_3": 131.52674077842698,
    "e_CH4_CH3_HMinus_cm3_8_1": 5.365679127504031e-13,
    "loss_C2H2Star_11_25": 538.8595189299785,
    "e_CH4Plus_CH2_H2_cm3_6_9": 1.3031407862550774e-06,
    "e_CH_CHPlus_2e_cm3_2_10": 1.751534488880682e-11,
    "loss_C3H4_11_18": 1134.657403972462,
    "e_CH4Plus_CH_H2_H_cm3_6_11": 7.900507614818346e-07,
    "loss_C3H3_11_13": 160.66695142568307,
    "loss_C4H2_11_11": 599.7182268345418,
    "loss_C3H_11_10": 211.36115260520444,
    "loss_C3H6_11_16": 344.0679073556761,
    "loss_C4H_11_15": 148.19502359363372,
    "loss_C2H_11_12": 777.9358284468854,
    "loss_C3_11_14": 754.034540400763,
    "ArStar_CH4_CH3_H_cm3_3_1": 2.4115308446520016e-10,
    "loss_CH_11_9": 4710.68833101579,
    "e_CH4Plus_C_2H2_cm3_6_13": 8.12745846895084e-08,
    "stick_ArStar_9_5": 311.24040753507495,
    "e_CH4Plus_CH3_H_cm3_6_4": 1.5398113831965118e-07,
    "e_CH4_CH_H2_H_vib_cm3_1_3": 8.673035375859063e-11,
    "stick_CH_9_3": 1564.2527860819941,
    "stick_C2_9_9": 2711.4718641630297,
    "stick_C_9_10": 5409.328434093563,
    "stick_H_9_1": 103.37148029039741,
    "loss_CH2_11_1": 1666.9975935381765,
    "stick_CH3_9_2": 2088.265114189893,
    "e_Ar_ArStar_cm3_1_7": 1.6112412803926816e-10,
    "stick_C3H4_9_22": 1859.4536797083874,
    "stick_C3H6_9_25": 594.9529201384355,
    "stick_C4H2_9_20": 986.7916186643924,
    "loss_C_11_8": 1872.4488686240888,
    "stick_C2H6_9_14": 878.9142167934154,
    "stick_C2H4_9_12": 864.6611601826629,
    "stick_C3H3_9_21": 972.7369398579596,
    "stick_C2H2_9_11": 1492.3923459623961,
    "stick_C2H5_9_17": 1397.83144049551,
    "stick_C3H_9_19": 1401.640301348025,
    "stick_H2_9_16": 379.51435220670515,
    "stick_C3_9_23": 1542.4287866295722,
    "stick_C4H_9_24": 876.240973045998
  },
  "target_densities": {
    "H": 10981196284587.498,
    "CH": 5880720173.679881,
    "C2": 42754525013.353134
  },
  "all_densities": {
    "e": 2823751290.980729,
    "Ar": 1.0260006290377222e+16,
    "CH4": 1810589345360686.2,
    "ArPlus": 336365481.03023547,
    "CH4Plus": 286241831.63753366,
    "CH3Plus": 157657351.20509666,
    "CH5Plus": 273007646.12922376,
    "ArHPlus": 159480331.89941818,
    "CH3Minus": 32781.58828057535,
    "H": 10981196284587.498,
    "C2": 42754525013.353134,
    "CH": 5880720173.679881,
    "H2": 37318869220867.01,
    "ArStar": 2032250688.4276977,
    "C2H4": 332574784338.9342,
    "C2H6": 2320599299212.6724,
    "CH2": 896787648745.8021,
    "C2H2": 1405289507159.5562,
    "C2H5": 615130764750.0555,
    "CH3": 17899054553047.96,
    "C": 16233248906.966583,
    "H3Plus": 389793.4337822047,
    "C2H3": 5355195517.724334,
    "C3H2": 825925731.6501782,
    "CHPlus": 134.24920880742744,
    "C3H": 512157163.98771703,
    "C4H2": 189841.429279631,
    "C2H": 785316832.5888735,
    "C3H3": 2778568.7482874854,
    "C3H4": 71852950.9341493,
    "C3": 381759597.33156693,
    "C3H5": 361741189.77167845,
    "C4H": 474118.2590233688,
    "C3H6": 2659755429.510934,
    "CH2Plus": 66098.89534633531,
    "C2H5Plus": 133464488.20489745,
    "C2H4Plus": 15800.507731684309,
    "C2H3Plus": 10533.671821122873,
    "HMinus": 704454489.0967227,
    "C2HPlus": 43958.03571227494,
    "H2Plus": 25622426.793198038,
    "C2H2Star": 317993889.09780043
  }
}