{
  "pressure_mTorr": 500.0,
  "n_total": 1.2070595635737908e+16,
  "Te": 1.0211528505849876,
  "Ne": 1799561463.094172,
  "E_field": 61.46543897247659,
  "n_i_total": 1090250329.651007,
  "Ni_over_Ne": 0.6058422299044051,
  "charge_imbalance_pct": 39.41577700955949,
  "rate_values": {
    "loss_C2_11_3": 802.3369814541393,
    "e_CH4_CH3_HMinus_cm3_8_1": 8.546287558404394e-13,
    "loss_C2H2Star_11_25": 3943.822435989069,
    "stick_H_9_1": 3868.144020318292,
    "e_CH4Plus_CH2_H2_cm3_6_9": 4.361423653287373e-07,
    "loss_C3H4_11_18": 715.104853450556,
    "e_CH4Plus_CH_H2_H_cm3_6_11": 8.923743765319044e-07,
    "loss_C4H2_11_11": 266.0310920143257,
    "loss_CH_11_9": 7855.736468127656,
    "stick_ArStar_9_5": 123.09287508886877,
    "e_CH4Plus_C_2H2_cm3_6_13": 3.781230021516667e-08,
    "loss_C3H6_11_16": 966.8103618273931,
    "loss_C3H3_11_13": 238.72768595483734,
    "loss_C3_11_14": 404.2236036193989,
    "loss_C4H_11_15": 312.4362217251178,
    "loss_C2H_11_12": 839.0247443917698,
    "loss_C3H_11_10": 166.0035303904877,
    "ArStar_CH4_CH3_H_cm3_3_1": 2.953870575790239e-10,
    "e_CH4Plus_CH3_H_cm3_6_4": 7.945695921937709e-07,
    "e_CH4_CH_H2_H_vib_cm3_1_3": 3.174585013754282e-11,
    "stick_C2_9_9": 3747.4490571087363,
    "stick_CH_9_3": 5229.901071502277,
    "stick_C_9_10": 5217.860534826792,
    "loss_CH2_11_1": 5490.264213338905,
    "stick_CH3_9_2": 5404.6310472748255,
    "e_Ar_ArStar_cm3_1_7": 7.555152685821377e-11,
    "stick_C4H_9_24": 1036.940799929199,
    "stick_C2H2_9_11": 1083.631487712068,
    "stick_C2H6_9_14": 1256.449814987881,
    "stick_C4H2_9_20": 912.582506822303,
    "stick_C3H4_9_22": 1223.49682350252,
    "stick_C2H5_9_17": 1540.7052830143064,
    "stick_C3H6_9_25": 1682.9802056874744,
    "stick_H2_9_16": 799.1708342516754,
    "loss_C_11_8": 1180.3254458350839,
    "stick_C3_9_23": 853.1162147134924,
    "stick_C3H3_9_21": 1138.0742861486644,
    "stick_C3H_9_19": 1207.848807947264,
    "stick_C2H4_9_12": 1493.516729509623,
    "e_CH4_CH4Plus_cm3_2_2": 2.1194804422414133e-11
  },
  "target_densities": {
    "H": 28641044597364.875,
    "CH": 11018221624.550602,
    "C2": 119652229394.16599
  },
  "all_densities": {
    "e": 1799561463.094172,
    "Ar": 1.0260006290377222e+16,
    "CH4": 1810589345360686.2,
    "ArPlus": 111682600.17876178,
    "CH4Plus": 291320141.7516608,
    "CH3Plus": 63688266.51478787,
    "CH5Plus": 377275319.9585526,
    "ArHPlus": 74936665.96333613,
    "CH3Minus": 55822.5298117824,
    "H": 28641044597364.875,
    "C2": 119652229394.16599,
    "CH": 11018221624.550602,
    "H2": 80408256171372.05,
    "ArStar": 578036422.6881827,
    "C2H4": 163010273451.15854,
    "C2H6": 3491760168852.638,
    "CH2": 981864175029.7522,
    "C2H2": 2940730890922.6265,
    "C2H5": 844903295398.1847,
    "CH3": 24776817028642.703,
    "C": 58406605066.24698,
    "H3Plus": 33200.75114451971,
    "C2H3": 13607934065.298468,
    "C3H2": 3236596315.883004,
    "CHPlus": 181.37013479700542,
    "C3H": 2356560358.5329685,
    "C4H2": 2203020.933033183,
    "C2H": 892023475.7152495,
    "C3H3": 10890108.848018043,
    "C3H4": 101913233.41188,
    "C3": 2786703621.8957896,
    "C3H5": 930933176.0010343,
    "C4H": 2642814.7912199064,
    "C3H6": 2590149877.567302,
    "CH2Plus": 92495.85384822998,
    "C2H5Plus": 170418422.38518006,
    "C2H4Plus": 6534.90485985098,
    "C2H3Plus": 4356.603239900654,
    "HMinus": 671821298.0572653,
    "C2HPlus": 78691.71862784732,
    "H2Plus": 713451.6968723756,
    "C2H2Star": 25860944.682991177
  }
}