{
  "pressure_mTorr": 500.0,
  "n_total": 1.2070595635737908e+16,
  "Te": 1.4725453325707056,
  "Ne": 2093709935.711179,
  "E_field": 25.480175233462262,
  "n_i_total": 5506112657.61467,
  "Ni_over_Ne": 2.629835472287801,
  "charge_imbalance_pct": 162.9835472287801,
  "rate_values": {
    "loss_C2_11_3": 1846.7984111941742,
    "e_CH4_CH3_HMinus_cm3_8_1": 7.654487206196239e-13,
    "loss_C2H2Star_11_25": 1537.8003158192619,
    "e_CH4Plus_CH2_H2_cm3_6_9": 3.7102403528421277e-07,
    "e_CH_CHPlus_2e_cm3_2_10": 2.2598673273046635e-11,
    "loss_C3H4_11_18": 1346.43264057959,
    "e_CH4Plus_CH_H2_H_cm3_6_11": 3.0735833804056835e-07,
    "loss_C3_11_14": 358.0936099554216,
    "loss_C3H3_11_13": 287.65865406932295,
    "loss_C3H_11_10": 412.09707319915515,
    "loss_C2H_11_12": 207.49262825782705,
    "ArStar_CH4_CH3_H_cm3_3_1": 4.761572185933459e-10,
    "e_CH4Plus_C_2H2_cm3_6_13": 9.874229657207824e-08,
    "loss_C4H2_11_11": 528.7453921780786,
    "loss_CH_11_9": 5715.979789633752,
    "loss_C3H6_11_16": 392.61417846597305,
    "loss_C4H_11_15": 259.1317330018686,
    "stick_ArStar_9_5": 123.00597748196367,
    "e_CH4Plus_CH3_H_cm3_6_4": 2.6269922757506e-07,
    "e_CH4_CH_H2_H_vib_cm3_1_3": 2.3087366073515224e-11,
    "stick_C2_9_9": 3846.498984594835,
    "stick_C_9_10": 3140.6069878688713,
    "stick_H_9_1": 474.4975524780875,
    "stick_CH_9_3": 4855.6834714467095,
    "loss_CH2_11_1": 2478.0394246171045,
    "stick_CH3_9_2": 2589.975352555017,
    "e_Ar_ArStar_cm3_1_7": 1.2940844585137536e-10,
    "e_C2H4_C2H2_H2_cm3_1_15": 9.976787787762689e-11,
    "CH_CH_C2_H2_cm3_5_4": 1.3807129854592549e-10,
    "C_CH3_C2_H2_H_cm3_7_8": 8.675346457174118e-11,
    "C2HPlus_e_C2_H_cm3_6_18": 1.9957848076319896e-07,
    "C_CH_C2_H_cm3_7_4": 8.306008405189387e-11,
    "e_C2H4_C2H2_H2_cm3_1_6": 3.50892276856464e-11,
    "e_CH4_CH2_H2_cm3_1_2": 3.278789944765377e-11,
    "CH2_CH3_C2H2_H_H2_cm3_7_62": 9.188346006826574e-12,
    "CH_CH4_C2H4_H_cm3_7_20": 6.654780153419555e-11,
    "C2H2_C_C2_CH2_cm3_7_19": 1.1147956800490519e-10,
    "C2_H_CH_C_cm3_7_6": 1.0688130870656339e-10,
    "CH2_CH2_C2H2_H2_cm3_7_15": 8.081919396938931e-11,
    "CH2_H_CH_H2_cm3_7_1": 1.3405853001799343e-11,
    "CH_H_C_H2_cm3_7_3": 1.1572444039698972e-10,
    "C2H_H_C2_H2_cm3_7_47": 1.1727759787579036e-10,
    "CH3_C2H5_C2H2_CH3_H2_cm3_7_61": 1.0135160124414738e-11,
    "CH2_C2H3_C2H2_CH3_cm3_7_53": 1.0121679065578508e-10,
    "e_CH4_CH3_H_cm3_1_1": 5.4780639474208316e-11,
    "C2H2_H_C2_H2_H_cm3_7_50": 1.0396608560458967e-11,
    "C_H_CH_cm3_7_12": 9.584073948672065e-11,
    "CH_CH3_C2H4_cm3_7_5": 1.1021429798669082e-10,
    "CH_C_C2_H_cm3_7_9": 1.0326565916658275e-10,
    "CH3_CH3_C2H2_H2_H2_cm3_7_49": 9.350458495662273e-12,
    "e_C2H2_C2_H2_cm3_1_16": 9.937576482575229e-11,
    "CH_CH4_CH2_CH3_cm3_7_39": 8.649002802212451e-12,
    "e_C2H4_C2H2_H_H_cm3_1_17": 2.459683170388807e-11
  },
  "target_densities": {
    "H": 10265040513450.352,
    "CH": 2663002843.0350738,
    "C2": 25452417413.763954
  },
  "all_densities": {
    "e": 2093709935.711179,
    "Ar": 1.0260006290377222e+16,
    "CH4": 1810589345360686.2,
    "ArPlus": 252006523.28520492,
    "CH4Plus": 1491295400.5564296,
    "CH3Plus": 165271385.2092994,
    "CH5Plus": 2249280920.21077,
    "ArHPlus": 185534643.40087542,
    "CH3Minus": 157875.2173961362,
    "H": 10265040513450.352,
    "C2": 25452417413.763954,
    "CH": 2663002843.0350738,
    "H2": 30760182446928.477,
    "ArStar": 1022359472.1169015,
    "C2H4": 197482545191.13998,
    "C2H6": 2697514071814.611,
    "CH2": 630110522434.9625,
    "C2H2": 1541661992672.8547,
    "C2H5": 295070695855.50775,
    "CH3": 15589584429043.389,
    "C": 17550655220.37327,
    "H3Plus": 1930806.7455970577,
    "C2H3": 2149545409.3947315,
    "C3H2": 410435727.79769206,
    "CHPlus": 436.4821466819444,
    "C3H": 246964673.00551847,
    "C4H2": 36973.67983270541,
    "C2H": 652496214.0784595,
    "C3H3": 372270.2383459609,
    "C3H4": 22280040.243757535,
    "C3": 263729049.29797173,
    "C3H5": 78577410.19595549,
    "C4H": 72425.1890081401,
    "C3H6": 783424605.8744935,
    "CH2Plus": 371581.7703750862,
    "C2H5Plus": 1065151235.0905598,
    "C2H4Plus": 53016.34218133628,
    "C2H3Plus": 35344.228120890846,
    "HMinus": 587988244.2545363,
    "C2HPlus": 268487.8050595226,
    "H2Plus": 94912876.48805062,
    "C2H2Star": 61495607.38665969
  }
}