{
  "pressure_mTorr": 500.0,
  "n_total": 1.2070595635737908e+16,
  "Te": 1.9487253076496458,
  "Ne": 1791370456.7127476,
  "E_field": 414.5464389326303,
  "n_i_total": 577452999.690768,
  "Ni_over_Ne": 0.3223526420941554,
  "charge_imbalance_pct": 67.76473579058447,
  "rate_values": {
    "loss_C2_11_3": 1419.9211601861798,
    "e_CH4_CH3_HMinus_cm3_8_1": 7.867686735364934e-14,
    "loss_C2H2Star_11_25": 9869.160892415619,
    "e_CH4Plus_CH2_H2_cm3_6_9": 5.725820735137171e-07,
    "loss_C3H4_11_18": 906.9518328937128,
    "e_CH4Plus_CH_H2_H_cm3_6_11": 3.1972869853208625e-07,
    "stick_ArStar_9_5": 307.23619960623364,
    "stick_H_9_1": 2753.484431190494,
    "e_CH4Plus_C_2H2_cm3_6_13": 6.369569816226203e-08,
    "loss_C3_11_14": 139.04035789810962,
    "loss_C4H2_11_11": 278.42432409678565,
    "loss_C2H_11_12": 559.7725153687641,
    "loss_C3H_11_10": 491.354164310002,
    "loss_C3H3_11_13": 371.3173764395259,
    "loss_C3H6_11_16": 832.6692848721315,
    "loss_C4H_11_15": 548.341500396323,
    "loss_CH_11_9": 8581.693050194559,
    "ArStar_CH4_CH3_H_cm3_3_1": 3.004174055627609e-10,
    "e_CH4Plus_CH3_H_cm3_6_4": 4.352750601751574e-07,
    "e_CH4_CH_H2_H_vib_cm3_1_3": 5.009807813810028e-11,
    "stick_C_9_10": 3132.1065529986254,
    "stick_CH_9_3": 5368.791167174416,
    "stick_C2_9_9": 4478.516353206362,
    "loss_CH2_11_1": 4126.240921889469,
    "stick_CH3_9_2": 5536.483254269639,
    "e_Ar_ArStar_cm3_1_7": 7.982346379252866e-11,
    "stick_C4H2_9_20": 1211.4528964300468,
    "stick_C3_9_23": 1981.683672601716,
    "stick_H2_9_16": 946.2632087479491,
    "stick_C2H2_9_11": 1345.4653405804875,
    "stick_C2H6_9_14": 1039.8139598828297,
    "loss_C_11_8": 1658.9241013600536,
    "stick_C3H_9_19": 610.3419339665854,
    "stick_C2H4_9_12": 846.8304991601894,
    "stick_C3H6_9_25": 1294.2477369598323,
    "stick_C3H4_9_22": 1334.1760579318639,
    "stick_C2H5_9_17": 712.0136933375953,
    "stick_C3H3_9_21": 870.8410028616634,
    "stick_C4H_9_24": 945.8467177921668,
    "e_CH4_CH4Plus_cm3_2_2": 2.91261453733142e-11
  },
  "target_densities": {
    "H": 23347212027050.66,
    "CH": 12430377367.6896,
    "C2": 117846242712.18066
  },
  "all_densities": {
    "e": 1791370456.7127476,
    "Ar": 1.0260006290377222e+16,
    "CH4": 1810589345360686.2,
    "ArPlus": 115174564.53528848,
    "CH4Plus": 49295795.13765231,
    "CH3Plus": 44319438.61209898,
    "CH5Plus": 37487602.51779247,
    "ArHPlus": 37871451.0602565,
    "CH3Minus": 21157.62520683086,
    "H": 23347212027050.66,
    "C2": 117846242712.18066,
    "CH": 12430377367.6896,
    "H2": 93922395453980.52,
    "ArStar": 604223927.7422289,
    "C2H4": 255732476653.9573,
    "C2H6": 5355980414584.771,
    "CH2": 1457682152914.6653,
    "C2H2": 3859921999935.755,
    "C2H5": 2208532443806.021,
    "CH3": 28747160457631.363,
    "C": 66424265804.594696,
    "H3Plus": 6833946.052903548,
    "C2H3": 53512141040.6866,
    "C3H2": 4792071980.595665,
    "CHPlus": 5988.67206096151,
    "C3H": 4350220742.232104,
    "C4H2": 3629486.021645092,
    "C2H": 3296478288.971249,
    "C3H3": 53550023.73070797,
    "C3H4": 156025737.00926563,
    "C3": 2400596818.5121794,
    "C3H5": 2745289170.5294566,
    "C4H": 3986597.0275253165,
    "C3H6": 6650738933.58408,
    "CH2Plus": 14168.579427686036,
    "C2H5Plus": 17647595.290437944,
    "C2H4Plus": 3616.613234239279,
    "C2H3Plus": 2411.075489492853,
    "HMinus": 162753769.86665756,
    "C2HPlus": 35986.241707064284,
    "H2Plus": 268760435.3024184,
    "C2H2Star": 14179060.957687767
  }
}