{
  "pressure_mTorr": 500.0,
  "n_total": 1.2070595635737908e+16,
  "Te": 2.848832741074896,
  "Ne": 2063400990.6426744,
  "E_field": 341.327165318281,
  "n_i_total": 5662581983.343645,
  "Ni_over_Ne": 2.7442954660887104,
  "charge_imbalance_pct": 174.42954660887105,
  "rate_values": {
    "loss_C2_11_3": 1976.7390511768563,
    "e_CH4_CH3_HMinus_cm3_8_1": 3.96241920569828e-13,
    "loss_C2H2Star_11_25": 3933.9133843082896,
    "e_CH4Plus_CH2_H2_cm3_6_9": 6.032007836993497e-07,
    "loss_C3H4_11_18": 1363.197192977867,
    "e_CH4Plus_CH_H2_H_cm3_6_11": 2.705402749481329e-07,
    "stick_ArStar_9_5": 310.1749690472531,
    "loss_C4H_11_15": 579.6702649347328,
    "loss_C4H2_11_11": 375.4612402099548,
    "loss_C3H6_11_16": 287.07789362673645,
    "loss_CH_11_9": 1362.9723962541439,
    "loss_C2H_11_12": 819.5223602742398,
    "e_CH4Plus_C_2H2_cm3_6_13": 4.280518117868782e-08,
    "ArStar_CH4_CH3_H_cm3_3_1": 2.6487394224983207e-10,
    "loss_C3H3_11_13": 590.6169685602891,
    "loss_C3H_11_10": 455.49890211902516,
    "stick_H_9_1": 3350.3489815593157,
    "loss_C3_11_14": 409.36956590264504,
    "e_CH4Plus_CH3_H_cm3_6_4": 6.986791447927055e-07,
    "e_CH4_CH_H2_H_vib_cm3_1_3": 3.8911002340723095e-11,
    "stick_C2_9_9": 5878.212417276121,
    "stick_C_9_10": 5272.108833816389,
    "stick_CH_9_3": 4203.482515105717,
    "loss_CH2_11_1": 4214.6369219892995,
    "stick_CH3_9_2": 5580.207659236967,
    "e_Ar_ArStar_cm3_1_7": 1.0006241519500944e-10,
    "stick_C4H_9_24": 664.3883149731862,
    "stick_C2H2_9_11": 1236.143181867173,
    "stick_H2_9_16": 575.4923690236626,
    "stick_C2H4_9_12": 699.0166166971312,
    "stick_C3_9_23": 1143.7209645704866,
    "stick_C3H3_9_21": 1638.5389841849778,
    "stick_C4H2_9_20": 1204.813797051653,
    "stick_C3H6_9_25": 1947.6865336051778,
    "stick_C3H4_9_22": 1029.2306174045445,
    "stick_C3H_9_19": 1053.0671140186669,
    "stick_C2H5_9_17": 1072.6616401215217,
    "loss_C_11_8": 575.0529060155898,
    "stick_C2H6_9_14": 1530.0419710927476,
    "e_CH4_CH3Plus_H_cm3_2_1": 2.918586472097856e-11
  },
  "target_densities": {
    "H": 30047764632503.906,
    "CH": 15167314584.793385,
    "C2": 88815177431.5942
  },
  "all_densities": {
    "e": 2063400990.6426744,
    "Ar": 1.0260006290377222e+16,
    "CH4": 1810589345360686.2,
    "ArPlus": 159744447.60347247,
    "CH4Plus": 86594249.01171084,
    "CH3Plus": 60025757.37993078,
    "CH5Plus": 154843545.46024913,
    "ArHPlus": 58762951.92543558,
    "CH3Minus": 27369.230568930037,
    "H": 30047764632503.906,
    "C2": 88815177431.5942,
    "CH": 15167314584.793385,
    "H2": 84724734301411.88,
    "ArStar": 897634838.1350951,
    "C2H4": 283921259211.4516,
    "C2H6": 3106965435953.1963,
    "CH2": 1310035373674.5884,
    "C2H2": 2977652325206.1694,
    "C2H5": 1438823145386.9094,
    "CH3": 25162649130018.75,
    "C": 66883814778.179245,
    "H3Plus": 128606585.4201136,
    "C2H3": 71297907918.55498,
    "C3H2": 4509459315.2501745,
    "CHPlus": 69361.50120328259,
    "C3H": 2990762566.649826,
    "C4H2": 2870502.6420848626,
    "C2H": 6056495944.266838,
    "C3H3": 48511536.274821125,
    "C3H4": 197997838.8811097,
    "C3": 3081415028.522695,
    "C3H5": 2182308327.7965164,
    "C4H": 5497843.039416104,
    "C3H6": 4694355436.309254,
    "CH2Plus": 20945.572144407273,
    "C2H5Plus": 28990941.318419963,
    "C2H4Plus": 5616.921083816758,
    "C2H3Plus": 3744.61405587784,
    "HMinus": 505230595.6626113,
    "C2HPlus": 38826.075693948645,
    "H2Plus": 4984875010.540132,
    "C2H2Star": 40766191.85801931
  }
}