{
  "pressure_mTorr": 500.0,
  "n_total": 1.2070595635737908e+16,
  "Te": 2.9634362667187286,
  "Ne": 2384381465.4235954,
  "E_field": 287.8112119832302,
  "n_i_total": 9790184545.740465,
  "Ni_over_Ne": 4.10596403625424,
  "charge_imbalance_pct": 310.596403625424,
  "rate_values": {
    "loss_C2_11_3": 1478.7451155896285,
    "e_CH4_CH3_HMinus_cm3_8_1": 8.066840817059947e-14,
    "loss_C2H2Star_11_25": 1386.8303624480955,
    "e_CH4Plus_CH2_H2_cm3_6_9": 8.264615103037443e-07,
    "loss_C3H4_11_18": 1461.5214008507369,
    "e_CH4Plus_CH_H2_H_cm3_6_11": 6.444375759427907e-07,
    "stick_ArStar_9_5": 662.8410894153055,
    "loss_C3H_11_10": 504.54404464379974,
    "e_CH4Plus_C_2H2_cm3_6_13": 1.728808428090181e-08,
    "stick_H_9_1": 3818.080070732469,
    "loss_C2H_11_12": 670.6625258402487,
    "loss_C4H2_11_11": 419.28031562909837,
    "ArStar_CH4_CH3_H_cm3_3_1": 3.847005043897292e-10,
    "loss_C3H3_11_13": 459.5360026745635,
    "loss_C3H6_11_16": 251.2318247021313,
    "loss_C3_11_14": 274.72759335445807,
    "loss_C4H_11_15": 843.7007113381488,
    "loss_CH_11_9": 3753.743561842106,
    "e_CH4Plus_CH3_H_cm3_6_4": 1.6057080978199298e-07,
    "e_CH4_CH_H2_H_vib_cm3_1_3": 3.515557707142009e-11,
    "stick_C_9_10": 4588.190314703734,
    "stick_C2_9_9": 4397.1618326796115,
    "stick_CH_9_3": 3106.0854796243134,
    "loss_CH2_11_1": 5489.632038813838,
    "stick_CH3_9_2": 5048.5975356887375,
    "e_Ar_ArStar_cm3_1_7": 1.5651371588928804e-10,
    "stick_C3H_9_19": 871.1113892835453,
    "stick_C2H4_9_12": 1735.961430453817,
    "stick_C2H6_9_14": 451.23530961642166,
    "stick_C4H2_9_20": 1093.7740242961836,
    "stick_H2_9_16": 706.9675525928619,
    "stick_C3H3_9_21": 909.739183789568,
    "stick_C3H4_9_22": 1167.3104847624243,
    "stick_C3H6_9_25": 816.7483041268664,
    "stick_C2H2_9_11": 1603.5957662076362,
    "stick_C4H_9_24": 1408.7097755753218,
    "stick_C2H5_9_17": 1380.6781755708323,
    "loss_C_11_8": 1731.784670708234,
    "stick_C3_9_23": 1571.4770685187661,
    "e_CH4_CH4Plus_cm3_2_2": 2.915807324294646e-11
  },
  "target_densities": {
    "H": 21861154887018.117,
    "CH": 12376446136.141129,
    "C2": 99702656250.02542
  },
  "all_densities": {
    "e": 2384381465.4235954,
    "Ar": 1.0260006290377222e+16,
    "CH4": 1810589345360686.2,
    "ArPlus": 235323554.10313678,
    "CH4Plus": 133897521.84039596,
    "CH3Plus": 98827095.8505477,
    "CH5Plus": 331355835.93992275,
    "ArHPlus": 94937993.64361133,
    "CH3Minus": 42788.53088227694,
    "H": 21861154887018.117,
    "C2": 99702656250.02542,
    "CH": 12376446136.141129,
    "H2": 85468003445686.11,
    "ArStar": 1484971986.204541,
    "C2H4": 176857712203.59622,
    "C2H6": 8585732648662.6875,
    "CH2": 1284928023124.6255,
    "C2H2": 3361525827553.9644,
    "C2H5": 1377523525546.26,
    "CH3": 28714953154363.453,
    "C": 48288550675.82637,
    "H3Plus": 245884687.11993423,
    "C2H3": 41558596120.86344,
    "C3H2": 4155231633.9468145,
    "CHPlus": -320.2902124618378,
    "C3H": 3021566742.426708,
    "C4H2": 2471574.0239868904,
    "C2H": 11136454454.820297,
    "C3H3": 37563503.04657942,
    "C3H4": 91590373.5385596,
    "C3": 2387149884.2749906,
    "C3H5": 1704884571.5190518,
    "C4H": 2283198.413411937,
    "C3H6": 16127341862.096184,
    "CH2Plus": 40113.40575640061,
    "C2H5Plus": 56672545.85471938,
    "C2H4Plus": 4794.666932655727,
    "C2H3Plus": 3196.4446217704844,
    "HMinus": 322055123.9322147,
    "C2HPlus": 60050.73237270348,
    "H2Plus": 8593177156.138514,
    "C2H2Star": 215964626.38771364
  }
}