{
  "pressure_mTorr": 500.0,
  "n_total": 1.2070595635737908e+16,
  "Te": 1.0230900343741771,
  "Ne": 2548640656.7642937,
  "E_field": 490.60818052983507,
  "n_i_total": 378488506.41064805,
  "Ni_over_Ne": 0.1485060302267837,
  "charge_imbalance_pct": 85.14939697732163,
  "rate_values": {
    "loss_C2_11_3": 596.3086110441888,
    "e_CH4_CH3_HMinus_cm3_8_1": 9.594327999504864e-13,
    "loss_C2H2Star_11_25": 9055.391002304428,
    "stick_H_9_1": 3383.548258209493,
    "e_CH4Plus_CH2_H2_cm3_6_9": 1.1515352388517107e-06,
    "e_CH_CHPlus_2e_cm3_2_10": 1.721408580217611e-11,
    "loss_C3H4_11_18": 1255.5993720275446,
    "e_CH4Plus_CH_H2_H_cm3_6_11": 9.843908641888512e-07,
    "loss_C3H_11_10": 355.7908227242658,
    "loss_C3H6_11_16": 499.8658344323318,
    "loss_C4H_11_15": 897.2248577193118,
    "loss_C4H2_11_11": 499.28914814838015,
    "loss_C2H_11_12": 216.5253603894917,
    "e_CH4Plus_C_2H2_cm3_6_13": 5.997885718779304e-08,
    "stick_ArStar_9_5": 391.69799936925443,
    "ArStar_CH4_CH3_H_cm3_3_1": 2.0564112247464196e-10,
    "loss_C3_11_14": 307.5860956217241,
    "loss_CH_11_9": 9816.380552768105,
    "loss_C3H3_11_13": 937.0109966965417,
    "e_CH4Plus_CH3_H_cm3_6_4": 7.340556234355329e-07,
    "e_CH4_CH_H2_H_vib_cm3_1_3": 2.2499164273552366e-11,
    "stick_C_9_10": 1282.0726993670846,
    "stick_CH_9_3": 2045.996415571319,
    "stick_C2_9_9": 4780.311157722299,
    "loss_CH2_11_1": 6017.042704275362,
    "stick_CH3_9_2": 5083.045240008785,
    "e_Ar_ArStar_cm3_1_7": 1.4690158775775966e-10,
    "loss_C_11_8": 1666.0749169829987,
    "stick_C3_9_23": 1425.1005499450368,
    "stick_C4H_9_24": 868.188389145124,
    "stick_C2H2_9_11": 1846.4177406278773,
    "stick_C2H4_9_12": 1160.2679192806945,
    "stick_C2H6_9_14": 1380.8111007484226,
    "stick_C2H5_9_17": 1516.0891266475264,
    "stick_C3H_9_19": 984.6704610103352,
    "stick_C3H4_9_22": 1798.931436078091,
    "stick_C3H3_9_21": 967.9944747082602,
    "stick_C4H2_9_20": 1939.0950547404325,
    "stick_C3H6_9_25": 789.4085592585466,
    "stick_H2_9_16": 527.786476617601
  },
  "target_densities": {
    "H": 29991346371161.64,
    "CH": 11945362096.129827,
    "C2": 98034779437.62756
  },
  "all_densities": {
    "e": 2548640656.7642937,
    "Ar": 1.0260006290377222e+16,
    "CH4": 1810589345360686.2,
    "ArPlus": 165189110.63023335,
    "CH4Plus": 59612310.77421607,
    "CH3Plus": 51324673.434568554,
    "CH5Plus": 34760775.75094753,
    "ArHPlus": 50155440.9691318,
    "CH3Minus": 10725.971781813394,
    "H": 29991346371161.64,
    "C2": 98034779437.62756,
    "CH": 11945362096.129827,
    "H2": 93850740272023.28,
    "ArStar": 1702783897.2425187,
    "C2H4": 201838857548.34085,
    "C2H6": 3759771132398.133,
    "CH2": 1049018054123.9952,
    "C2H2": 2576809013398.3623,
    "C2H5": 971532406490.8783,
    "CH3": 26605212713312.055,
    "C": 78895747553.30249,
    "H3Plus": 4154.332922095364,
    "C2H3": 15755802857.569208,
    "C3H2": 3074419166.7432456,
    "CHPlus": 96.03545036368305,
    "C3H": 2294248365.344128,
    "C4H2": 1123925.730408746,
    "C2H": 981964406.4950485,
    "C3H3": 9879697.096623616,
    "C3H4": 86826495.75164436,
    "C3": 1911657752.9558628,
    "C3H5": 1160530638.3657932,
    "C4H": 2080252.3288673323,
    "C3H6": 6328830310.61524,
    "CH2Plus": 9977.386193405355,
    "C2H5Plus": 17234712.60797143,
    "C2H4Plus": 1466.2736803944551,
    "C2H3Plus": 977.5157869296365,
    "HMinus": 1282407836.8350694,
    "C2HPlus": 12595.813626378851,
    "H2Plus": 182214.885919756,
    "C2H2Star": 29072729.55856359
  }
}