{
  "pressure_mTorr": 500.0,
  "n_total": 1.2070595635737908e+16,
  "Te": 1.3250001449165754,
  "Ne": 2032976764.175414,
  "E_field": 458.7404470052753,
  "n_i_total": 286567484.5307153,
  "Ni_over_Ne": 0.14095954738909597,
  "charge_imbalance_pct": 85.9040452610904,
  "rate_values": {
    "loss_C2_11_3": 1777.9783300068916,
    "e_CH4_CH3_HMinus_cm3_8_1": 3.6312003341865824e-13,
    "loss_C2H2Star_11_25": 7437.587099093141,
    "stick_H_9_1": 3735.381256088159,
    "e_CH4Plus_CH2_H2_cm3_6_9": 2.2865358563849257e-06,
    "loss_C3H4_11_18": 1292.7940581007529,
    "e_CH4Plus_CH_H2_H_cm3_6_11": 1.1327802627389708e-06,
    "loss_C4H2_11_11": 251.54335194946975,
    "loss_CH_11_9": 9962.579102330845,
    "stick_ArStar_9_5": 249.65432119427473,
    "e_CH4Plus_C_2H2_cm3_6_13": 3.7411584208180334e-08,
    "loss_C3H6_11_16": 555.5582784033674,
    "loss_C3H3_11_13": 430.15327820349097,
    "loss_C3_11_14": 495.49097988202675,
    "loss_C4H_11_15": 122.34808315545945,
    "loss_C2H_11_12": 252.06621940235004,
    "loss_C3H_11_10": 731.7553257132236,
    "ArStar_CH4_CH3_H_cm3_3_1": 1.3284182797724302e-10,
    "e_CH4Plus_CH3_H_cm3_6_4": 8.40303929937064e-07,
    "e_CH4_CH_H2_H_vib_cm3_1_3": 4.083801506086439e-11,
    "stick_C2_9_9": 5436.614627510646,
    "stick_CH_9_3": 2067.356777009194,
    "stick_C_9_10": 2682.408111141472,
    "loss_CH2_11_1": 2549.0567438176513,
    "stick_CH3_9_2": 5569.688079609777,
    "e_Ar_ArStar_cm3_1_7": 5.312647054467259e-11,
    "stick_C4H_9_24": 934.6371867038902,
    "stick_C2H2_9_11": 1564.479885762523,
    "stick_C2H6_9_14": 588.5279454366307,
    "stick_C4H2_9_20": 947.4900297036943,
    "stick_C3H4_9_22": 975.7663509324631,
    "stick_C2H5_9_17": 1916.4282528157742,
    "stick_C3H6_9_25": 1532.6120594811644,
    "stick_H2_9_16": 726.8321980468623,
    "loss_C_11_8": 1465.7748658387393,
    "stick_C3_9_23": 524.0751592289924,
    "stick_C3H3_9_21": 1108.4464431957203,
    "stick_C3H_9_19": 1353.8427603895125,
    "stick_C2H4_9_12": 782.1425200988479,
    "e_CH4_CH4Plus_cm3_2_2": 3.32113175814537e-11
  },
  "target_densities": {
    "H": 29038826977344.5,
    "CH": 13670164516.380466,
    "C2": 77167432901.9541
  },
  "all_densities": {
    "e": 2032976764.175414,
    "Ar": 1.0260006290377222e+16,
    "CH4": 1810589345360686.2,
    "ArPlus": 113124141.8697946,
    "CH4Plus": 47277679.45927604,
    "CH3Plus": 42619243.9639073,
    "CH5Plus": 28350303.68139933,
    "ArHPlus": 34789752.6511635,
    "CH3Minus": 12024.05694398592,
    "H": 29038826977344.5,
    "C2": 77167432901.9541,
    "CH": 13670164516.380466,
    "H2": 83774954257866.73,
    "ArStar": 522658037.8989131,
    "C2H4": 290417409222.9537,
    "C2H6": 5539634243107.543,
    "CH2": 1332425871881.7112,
    "C2H2": 2509586586913.983,
    "C2H5": 977261736097.2169,
    "CH3": 24582745082766.33,
    "C": 74106228258.92068,
    "H3Plus": 104596.92328468159,
    "C2H3": 16393364917.046158,
    "C3H2": 3425962803.6063595,
    "CHPlus": 426.19768913751375,
    "C3H": 1643844521.8478236,
    "C4H2": 1874145.0735948521,
    "C2H": 1219448831.2992377,
    "C3H3": 14565191.470935863,
    "C3H4": 192503541.95371583,
    "C3": 3571739303.6533065,
    "C3H5": 1335932870.801255,
    "C4H": 4430854.098707641,
    "C3H6": 5993988136.32404,
    "CH2Plus": 11254.447394792589,
    "C2H5Plus": 15344723.215640007,
    "C2H4Plus": 4212.020107757719,
    "C2H3Plus": 2808.0134051718132,
    "HMinus": 386171550.9333852,
    "C2HPlus": 23996.357592524146,
    "H2Plus": 4914345.73006045,
    "C2H2Star": 10581299.42395287
  }
}