{
  "pressure_mTorr": 500.0,
  "n_total": 1.2070595635737908e+16,
  "Te": 2.818968132400177,
  "Ne": 2133995760.9589467,
  "E_field": 123.73693142192178,
  "n_i_total": 5775914887.022652,
  "Ni_over_Ne": 2.7066196628371686,
  "charge_imbalance_pct": 170.66196628371688,
  "rate_values": {
    "loss_C2_11_3": 1428.9595639239883,
    "e_CH4_CH3_HMinus_cm3_8_1": 8.005511650574665e-13,
    "loss_C2H2Star_11_25": 1142.78965778462,
    "e_CH4Plus_CH2_H2_cm3_6_9": 7.530609035659847e-07,
    "e_CH_CHPlus_2e_cm3_2_10": 8.28599141601205e-12,
    "loss_C3H4_11_18": 1456.0545630123456,
    "e_CH4Plus_CH_H2_H_cm3_6_11": 1.0399011073326805e-06,
    "loss_CH_11_9": 5512.03497956653,
    "loss_C3_11_14": 995.862423503986,
    "loss_C3H6_11_16": 934.9524527518602,
    "loss_C2H_11_12": 832.2607709535405,
    "stick_ArStar_9_5": 618.204175277402,
    "e_CH4Plus_C_2H2_cm3_6_13": 6.08513092128566e-08,
    "loss_C4H_11_15": 520.6914005616383,
    "loss_C4H2_11_11": 538.7473460243348,
    "ArStar_CH4_CH3_H_cm3_3_1": 1.1595446544381612e-10,
    "loss_C3H3_11_13": 276.1111095430812,
    "loss_C3H_11_10": 585.9391907213773,
    "e_CH4Plus_CH3_H_cm3_6_4": 1.1852957277769359e-07,
    "e_CH4_CH_H2_H_vib_cm3_1_3": 2.2451477117221364e-11,
    "stick_CH_9_3": 5187.866343337268,
    "stick_H_9_1": 373.96088983009383,
    "stick_C2_9_9": 4490.077113979409,
    "stick_C_9_10": 3797.4050218338843,
    "loss_CH2_11_1": 4736.601369811398,
    "stick_CH3_9_2": 4385.465883094884,
    "e_Ar_ArStar_cm3_1_7": 8.69497419932221e-11,
    "e_C2H4_C2H2_H_H_cm3_1_17": 3.4726682546067046e-11,
    "CH2_H_CH_H2_cm3_7_1": 2.1896309058448006e-11,
    "CH_CH4_C2H4_H_cm3_7_20": 5.402560569940757e-11,
    "C2H_H_C2_H2_cm3_7_47": 8.569840240346052e-11,
    "e_CH4_CH3_H_cm3_1_1": 9.46402098557695e-11,
    "e_C2H4_C2H2_H2_cm3_1_15": 4.663262532421167e-11,
    "CH2_CH2_C2H2_H2_cm3_7_15": 1.0008564504393357e-10,
    "CH_H_C_H2_cm3_7_3": 8.205346760013472e-11,
    "C_H_CH_cm3_7_12": 9.120422834154446e-11,
    "C_CH_C2_H_cm3_7_4": 1.1075083081265285e-10,
    "C2H2_H_C2_H2_H_cm3_7_50": 1.0751265995389955e-11,
    "CH3_CH3_C2H2_H2_H2_cm3_7_49": 1.1736523882703341e-11,
    "CH3_C2H5_C2H2_CH3_H2_cm3_7_61": 8.534043126193905e-12,
    "C2H2_C_C2_CH2_cm3_7_19": 1.0816377887229833e-10,
    "C_CH3_C2_H2_H_cm3_7_8": 1.0140482913154345e-10,
    "e_C2H4_C2H2_H2_cm3_1_6": 3.401213506630162e-11,
    "CH_CH_C2_H2_cm3_5_4": 1.7535893129173428e-10,
    "CH_C_C2_H_cm3_7_9": 8.534083838401689e-11,
    "CH_CH4_CH2_CH3_cm3_7_39": 9.998918079089401e-12,
    "C2_H_CH_C_cm3_7_6": 1.103466212166197e-10,
    "e_C2H2_C2_H2_cm3_1_16": 8.206148834998931e-11,
    "C2HPlus_e_C2_H_cm3_6_18": 2.585405845207202e-07,
    "CH_CH3_C2H4_cm3_7_5": 9.98411221312424e-11,
    "CH2_C2H3_C2H2_CH3_cm3_7_53": 1.0919739388928431e-10,
    "CH2_CH3_C2H2_H_H2_cm3_7_62": 8.636501588594768e-12,
    "e_CH4_CH2_H2_cm3_1_2": 2.5154551611631755e-11
  },
  "target_densities": {
    "H": 10362011948507.725,
    "CH": 2864058961.2461243,
    "C2": 17384129208.322044
  },
  "all_densities": {
    "e": 2133995760.9589467,
    "Ar": 1.0260006290377222e+16,
    "CH4": 1810589345360686.2,
    "ArPlus": 211063399.8459001,
    "CH4Plus": 279073305.8119385,
    "CH3Plus": 114190337.27022344,
    "CH5Plus": 434478870.5582669,
    "ArHPlus": 117121936.55767119,
    "CH3Minus": 36509.87635881175,
    "H": 10362011948507.725,
    "C2": 17384129208.322044,
    "CH": 2864058961.2461243,
    "H2": 27919170419948.82,
    "ArStar": 922151643.7519034,
    "C2H4": 161707512591.69995,
    "C2H6": 1531795446731.7905,
    "CH2": 303818180244.7262,
    "C2H2": 1050009265744.6338,
    "C2H5": 113116156945.04501,
    "CH3": 11781230812769.684,
    "C": 9138975472.456907,
    "H3Plus": 59831857.028747424,
    "C2H3": 2141096587.5541608,
    "C3H2": 300642738.8417068,
    "CHPlus": 36.692120594020494,
    "C3H": 163775543.29310548,
    "C4H2": 26222.97740617808,
    "C2H": 3991614002.179086,
    "C3H3": 401820.47231895087,
    "C3H4": 18826443.58160572,
    "C3": 138337360.13914737,
    "C3H5": 32397134.296017915,
    "C4H": 48628.379289584445,
    "C3H6": 328237569.64665323,
    "CH2Plus": 25490.95949821043,
    "C2H5Plus": 151887707.62051025,
    "C2H4Plus": 9124.43369553146,
    "C2H3Plus": 6082.9557970209735,
    "HMinus": 673936164.3078345,
    "C2HPlus": 38957.48609190468,
    "H2Plus": 4408187779.802191,
    "C2H2Star": 50837059.843796626
  }
}