{
  "pressure_mTorr": 500.0,
  "n_total": 1.2070595635737908e+16,
  "Te": 2.8830955381472356,
  "Ne": 1760683291.106186,
  "E_field": 163.0076889152088,
  "n_i_total": 13432346799.52565,
  "Ni_over_Ne": 7.629053372277133,
  "charge_imbalance_pct": 662.9053372277133,
  "rate_values": {
    "loss_C2_11_3": 1767.0231508456477,
    "e_CH4_CH3_HMinus_cm3_8_1": 7.233575354117534e-13,
    "loss_C2H2Star_11_25": 2007.1065334334521,
    "e_CH4Plus_CH2_H2_cm3_6_9": 2.5987038342731105e-07,
    "loss_C3H4_11_18": 401.9979589341794,
    "e_CH4Plus_CH_H2_H_cm3_6_11": 1.99091600308709e-07,
    "loss_C4H2_11_11": 279.03297473504784,
    "ArStar_CH4_CH3_H_cm3_3_1": 4.2933116042896015e-10,
    "e_CH4Plus_C_2H2_cm3_6_13": 9.52493093121901e-08,
    "stick_ArStar_9_5": 608.7661645309853,
    "stick_H_9_1": 3639.950944850081,
    "loss_C3H_11_10": 137.59077996660233,
    "loss_C4H_11_15": 760.969439086932,
    "loss_C3_11_14": 456.63678426056543,
    "loss_C3H3_11_13": 134.92799945754712,
    "loss_C3H6_11_16": 278.81144480581236,
    "loss_C2H_11_12": 848.491945424377,
    "loss_CH_11_9": 9361.595627045366,
    "e_CH4Plus_CH3_H_cm3_6_4": 3.248342342514817e-07,
    "e_CH4_CH_H2_H_vib_cm3_1_3": 8.764930890170496e-11,
    "stick_C2_9_9": 5190.798385063892,
    "stick_C_9_10": 4280.799862610685,
    "stick_CH_9_3": 2328.6860589742273,
    "loss_CH2_11_1": 5104.12717684827,
    "stick_CH3_9_2": 3761.954059421177,
    "e_Ar_ArStar_cm3_1_7": 1.3524807199929115e-10,
    "stick_C4H_9_24": 680.261406456767,
    "stick_C2H5_9_17": 1273.3491853374067,
    "stick_C2H6_9_14": 479.62219565319606,
    "stick_C3H4_9_22": 1157.8685880322969,
    "stick_H2_9_16": 310.5817264232679,
    "stick_C2H2_9_11": 1937.7628990720318,
    "stick_C2H4_9_12": 1202.7485554806767,
    "stick_C4H2_9_20": 700.1793340226377,
    "stick_C3_9_23": 630.890106710849,
    "loss_C_11_8": 1182.3279544083573,
    "stick_C3H3_9_21": 1362.6792875156807,
    "stick_C3H_9_19": 1705.5676806143233,
    "stick_C3H6_9_25": 669.4611028963552,
    "e_CH4_CH4Plus_cm3_2_2": 3.62843866019333e-11
  },
  "target_densities": {
    "H": 22123316107183.44,
    "CH": 13116938447.221214,
    "C2": 105853840967.85674
  },
  "all_densities": {
    "e": 1760683291.106186,
    "Ar": 1.0260006290377222e+16,
    "CH4": 1810589345360686.2,
    "ArPlus": 181774657.6076085,
    "CH4Plus": 181232398.68642724,
    "CH3Plus": 91893602.68311624,
    "CH5Plus": 1009289233.8658211,
    "ArHPlus": 94307612.38646875,
    "CH3Minus": 63819.51924017267,
    "H": 22123316107183.44,
    "C2": 105853840967.85674,
    "CH": 13116938447.221214,
    "H2": 106815041470884.28,
    "ArStar": 915849385.9946976,
    "C2H4": 249924540877.81146,
    "C2H6": 10965060543129.488,
    "CH2": 1588047093222.4126,
    "C2H2": 4018767504828.2017,
    "C2H5": 1990901832610.148,
    "CH3": 32889280526391.75,
    "C": 57983732820.510376,
    "H3Plus": 522738851.47282374,
    "C2H3": 54387973688.173965,
    "C3H2": 5264487203.991337,
    "CHPlus": 112543.22069270263,
    "C3H": 2857944102.1608167,
    "C4H2": 3828329.8257557885,
    "C2H": 9019189628.423624,
    "C3H3": 47636233.4333125,
    "C3H4": 231178065.07688394,
    "C3": 5102483725.962186,
    "C3H5": 2611453679.2807226,
    "C4H": 4791318.117042364,
    "C3H6": 25225395973.32227,
    "CH2Plus": 81392.23536839205,
    "C2H5Plus": 93121547.93256298,
    "C2H4Plus": 8833.333425067867,
    "C2H3Plus": 5888.888950045245,
    "HMinus": 599566600.001077,
    "C2HPlus": 93485.12976830745,
    "H2Plus": 11257686752.082617,
    "C2H2Star": 110026618.6306364
  }
}