{
  "pressure_mTorr": 500.0,
  "n_total": 1.2070595635737908e+16,
  "Te": 0.698558632349318,
  "Ne": 1825263922.0096095,
  "E_field": 362.7341200972345,
  "n_i_total": 187273151.2555598,
  "Ni_over_Ne": 0.1026005877820522,
  "charge_imbalance_pct": 89.73994122179478,
  "rate_values": {
    "loss_C2_11_3": 1931.4989125260001,
    "e_CH4_CH3_HMinus_cm3_8_1": 5.014614208019482e-13,
    "loss_C2H2Star_11_25": 2144.4885030081864,
    "e_CH4Plus_CH2_H2_cm3_6_9": 2.3159220327377657e-06,
    "loss_C3H4_11_18": 749.7804325430054,
    "e_CH4Plus_CH_H2_H_cm3_6_11": 8.400626738630001e-07,
    "loss_C3H6_11_16": 597.6595651994778,
    "loss_C4H2_11_11": 953.4633214860755,
    "stick_H_9_1": 3676.6515764734772,
    "loss_C4H_11_15": 640.391100527112,
    "loss_C2H_11_12": 354.5043521733123,
    "loss_CH_11_9": 5321.851830079989,
    "loss_C3H3_11_13": 502.99398047017814,
    "loss_C3H_11_10": 498.157310138397,
    "ArStar_CH4_CH3_H_cm3_3_1": 4.0546117526518653e-10,
    "e_CH4Plus_C_2H2_cm3_6_13": 5.6749179349944656e-08,
    "stick_ArStar_9_5": 618.8905588090435,
    "loss_C3_11_14": 426.6962722184055,
    "e_CH4Plus_CH3_H_cm3_6_4": 6.965997015474926e-07,
    "e_CH4_CH_H2_H_vib_cm3_1_3": 2.3675386268918247e-11,
    "stick_CH_9_3": 3017.0058765149515,
    "stick_C_9_10": 2838.3877759005404,
    "stick_C2_9_9": 5220.630533469952,
    "loss_CH2_11_1": 5628.0642589846775,
    "stick_CH3_9_2": 5609.0419096605765,
    "e_Ar_ArStar_cm3_1_7": 7.760162806723697e-11,
    "loss_C_11_8": 989.1352890599833,
    "stick_C2H4_9_12": 1147.5052205008446,
    "stick_C4H2_9_20": 1870.4413081620214,
    "stick_C3H3_9_21": 1446.383396739639,
    "stick_C3H4_9_22": 1291.9452410530853,
    "stick_C3H6_9_25": 803.4615325412786,
    "stick_C2H5_9_17": 921.7946997939187,
    "stick_C4H_9_24": 1003.8117871335164,
    "stick_C2H6_9_14": 1010.3832775344894,
    "stick_C3_9_23": 1074.659696992479,
    "stick_H2_9_16": 526.4836894474703,
    "stick_C2H2_9_11": 1683.201043416475,
    "stick_C3H_9_19": 1093.8632102939662,
    "e_CH4_CH3Plus_H_cm3_2_1": 1.4354034086346471e-11
  },
  "target_densities": {
    "H": 21848373724985.062,
    "CH": 7923140146.880098,
    "C2": 72333750930.55247
  },
  "all_densities": {
    "e": 1825263922.0096095,
    "Ar": 1.0260006290377222e+16,
    "CH4": 1810589345360686.2,
    "ArPlus": 68101207.35110469,
    "CH4Plus": 32175254.467653062,
    "CH3Plus": 26589685.822064552,
    "CH5Plus": 23704550.903433066,
    "ArHPlus": 24601841.02864456,
    "CH3Minus": 8178.865524237722,
    "H": 21848373724985.062,
    "C2": 72333750930.55247,
    "CH": 7923140146.880098,
    "H2": 102136025478960.2,
    "ArStar": 554780983.9731392,
    "C2H4": 144292270709.2025,
    "C2H6": 4858551064496.57,
    "CH2": 1138889164747.4297,
    "C2H2": 2918666854778.5674,
    "C2H5": 1444905031131.7087,
    "CH3": 27099920025537.95,
    "C": 50994311769.795906,
    "H3Plus": 4.241439739538943,
    "C2H3": 30067590061.359547,
    "C3H2": 2310669877.119474,
    "CHPlus": -403.5378889065815,
    "C3H": 1451834517.6752818,
    "C4H2": 407346.9136616273,
    "C2H": 911224783.5626705,
    "C3H3": 12220811.255954647,
    "C3H4": 61593616.00325418,
    "C3": 1616620436.6021142,
    "C3H5": 1144818506.058868,
    "C4H": 1113473.3679759002,
    "C3H6": 5205820220.10826,
    "CH2Plus": 7590.120467627858,
    "C2H5Plus": 12080995.870230448,
    "C2H4Plus": 792.0132825169349,
    "C2H3Plus": 528.0088550112898,
    "HMinus": 426512909.65323496,
    "C2HPlus": 10559.87744275079,
    "H2Plus": 141.55094178366753,
    "C2H2Star": 45303694.582063965
  }
}