{
  "pressure_mTorr": 500.0,
  "n_total": 1.2070595635737908e+16,
  "Te": 1.165047791935545,
  "Ne": 1648317725.476755,
  "E_field": 410.14161377603114,
  "n_i_total": 290114578.7345583,
  "Ni_over_Ne": 0.17600646662380964,
  "charge_imbalance_pct": 82.39935333761903,
  "rate_values": {
    "loss_C2_11_3": 1710.0439864462583,
    "e_CH4_CH3_HMinus_cm3_8_1": 5.986076789245476e-13,
    "loss_C2H2Star_11_25": 5657.160026378711,
    "stick_H_9_1": 3160.6033144839766,
    "e_CH4Plus_CH2_H2_cm3_6_9": 2.4031104801524276e-06,
    "loss_C3H4_11_18": 120.39306296050711,
    "e_CH4Plus_CH_H2_H_cm3_6_11": 1.0246239423653805e-06,
    "loss_C4H2_11_11": 241.42656751993707,
    "loss_CH_11_9": 9684.708533748308,
    "stick_ArStar_9_5": 254.51306213004838,
    "e_CH4Plus_C_2H2_cm3_6_13": 7.935630645725734e-08,
    "loss_C3H6_11_16": 788.9050372749425,
    "loss_C3H3_11_13": 252.94951595245215,
    "loss_C3_11_14": 376.3249737685884,
    "loss_C4H_11_15": 919.1909552410872,
    "loss_C2H_11_12": 678.0674801296432,
    "loss_C3H_11_10": 165.93085437410878,
    "ArStar_CH4_CH3_H_cm3_3_1": 1.5874381591077742e-10,
    "e_CH4Plus_CH3_H_cm3_6_4": 6.108103982924594e-07,
    "e_CH4_CH_H2_H_vib_cm3_1_3": 3.1736766836617334e-11,
    "stick_C2_9_9": 4306.483023197404,
    "stick_CH_9_3": 2385.5210945222743,
    "stick_C_9_10": 6040.64216118977,
    "loss_CH2_11_1": 5413.673427265385,
    "stick_CH3_9_2": 5021.439505918131,
    "e_Ar_ArStar_cm3_1_7": 7.93737741378709e-11,
    "stick_C4H_9_24": 1998.5153270929536,
    "stick_C2H2_9_11": 1984.5396148208133,
    "stick_C2H6_9_14": 1072.441101080427,
    "stick_C4H2_9_20": 1875.0073307026244,
    "stick_C3H4_9_22": 771.3967282126207,
    "stick_C2H5_9_17": 1379.4769352188493,
    "stick_C3H6_9_25": 531.238502556004,
    "stick_H2_9_16": 454.06132339331384,
    "loss_C_11_8": 766.2861902382749,
    "stick_C3_9_23": 978.5423986891632,
    "stick_C3H3_9_21": 557.8431810739555,
    "stick_C3H_9_19": 1364.7712511004602,
    "stick_C2H4_9_12": 578.8665297678216,
    "e_CH4_CH4Plus_cm3_2_2": 2.9657070878749203e-11
  },
  "target_densities": {
    "H": 30576541641517.816,
    "CH": 12048179490.75685,
    "C2": 91280728556.98643
  },
  "all_densities": {
    "e": 1648317725.476755,
    "Ar": 1.0260006290377222e+16,
    "CH4": 1810589345360686.2,
    "ArPlus": 111408444.53821276,
    "CH4Plus": 48157397.07112707,
    "CH3Plus": 42673479.80640373,
    "CH5Plus": 32633758.912358746,
    "ArHPlus": 37023794.09341944,
    "CH3Minus": 10174.180647440098,
    "H": 30576541641517.816,
    "C2": 91280728556.98643,
    "CH": 12048179490.75685,
    "H2": 98799774455576.98,
    "ArStar": 617822769.6374336,
    "C2H4": 269952956988.12805,
    "C2H6": 4675706358319.475,
    "CH2": 1140155896785.883,
    "C2H2": 2565924192876.1875,
    "C2H5": 1141579655143.8462,
    "CH3": 27131818529156.36,
    "C": 56697351632.34515,
    "H3Plus": 26544.76479664356,
    "C2H3": 16140663179.975475,
    "C3H2": 3087751345.301668,
    "CHPlus": 106.05015563872298,
    "C3H": 2018054410.6659355,
    "C4H2": 1148813.6616142928,
    "C2H": 865499342.6570842,
    "C3H3": 23984627.365959223,
    "C3H4": 401180399.60207695,
    "C3": 2444095201.6418524,
    "C3H5": 1375395658.816936,
    "C4H": 1275035.2102357806,
    "C3H6": 7631123769.743803,
    "CH2Plus": 10785.266266199256,
    "C2H5Plus": 17165851.344877392,
    "C2H4Plus": 3550.566439049564,
    "C2H3Plus": 2367.0442926997093,
    "HMinus": 504959913.69125605,
    "C2HPlus": 22247.587552648514,
    "H2Plus": 986251.6886562738,
    "C2H2Star": 16813592.517769847
  }
}