{
  "pressure_mTorr": 500.0,
  "n_total": 1.2070595635737908e+16,
  "Te": 1.0680284233902197,
  "Ne": 2140964956.1886706,
  "E_field": 232.87690994764984,
  "n_i_total": 732218898.1664224,
  "Ni_over_Ne": 0.34200414913372185,
  "charge_imbalance_pct": 65.79958508662781,
  "rate_values": {
    "loss_C2_11_3": 1687.5409570187292,
    "e_CH4_CH3_HMinus_cm3_8_1": 8.864447848722506e-14,
    "loss_C2H2Star_11_25": 8502.870335659189,
    "stick_H_9_1": 2022.1956525832688,
    "e_CH4Plus_CH2_H2_cm3_6_9": 2.005471251241117e-06,
    "e_CH_CHPlus_2e_cm3_2_10": 1.700868297329834e-11,
    "loss_C3H4_11_18": 528.8370905229133,
    "e_CH4Plus_CH_H2_H_cm3_6_11": 3.4601175174100847e-07,
    "loss_C3H_11_10": 248.31670619649339,
    "loss_C3H6_11_16": 161.38798485875037,
    "loss_C4H_11_15": 368.2392679201168,
    "loss_C4H2_11_11": 991.7883302476725,
    "loss_C2H_11_12": 710.6257217903318,
    "e_CH4Plus_C_2H2_cm3_6_13": 2.6767658651239087e-08,
    "stick_ArStar_9_5": 532.1972874017309,
    "ArStar_CH4_CH3_H_cm3_3_1": 3.6394359583277393e-10,
    "loss_C3_11_14": 796.2582245694423,
    "loss_CH_11_9": 6078.928271216014,
    "loss_C3H3_11_13": 525.793466307326,
    "e_CH4Plus_CH3_H_cm3_6_4": 3.0226248633831483e-07,
    "e_CH4_CH_H2_H_vib_cm3_1_3": 4.447597285666979e-11,
    "stick_C_9_10": 5684.730794305028,
    "stick_CH_9_3": 4306.743048337443,
    "stick_C2_9_9": 1683.35340056398,
    "loss_CH2_11_1": 2512.7182676917982,
    "stick_CH3_9_2": 3382.0897003458654,
    "e_Ar_ArStar_cm3_1_7": 1.557184536988526e-10,
    "loss_C_11_8": 1200.3704152223336,
    "stick_C3_9_23": 1940.7286106588133,
    "stick_C4H_9_24": 1089.6663533667463,
    "stick_C2H2_9_11": 1885.4735358704838,
    "stick_C2H4_9_12": 653.2053307357137,
    "stick_C2H6_9_14": 1060.67577990127,
    "stick_C2H5_9_17": 626.8496841685444,
    "stick_C3H_9_19": 546.7049310097872,
    "stick_C3H4_9_22": 721.863843466965,
    "stick_C3H3_9_21": 1444.0762574478028,
    "stick_C4H2_9_20": 1935.1446960930118,
    "stick_C3H6_9_25": 1449.1044778564226,
    "stick_H2_9_16": 584.1443061988775
  },
  "target_densities": {
    "H": 34300403665807.9,
    "CH": 25478949008.171078,
    "C2": 270248388734.47598
  },
  "all_densities": {
    "e": 2140964956.1886706,
    "Ar": 1.0260006290377222e+16,
    "CH4": 1810589345360686.2,
    "ArPlus": 211334321.48099333,
    "CH4Plus": 141307850.035567,
    "CH3Plus": 88107736.14843188,
    "CH5Plus": 132660273.94132027,
    "ArHPlus": 95535602.33504368,
    "CH3Minus": 26490.58825079993,
    "H": 34300403665807.9,
    "C2": 270248388734.47598,
    "CH": 25478949008.171078,
    "H2": 110120989962691.81,
    "ArStar": 1339686537.0731907,
    "C2H4": 646141850057.1747,
    "C2H6": 7788190505613.782,
    "CH2": 2142428810404.592,
    "C2H2": 4878185118096.715,
    "C2H5": 3964195752833.4814,
    "CH3": 34905916728472.727,
    "C": 129125339212.81021,
    "H3Plus": 28457.183452921654,
    "C2H3": 41144474105.61926,
    "C3H2": 12397515421.315752,
    "CHPlus": 357.78289623987985,
    "C3H": 15583723408.796843,
    "C4H2": 13565629.637470251,
    "C2H": 3045105803.1008077,
    "C3H3": 53217628.813884094,
    "C3H4": 1447933417.3715296,
    "C3": 5044318004.441681,
    "C3H5": 10100354144.485264,
    "C4H": 21666399.9806038,
    "C3H6": 28560982117.247383,
    "CH2Plus": 73694.72853912601,
    "C2H5Plus": 62384918.40654254,
    "C2H4Plus": 13070.102370664528,
    "C2H3Plus": 8713.401580443018,
    "HMinus": 428848751.6998198,
    "C2HPlus": 68829.68151241637,
    "H2Plus": 695072.9381717267,
    "C2H2Star": 46115525.7230556
  }
}