{
  "pressure_mTorr": 500.0,
  "n_total": 1.2070595635737908e+16,
  "Te": 1.051108133639706,
  "Ne": 2393904497.0939097,
  "E_field": 27.654505743246176,
  "n_i_total": 5274447849.827207,
  "Ni_over_Ne": 2.203282485257931,
  "charge_imbalance_pct": 120.32824852579309,
  "rate_values": {
    "loss_C2_11_3": 1447.2502683445696,
    "e_CH4_CH3_HMinus_cm3_8_1": 7.502404542591788e-14,
    "loss_C2H2Star_11_25": 4879.554631148483,
    "e_CH4Plus_CH2_H2_cm3_6_9": 1.6360303106623977e-06,
    "e_CH_CHPlus_2e_cm3_2_10": 1.2852766220626169e-11,
    "loss_C3H4_11_18": 1427.3339905930002,
    "e_CH4Plus_CH_H2_H_cm3_6_11": 9.831644619308025e-07,
    "loss_C3_11_14": 714.6830038719581,
    "ArStar_CH4_CH3_H_cm3_3_1": 4.992718348812676e-10,
    "loss_CH_11_9": 2768.8512977014357,
    "loss_C2H_11_12": 556.3274408178412,
    "loss_C4H2_11_11": 492.9398693111314,
    "loss_C3H3_11_13": 481.82410183877386,
    "loss_C3H_11_10": 340.71004385949016,
    "loss_C4H_11_15": 861.2168096090209,
    "stick_ArStar_9_5": 206.79480379358847,
    "loss_C3H6_11_16": 743.9194471070956,
    "e_CH4Plus_C_2H2_cm3_6_13": 9.460513624873041e-08,
    "e_CH4Plus_CH3_H_cm3_6_4": 1.8593951196978804e-07,
    "e_CH4_CH_H2_H_vib_cm3_1_3": 3.105626471228119e-11,
    "stick_CH_9_3": 5348.678278380603,
    "stick_C2_9_9": 3982.7026188387094,
    "stick_C_9_10": 5217.484351033314,
    "stick_H_9_1": 474.895983643248,
    "loss_CH2_11_1": 1875.5843508435469,
    "stick_CH3_9_2": 4769.943823063193,
    "e_Ar_ArStar_cm3_1_7": 1.6934337927807757e-10,
    "stick_C3H3_9_21": 1482.7382878109865,
    "stick_C4H2_9_20": 507.65524347822793,
    "stick_C4H_9_24": 1301.0566002145722,
    "loss_C_11_8": 1003.8783227394879,
    "stick_C2H5_9_17": 802.3443731331096,
    "stick_C3H6_9_25": 1041.7252252183964,
    "stick_C3_9_23": 1665.0035218464113,
    "stick_H2_9_16": 905.332307071918,
    "stick_C3H4_9_22": 1041.0153472249074,
    "stick_C2H6_9_14": 508.21493181924467,
    "stick_C2H2_9_11": 1149.986499193344,
    "stick_C2H4_9_12": 632.319996413485,
    "stick_C3H_9_19": 861.4737178790047
  },
  "target_densities": {
    "H": 10353235171468.143,
    "CH": 2326318745.824358,
    "C2": 10702253515.997326
  },
  "all_densities": {
    "e": 2393904497.0939097,
    "Ar": 1.0260006290377222e+16,
    "CH4": 1810589345360686.2,
    "ArPlus": 282358773.86041254,
    "CH4Plus": 1404240726.8372192,
    "CH3Plus": 169483493.5075547,
    "CH5Plus": 2205533361.1174054,
    "ArHPlus": 206579841.197503,
    "CH3Minus": 78276.66935861927,
    "H": 10353235171468.143,
    "C2": 10702253515.997326,
    "CH": 2326318745.824358,
    "H2": 27197068347368.74,
    "ArStar": 1508276408.2981899,
    "C2H4": 140670651552.71628,
    "C2H6": 1281947626643.3152,
    "CH2": 459673013606.766,
    "C2H2": 634988061967.4944,
    "C2H5": 294059044816.69714,
    "CH3": 11371625248132.664,
    "C": 8326128759.766485,
    "H3Plus": 20664.777351885972,
    "C2H3": 1370559273.886709,
    "C3H2": 147684107.16227093,
    "CHPlus": 228.6205951309104,
    "C3H": 122851338.33637679,
    "C4H2": 28562.13943768157,
    "C2H": 107255477.62748294,
    "C3H3": 162293.53406661158,
    "C3H4": 14583399.746085966,
    "C3": 64167205.27601265,
    "C3H5": 68407506.83362877,
    "C4H": 15888.846682897207,
    "C3H6": 293733386.6863241,
    "CH2Plus": 256125.56253141642,
    "C2H5Plus": 1004710269.973235,
    "C2H4Plus": 22642.8418677967,
    "C2H3Plus": 15095.22791186446,
    "HMinus": 168630322.98789167,
    "C2HPlus": 69345.62378804172,
    "H2Plus": 1157280.6798301826,
    "C2H2Star": 11776536.005596168
  }
}