{
  "pressure_mTorr": 500.0,
  "n_total": 1.2070595635737908e+16,
  "Te": 4.8747853982878455,
  "Ne": 1800387957.4339805,
  "E_field": 422.17461901759657,
  "n_i_total": 34196925048.811962,
  "Ni_over_Ne": 18.994197838087878,
  "charge_imbalance_pct": 1799.4197838087878,
  "rate_values": {
    "loss_C2_11_3": 1715.9929642856237,
    "e_CH4_CH3_HMinus_cm3_8_1": 6.395019871429421e-14,
    "loss_C2H2Star_11_25": 2504.818774037034,
    "e_CH4Plus_CH2_H2_cm3_6_9": 6.653124212461679e-07,
    "loss_C3H4_11_18": 657.1301779649334,
    "e_CH4Plus_CH_H2_H_cm3_6_11": 8.828984509008222e-07,
    "stick_ArStar_9_5": 323.28899570496225,
    "loss_C3H_11_10": 760.674645422787,
    "e_CH4Plus_C_2H2_cm3_6_13": 5.343678303541979e-08,
    "stick_H_9_1": 2221.866061624155,
    "loss_C2H_11_12": 851.1880995861695,
    "loss_C4H2_11_11": 172.88413381323596,
    "ArStar_CH4_CH3_H_cm3_3_1": 3.405223404430317e-10,
    "loss_C3H3_11_13": 232.87809685419205,
    "loss_C3H6_11_16": 376.16343757135286,
    "loss_C3_11_14": 208.0536733274384,
    "loss_C4H_11_15": 516.3355129314688,
    "loss_CH_11_9": 9423.66557042586,
    "e_CH4Plus_CH3_H_cm3_6_4": 7.709115099805873e-07,
    "e_CH4_CH_H2_H_vib_cm3_1_3": 9.192384918048016e-11,
    "stick_C_9_10": 3417.996392221413,
    "stick_C2_9_9": 5285.493578813733,
    "stick_CH_9_3": 5112.047138764735,
    "loss_CH2_11_1": 5666.372262022292,
    "stick_CH3_9_2": 2889.9020801053603,
    "e_Ar_ArStar_cm3_1_7": 1.5178921036274323e-10,
    "stick_C3H_9_19": 1024.0771536734374,
    "stick_C2H4_9_12": 652.4516860883116,
    "stick_C2H6_9_14": 1112.175912399999,
    "stick_C4H2_9_20": 1778.5483958722366,
    "stick_H2_9_16": 362.7598935385348,
    "stick_C3H3_9_21": 1881.2416289100802,
    "stick_C3H4_9_22": 539.6537056534977,
    "stick_C3H6_9_25": 555.427547899385,
    "stick_C2H2_9_11": 906.4471571905995,
    "stick_C4H_9_24": 1577.1693254872175,
    "stick_C2H5_9_17": 1289.690374802495,
    "loss_C_11_8": 1615.0933349228808,
    "stick_C3_9_23": 1077.4657243530482,
    "e_CH4_CH4Plus_cm3_2_2": 1.7535728431179405e-11
  },
  "target_densities": {
    "H": 24566761993683.21,
    "CH": 18427720399.469784,
    "C2": 247402365457.61737
  },
  "all_densities": {
    "e": 1800387957.4339805,
    "Ar": 1.0260006290377222e+16,
    "CH4": 1810589345360686.2,
    "ArPlus": 155334555.58579347,
    "CH4Plus": 58124947.65880252,
    "CH3Plus": 56885280.342065394,
    "CH5Plus": 378689925.00631523,
    "ArHPlus": 50384570.99992625,
    "CH3Minus": 29787.679696814896,
    "H": 24566761993683.21,
    "C2": 247402365457.61737,
    "CH": 18427720399.469784,
    "H2": 62748835963372.62,
    "ArStar": 1122340767.2623813,
    "C2H4": 440153514996.147,
    "C2H6": 9226859572187.305,
    "CH2": 1939599201800.7373,
    "C2H2": 8300161257491.923,
    "C2H5": 2807292630535.7583,
    "CH3": 38822887828656.336,
    "C": 95264954271.53091,
    "H3Plus": 554403705.0046009,
    "C2H3": 100155592039.32405,
    "C3H2": 15267171176.184711,
    "CHPlus": -469.58288711919386,
    "C3H": 8561150548.347594,
    "C4H2": 8084444.950199977,
    "C2H": 62236696746.83133,
    "C3H3": 87300601.95038438,
    "C3H4": 745508743.895881,
    "C3": 12607446799.297226,
    "C3H5": 5173200367.500497,
    "C4H": 13438667.853191279,
    "C3H6": 34833204408.4677,
    "CH2Plus": 23760.861894679158,
    "C2H5Plus": 22290717.311618887,
    "C2H4Plus": 6143.030263662177,
    "C2H3Plus": 4095.353509108118,
    "HMinus": 257831925.86018476,
    "C2HPlus": 76369.50095402007,
    "H2Plus": 32920700978.15622,
    "C2H2Star": 223144511.30820003
  }
}