{
  "pressure_mTorr": 500.0,
  "n_total": 1.2070595635737908e+16,
  "Te": 1.2627677825983723,
  "Ne": 1860709590.4664516,
  "E_field": 339.7412529495739,
  "n_i_total": 590970561.1949505,
  "Ni_over_Ne": 0.3176049418043807,
  "charge_imbalance_pct": 68.23950581956191,
  "rate_values": {
    "loss_C2_11_3": 1647.355557434386,
    "e_CH4_CH3_HMinus_cm3_8_1": 6.526263217186021e-13,
    "loss_C2H2Star_11_25": 4752.8274051341705,
    "stick_H_9_1": 3656.5697973635392,
    "e_CH4Plus_CH2_H2_cm3_6_9": 1.849938380917863e-06,
    "loss_C3H4_11_18": 823.5741673713316,
    "e_CH4Plus_CH_H2_H_cm3_6_11": 1.0841984163371717e-06,
    "loss_C4H2_11_11": 572.0618361988215,
    "loss_CH_11_9": 8560.011703158336,
    "stick_ArStar_9_5": 681.7833160295265,
    "e_CH4Plus_C_2H2_cm3_6_13": 9.774931764558633e-08,
    "loss_C3H6_11_16": 645.5367416343324,
    "loss_C3H3_11_13": 577.7791752768809,
    "loss_C3_11_14": 758.6295437953122,
    "loss_C4H_11_15": 739.1272191372858,
    "loss_C2H_11_12": 115.47605016626011,
    "loss_C3H_11_10": 199.9938216614957,
    "ArStar_CH4_CH3_H_cm3_3_1": 7.836026797839187e-11,
    "e_CH4Plus_CH3_H_cm3_6_4": 4.272844181239469e-07,
    "e_CH4_CH_H2_H_vib_cm3_1_3": 3.7586128000689995e-11,
    "stick_C2_9_9": 4695.112368873542,
    "stick_CH_9_3": 2462.256437659115,
    "stick_C_9_10": 5329.1586350977905,
    "loss_CH2_11_1": 4308.768790331092,
    "stick_CH3_9_2": 5761.035397672295,
    "e_Ar_ArStar_cm3_1_7": 1.7129263574330557e-10,
    "stick_C4H_9_24": 1275.2095476471106,
    "stick_C2H2_9_11": 1857.322292704301,
    "stick_C2H6_9_14": 629.9070909763784,
    "stick_C4H2_9_20": 1694.0738503144064,
    "stick_C3H4_9_22": 944.2878834895112,
    "stick_C2H5_9_17": 1148.182289182891,
    "stick_C3H6_9_25": 1595.4572108906052,
    "stick_H2_9_16": 929.4163481195271,
    "loss_C_11_8": 1598.9412054962615,
    "stick_C3_9_23": 608.6166872089428,
    "stick_C3H3_9_21": 824.95397112719,
    "stick_C3H_9_19": 1881.2250931215672,
    "stick_C2H4_9_12": 1095.2096640786556,
    "e_CH4_CH4Plus_cm3_2_2": 1.3151960434379556e-11
  },
  "target_densities": {
    "H": 29272379887595.207,
    "CH": 11800834315.158714,
    "C2": 72886717682.82631
  },
  "all_densities": {
    "e": 1860709590.4664516,
    "Ar": 1.0260006290377222e+16,
    "CH4": 1810589345360686.2,
    "ArPlus": 213310347.30143183,
    "CH4Plus": 93400316.01579133,
    "CH3Plus": 82261500.55529138,
    "CH5Plus": 79724609.19042198,
    "ArHPlus": 79133892.36272094,
    "CH3Minus": 13853.137342165055,
    "H": 29272379887595.207,
    "C2": 72886717682.82631,
    "CH": 11800834315.158714,
    "H2": 78364753541262.4,
    "ArStar": 1618667207.3395717,
    "C2H4": 207616317261.50693,
    "C2H6": 5246866242541.827,
    "CH2": 1094772801930.147,
    "C2H2": 2183536051762.703,
    "C2H5": 1118649202185.0159,
    "CH3": 24370169389270.656,
    "C": 50362153431.88406,
    "H3Plus": 74160.19635594613,
    "C2H3": 14249983021.980114,
    "C3H2": 2573717515.4054146,
    "CHPlus": 298.6997342401777,
    "C3H": 1237397213.027869,
    "C4H2": 644370.9253548172,
    "C2H": 926149815.0948436,
    "C3H3": 11988145.362309083,
    "C3H4": 152446868.57364166,
    "C3": 2010449522.7709634,
    "C3H5": 1320099389.1769845,
    "C4H": 1507792.2656302329,
    "C3H6": 4769964087.843572,
    "CH2Plus": 24099.872970498895,
    "C2H5Plus": 39911760.60698128,
    "C2H4Plus": 3721.1934605603565,
    "C2H3Plus": 2480.795640373571,
    "HMinus": 807440448.6964457,
    "C2HPlus": 25793.33966897642,
    "H2Plus": 3097581.06448113,
    "C2H2Star": 44618723.573433444
  }
}