{
  "pressure_mTorr": 500.0,
  "n_total": 1.2070595635737908e+16,
  "Te": 1.4801655584470927,
  "Ne": 2823751290.980729,
  "E_field": 194.46974875644491,
  "n_i_total": 1384109515.7627554,
  "Ni_over_Ne": 0.4901669350922313,
  "charge_imbalance_pct": 50.98330649077687,
  "rate_values": {
    "loss_C2_11_3": 131.52674077842698,
    "e_CH4_CH3_HMinus_cm3_8_1": 5.365679127504031e-13,
    "loss_C2H2Star_11_25": 538.8595189299785,
    "e_CH4Plus_CH2_H2_cm3_6_9": 1.3031407862550774e-06,
    "e_CH_CHPlus_2e_cm3_2_10": 1.751534488880682e-11,
    "loss_C3H4_11_18": 1134.657403972462,
    "e_CH4Plus_CH_H2_H_cm3_6_11": 7.900507614818346e-07,
    "loss_C3H6_11_16": 160.66695142568307,
    "loss_C3H_11_10": 599.7182268345418,
    "loss_C3H3_11_13": 211.36115260520444,
    "loss_C3_11_14": 344.0679073556761,
    "loss_C4H_11_15": 148.19502359363372,
    "loss_C4H2_11_11": 777.9358284468854,
    "loss_C2H_11_12": 754.034540400763,
    "loss_CH_11_9": 4823.061689304002,
    "stick_ArStar_9_5": 336.3431468345274,
    "e_CH4Plus_C_2H2_cm3_6_13": 8.12745846895084e-08,
    "ArStar_CH4_CH3_H_cm3_3_1": 2.1795546746153712e-10,
    "e_CH4Plus_CH3_H_cm3_6_4": 1.5398113831965118e-07,
    "e_CH4_CH_H2_H_vib_cm3_1_3": 8.673035375859063e-11,
    "stick_C_9_10": 1564.2527860819941,
    "stick_CH_9_3": 2711.4718641630297,
    "stick_H_9_1": 432.74627472748506,
    "stick_C2_9_9": 1292.1435036299677,
    "loss_CH2_11_1": 1666.9975935381765,
    "stick_CH3_9_2": 2088.265114189893,
    "e_Ar_ArStar_cm3_1_7": 1.6112412803926816e-10,
    "stick_C2H5_9_17": 1859.4536797083874,
    "stick_C2H2_9_11": 594.9529201384355,
    "stick_H2_9_16": 493.3958093321962,
    "stick_C2H6_9_14": 1497.959094899271,
    "stick_C4H_9_24": 1098.6427709917693,
    "stick_C3H_9_19": 864.6611601826629,
    "stick_C3H4_9_22": 972.7369398579596,
    "stick_C3_9_23": 1492.3923459623961,
    "loss_C_11_8": 1397.83144049551,
    "stick_C3H6_9_25": 1401.640301348025,
    "stick_C2H4_9_12": 759.0287044134103,
    "stick_C3H3_9_21": 1542.4287866295722,
    "stick_C4H2_9_20": 876.240973045998
  },
  "target_densities": {
    "H": 10509831673031.967,
    "CH": 6204903214.86115,
    "C2": 93912294395.2684
  },
  "all_densities": {
    "e": 2823751290.980729,
    "Ar": 1.0260006290377222e+16,
    "CH4": 1810589345360686.2,
    "ArPlus": 340210375.24609435,
    "CH4Plus": 289255307.4543615,
    "CH3Plus": 159224199.45741996,
    "CH5Plus": 275604389.86369497,
    "ArHPlus": 161120626.69123027,
    "CH3Minus": 31679.46339849222,
    "H": 10509831673031.967,
    "C2": 93912294395.2684,
    "CH": 6204903214.86115,
    "H2": 34050530316844.258,
    "ArStar": 2071256152.7797697,
    "C2H4": 362044539069.54987,
    "C2H6": 1496087060104.545,
    "CH2": 858304949102.4695,
    "C2H2": 2013405309727.8765,
    "C2H5": 467013354526.8791,
    "CH3": 17296442938173.217,
    "C": 34197013735.01377,
    "H3Plus": 325587.5984905439,
    "C2H3": 5471630225.355574,
    "C3H2": 1248523810.974047,
    "CHPlus": 141.64988687100163,
    "C3H": 852763558.0313962,
    "C4H2": 319876.04577515944,
    "C2H": 1205591739.3189285,
    "C3H3": 1935861.0296654971,
    "C3H4": 117258379.48030366,
    "C3": 743736133.1010395,
    "C3H5": 289777266.4886922,
    "C4H": 621329.3695608234,
    "C3H6": 1143407823.8899782,
    "CH2Plus": 63891.20048737884,
    "C2H5Plus": 134767120.30323553,
    "C2H4Plus": 17200.605121501427,
    "C2H3Plus": 11467.070081000953,
    "HMinus": 699978369.6143765,
    "C2HPlus": 62980.14897100708,
    "H2Plus": 23446228.47368036,
    "C2H2Star": 464344934.7348607
  }
}