{
  "pressure_mTorr": 500.0,
  "n_total": 1.2070595635737908e+16,
  "Te": 1.0601939992530238,
  "Ne": 2734807497.9970584,
  "E_field": 207.4522051896259,
  "n_i_total": 1072980844.9884642,
  "Ni_over_Ne": 0.3923423662449014,
  "charge_imbalance_pct": 60.76576337550986,
  "rate_values": {
    "loss_C2_11_3": 951.2707523226164,
    "e_CH4_CH3_HMinus_cm3_8_1": 9.09889231283234e-13,
    "loss_C2H2Star_11_25": 8068.999775190107,
    "stick_H_9_1": 3597.0525963139253,
    "e_CH4Plus_CH2_H2_cm3_6_9": 1.6530281554771369e-06,
    "loss_C3H4_11_18": 1381.4159157257604,
    "e_CH4Plus_CH_H2_H_cm3_6_11": 2.1357460414451626e-07,
    "loss_C4H2_11_11": 261.4824169633358,
    "loss_CH_11_9": 2476.850545600218,
    "stick_ArStar_9_5": 348.8970061760842,
    "e_CH4Plus_C_2H2_cm3_6_13": 1.5907195051369773e-08,
    "loss_C3H6_11_16": 702.3799435428176,
    "loss_C3H3_11_13": 617.4414417688644,
    "loss_C3_11_14": 876.4644817289588,
    "loss_C4H_11_15": 498.3100172081315,
    "loss_C2H_11_12": 846.2167840306219,
    "loss_C3H_11_10": 838.3498730937447,
    "ArStar_CH4_CH3_H_cm3_3_1": 3.626948969052059e-10,
    "e_CH4Plus_CH3_H_cm3_6_4": 4.047520500512197e-07,
    "e_CH4_CH_H2_H_vib_cm3_1_3": 5.4605483439486814e-11,
    "stick_C2_9_9": 5217.782433916249,
    "stick_CH_9_3": 1549.3683784501986,
    "stick_C_9_10": 4555.89246656788,
    "loss_CH2_11_1": 5542.498886005913,
    "stick_CH3_9_2": 5259.38093489836,
    "e_Ar_ArStar_cm3_1_7": 1.7971844308744053e-10,
    "stick_C4H_9_24": 1163.9806538397745,
    "stick_C2H2_9_11": 1681.109139573514,
    "stick_C2H6_9_14": 1544.8985648693622,
    "stick_C4H2_9_20": 1454.8464364341642,
    "stick_C3H4_9_22": 823.2271185067405,
    "stick_C2H5_9_17": 1259.6758984137728,
    "stick_C3H6_9_25": 869.984493807523,
    "stick_H2_9_16": 265.3828034376412,
    "loss_C_11_8": 1312.0310453617938,
    "stick_C3_9_23": 683.0698076258117,
    "stick_C3H3_9_21": 785.982090737579,
    "stick_C3H_9_19": 785.0640603593861,
    "stick_C2H4_9_12": 1712.6400515416553,
    "e_CH4_CH4Plus_cm3_2_2": 1.0656762575440412e-11
  },
  "target_densities": {
    "H": 29545126574471.305,
    "CH": 15254837801.20725,
    "C2": 88761025971.48727
  },
  "all_densities": {
    "e": 2734807497.9970584,
    "Ar": 1.0260006290377222e+16,
    "CH4": 1810589345360686.2,
    "ArPlus": 293062448.14770055,
    "CH4Plus": 199651470.83261785,
    "CH3Plus": 125690634.37426741,
    "CH5Plus": 214590251.57351193,
    "ArHPlus": 139273622.451927,
    "CH3Minus": 27912.8030036863,
    "H": 29545126574471.305,
    "C2": 88761025971.48727,
    "CH": 15254837801.20725,
    "H2": 103102750655405.73,
    "ArStar": 1983452510.2212572,
    "C2H4": 204873533182.62323,
    "C2H6": 3282236461717.7124,
    "CH2": 1068756667331.8628,
    "C2H2": 2595020733029.67,
    "C2H5": 1088513274478.625,
    "CH3": 25922297125636.35,
    "C": 58454681162.22475,
    "H3Plus": 33692.81547078675,
    "C2H3": 19601900729.060463,
    "C3H2": 3952632360.7586384,
    "CHPlus": 170.04561141863178,
    "C3H": 2436190540.60125,
    "C4H2": 2165301.3334910357,
    "C2H": 1071833153.3866173,
    "C3H3": 21306740.929670896,
    "C3H4": 155936526.54540044,
    "C3": 2712007730.151531,
    "C3H5": 1660509344.6632411,
    "C4H": 3627329.8407651484,
    "C3H6": 6251805552.29563,
    "CH2Plus": 58871.63675783308,
    "C2H5Plus": 99730074.32140864,
    "C2H4Plus": 5505.123587203184,
    "C2H3Plus": 3670.082391468788,
    "HMinus": 1335576219.7576835,
    "C2HPlus": 48326.14018625526,
    "H2Plus": 832107.443025608,
    "C2H2Star": 38273148.07589747
  }
}