{
  "pressure_mTorr": 500.0,
  "n_total": 1.2070595635737908e+16,
  "Te": 1.0601939992530238,
  "Ne": 2815077897.0993176,
  "E_field": 207.4522051896259,
  "n_i_total": 822188514.8764421,
  "Ni_over_Ne": 0.29206599068666367,
  "charge_imbalance_pct": 70.79340093133364,
  "rate_values": {
    "loss_C2_11_3": 951.2707523226164,
    "e_CH4_CH3_HMinus_cm3_8_1": 9.09889231283234e-13,
    "loss_C2H2Star_11_25": 8068.999775190107,
    "e_CH4Plus_CH2_H2_cm3_6_9": 2.7758449945409984e-06,
    "e_CH_CHPlus_2e_cm3_2_10": 1.385264680394872e-11,
    "loss_C3H4_11_18": 1381.4159157257604,
    "e_CH4Plus_CH_H2_H_cm3_6_11": 2.1357460414451626e-07,
    "loss_C4H_11_15": 261.4824169633358,
    "stick_ArStar_9_5": 176.84712895585554,
    "loss_C3H_11_10": 488.65126915417954,
    "loss_C3H3_11_13": 159.07195051369774,
    "loss_C3_11_14": 702.3799435428176,
    "ArStar_CH4_CH3_H_cm3_3_1": 3.087207208844322e-10,
    "loss_C3H6_11_16": 876.4644817289588,
    "loss_C2H_11_12": 498.3100172081315,
    "e_CH4Plus_C_2H2_cm3_6_13": 8.462167840306219e-08,
    "loss_C4H2_11_11": 838.3498730937447,
    "loss_CH_11_9": 7253.897938104117,
    "e_CH4Plus_CH3_H_cm3_6_4": 4.047520500512197e-07,
    "e_CH4_CH_H2_H_vib_cm3_1_3": 5.4605483439486814e-11,
    "stick_C2_9_9": 5217.782433916249,
    "stick_CH_9_3": 1549.3683784501986,
    "stick_C_9_10": 4555.89246656788,
    "stick_H_9_1": 458.799079586411,
    "loss_CH2_11_1": 5453.898250121012,
    "stick_CH3_9_2": 5810.708621885537,
    "e_Ar_ArStar_cm3_1_7": 1.0197152769171227e-10,
    "stick_C4H2_9_20": 1681.109139573514,
    "stick_C3H4_9_22": 1931.1232060867028,
    "stick_C2H5_9_17": 1454.8464364341642,
    "stick_C2H6_9_14": 658.5816948053923,
    "stick_C2H2_9_11": 1259.6758984137728,
    "stick_C3H3_9_21": 869.984493807523,
    "stick_H2_9_16": 265.3828034376412,
    "stick_C3_9_23": 1312.0310453617938,
    "stick_C3H6_9_25": 683.0698076258117,
    "stick_C2H4_9_12": 785.982090737579,
    "loss_C_11_8": 785.0640603593861,
    "stick_C4H_9_24": 1712.6400515416553,
    "stick_C3H_9_19": 534.6881641957965
  },
  "target_densities": {
    "H": 41254296510292.46,
    "CH": 12985890222.769451,
    "C2": 194060426490.5751
  },
  "all_densities": {
    "e": 2815077897.0993176,
    "Ar": 1.0260006290377222e+16,
    "CH4": 1810589345360686.2,
    "ArPlus": 218632679.41643476,
    "CH4Plus": 162879171.5028026,
    "CH3Plus": 95576177.89162298,
    "CH5Plus": 162873333.87978846,
    "ArHPlus": 104808397.69934101,
    "CH3Minus": 35476.110919786115,
    "H": 41254296510292.46,
    "C2": 194060426490.5751,
    "CH": 12985890222.769451,
    "H2": 145709037753370.4,
    "ArStar": 1196252907.0176435,
    "C2H4": 791726812502.0364,
    "C2H6": 8830105978279.254,
    "CH2": 1519300516661.197,
    "C2H2": 4552601957280.738,
    "C2H5": 1694099949611.1875,
    "CH3": 32013610637172.92,
    "C": 121024112662.42046,
    "H3Plus": 66707.42301370061,
    "C2H3": 19987697020.491913,
    "C3H2": 5904291676.16631,
    "CHPlus": 219.12934736250693,
    "C3H": 5769802403.812685,
    "C4H2": 2973893.2146255234,
    "C2H": 1323557861.3767254,
    "C3H3": 25222915.6861548,
    "C3H4": 341411974.4718399,
    "C3": 3185034453.673347,
    "C3H5": 2199939597.205014,
    "C4H": 3883876.7489420976,
    "C3H6": 12379696696.514364,
    "CH2Plus": 63638.17251840877,
    "C2H5Plus": 75992440.7902157,
    "C2H4Plus": 21898.574168365445,
    "C2H3Plus": 14599.04944557696,
    "HMinus": 1296853476.6415868,
    "C2HPlus": 87269.04796096012,
    "H2Plus": 1171982.2997821006,
    "C2H2Star": 40496196.38832858
  }
}