{
  "pressure_mTorr": 500.0,
  "n_total": 1.2070595635737908e+16,
  "Te": 1.0047180939931488,
  "Ne": 1779526489.6791768,
  "E_field": 103.11060717767668,
  "n_i_total": 533750569.3957765,
  "Ni_over_Ne": 0.2999396595057172,
  "charge_imbalance_pct": 70.00603404942828,
  "rate_values": {
    "loss_C2_11_3": 1172.2591554159571,
    "e_CH4_CH3_HMinus_cm3_8_1": 4.534582514960947e-13,
    "loss_C2H2Star_11_25": 8610.730574594423,
    "stick_H_9_1": 3611.7926775100677,
    "e_CH4Plus_CH2_H2_cm3_6_9": 2.8819526806525135e-06,
    "loss_C3H4_11_18": 498.26276735325735,
    "e_CH4Plus_CH_H2_H_cm3_6_11": 8.149047612673753e-07,
    "loss_C4H2_11_11": 245.10784857654414,
    "loss_CH_11_9": 8864.694152887845,
    "stick_ArStar_9_5": 98.09978416266864,
    "e_CH4Plus_C_2H2_cm3_6_13": 8.432757422296705e-08,
    "loss_C3H6_11_16": 498.73447147130435,
    "loss_C3H3_11_13": 567.0702735066495,
    "loss_C3_11_14": 175.12011322753153,
    "loss_C4H_11_15": 680.5561337028494,
    "loss_C2H_11_12": 913.8105024520693,
    "loss_C3H_11_10": 378.373937431433,
    "ArStar_CH4_CH3_H_cm3_3_1": 8.606483752075753e-11,
    "e_CH4Plus_CH3_H_cm3_6_4": 7.336509155952746e-07,
    "e_CH4_CH_H2_H_vib_cm3_1_3": 2.6122712053759616e-11,
    "stick_C2_9_9": 4023.3634562131647,
    "stick_CH_9_3": 2248.519805440892,
    "stick_C_9_10": 3620.609948724199,
    "loss_CH2_11_1": 5635.235809457226,
    "stick_CH3_9_2": 5714.0710155454635,
    "e_Ar_ArStar_cm3_1_7": 5.040869838464649e-11,
    "stick_C4H_9_24": 1024.1198516391046,
    "stick_C2H2_9_11": 1276.8693430228525,
    "stick_C2H6_9_14": 1176.264594935512,
    "stick_C4H2_9_20": 717.3559478864977,
    "stick_C3H4_9_22": 955.5347560352636,
    "stick_C2H5_9_17": 1522.1260442715516,
    "stick_C3H6_9_25": 1982.4695220405838,
    "stick_H2_9_16": 883.6219139407099,
    "loss_C_11_8": 1598.5677860524074,
    "stick_C3_9_23": 1533.8486787270103,
    "stick_C3H3_9_21": 680.678002140121,
    "stick_C3H_9_19": 1206.316443618344,
    "stick_C2H4_9_12": 521.5110911083013,
    "e_CH4_CH4Plus_cm3_2_2": 2.1001762110798195e-11
  },
  "target_densities": {
    "H": 29281396258901.383,
    "CH": 10356325121.999256,
    "C2": 100083267213.96431
  },
  "all_densities": {
    "e": 1779526489.6791768,
    "Ar": 1.0260006290377222e+16,
    "CH4": 1810589345360686.2,
    "ArPlus": 81736017.2291002,
    "CH4Plus": 140899779.82643726,
    "CH3Plus": 43147718.28914954,
    "CH5Plus": 149766618.0675382,
    "ArHPlus": 48877134.31386802,
    "CH3Minus": 31783.392532424044,
    "H": 29281396258901.383,
    "C2": 100083267213.96431,
    "CH": 10356325121.999256,
    "H2": 79497276580595.5,
    "ArStar": 452516017.8383887,
    "C2H4": 226498129352.53198,
    "C2H6": 3563392874739.2993,
    "CH2": 951466729964.8485,
    "C2H2": 2638913040876.246,
    "C2H5": 815924785877.8732,
    "CH3": 24451461737616.285,
    "C": 60049133458.06498,
    "H3Plus": 14193.987796953174,
    "C2H3": 12646170510.016865,
    "C3H2": 2730116744.337275,
    "CHPlus": 84.33645890647068,
    "C3H": 1723465541.09992,
    "C4H2": 1854487.3631388096,
    "C2H": 724063776.2405801,
    "C3H3": 10496336.152585473,
    "C3H4": 177483937.91422415,
    "C3": 1720477943.6288095,
    "C3H5": 844998235.7648883,
    "C4H": 1658612.9486477894,
    "C3H6": 2614646622.26965,
    "CH2Plus": 36198.494450005775,
    "C2H5Plus": 68881066.77475646,
    "C2H4Plus": 4488.712059111591,
    "C2H3Plus": 2992.474706074395,
    "HMinus": 393194812.07566947,
    "C2HPlus": 34509.94068286516,
    "H2Plus": 349766.9487728538,
    "C2H2Star": 8320899.67512675
  }
}