{
  "pressure_mTorr": 500.0,
  "n_total": 1.2070595635737908e+16,
  "Te": 1.051108133639706,
  "Ne": 2393904497.0939097,
  "E_field": 27.654505743246176,
  "n_i_total": 6318958447.610959,
  "Ni_over_Ne": 2.6396033990837497,
  "charge_imbalance_pct": 163.960339908375,
  "rate_values": {
    "loss_C2_11_3": 1447.2502683445696,
    "e_CH4_CH3_HMinus_cm3_8_1": 7.502404542591788e-14,
    "loss_C2H2Star_11_25": 4879.554631148483,
    "e_CH4Plus_CH2_H2_cm3_6_9": 1.6360303106623977e-06,
    "e_CH_CHPlus_2e_cm3_2_10": 1.2852766220626169e-11,
    "loss_C3H4_11_18": 1427.3339905930002,
    "e_CH4Plus_CH_H2_H_cm3_6_11": 9.831644619308025e-07,
    "loss_C3H_11_10": 714.6830038719581,
    "loss_C3_11_14": 998.543669762535,
    "e_CH4Plus_C_2H2_cm3_6_13": 2.7688512977014352e-08,
    "loss_C4H2_11_11": 556.3274408178412,
    "loss_C3H6_11_16": 492.9398693111314,
    "stick_ArStar_9_5": 344.02240871288456,
    "loss_C3H3_11_13": 340.71004385949016,
    "loss_C2H_11_12": 861.2168096090209,
    "ArStar_CH4_CH3_H_cm3_3_1": 1.448142883708603e-10,
    "loss_CH_11_9": 7439.194471070956,
    "loss_C4H_11_15": 946.0513624873042,
    "e_CH4Plus_CH3_H_cm3_6_4": 1.8593951196978804e-07,
    "e_CH4_CH_H2_H_vib_cm3_1_3": 3.105626471228119e-11,
    "stick_CH_9_3": 5348.678278380603,
    "stick_H_9_1": 318.61620950709676,
    "stick_C2_9_9": 5217.484351033314,
    "stick_C_9_10": 5936.199795540599,
    "loss_CH2_11_1": 1875.5843508435469,
    "stick_CH3_9_2": 4769.943823063193,
    "e_Ar_ArStar_cm3_1_7": 1.6934337927807757e-10,
    "stick_C4H_9_24": 1482.7382878109865,
    "stick_C2H4_9_12": 507.65524347822793,
    "stick_C3H4_9_22": 1301.0566002145722,
    "stick_H2_9_16": 501.93916136974394,
    "stick_C2H6_9_14": 641.8754985064877,
    "stick_C2H2_9_11": 1041.7252252183964,
    "stick_C3H_9_19": 1665.0035218464113,
    "stick_C3H3_9_21": 1810.664614143836,
    "stick_C3_9_23": 1041.0153472249074,
    "stick_C3H6_9_25": 635.2686647740559,
    "stick_C2H5_9_17": 1149.986499193344,
    "loss_C_11_8": 632.319996413485,
    "stick_C4H2_9_20": 861.4737178790047
  },
  "target_densities": {
    "H": 14216364591426.018,
    "CH": 2704328001.5792575,
    "C2": 20938859286.74002
  },
  "all_densities": {
    "e": 2393904497.0939097,
    "Ar": 1.0260006290377222e+16,
    "CH4": 1810589345360686.2,
    "ArPlus": 338517646.1667075,
    "CH4Plus": 1665395172.6692145,
    "CH3Plus": 202149065.36607966,
    "CH5Plus": 2662444855.062338,
    "ArHPlus": 249384471.30954897,
    "CH3Minus": 101886.56871465595,
    "H": 14216364591426.018,
    "C2": 20938859286.74002,
    "CH": 2704328001.5792575,
    "H2": 43787006001781.47,
    "ArStar": 1959050882.8051524,
    "C2H4": 185082172534.49814,
    "C2H6": 1923274845797.1323,
    "CH2": 681200625631.0442,
    "C2H2": 1132994407650.0713,
    "C2H5": 447032870145.54333,
    "CH3": 14823045358954.795,
    "C": 15468402700.207499,
    "H3Plus": 49006.51463252409,
    "C2H3": 2046033241.3665123,
    "C3H2": 306316012.32713246,
    "CHPlus": 265.76971804057143,
    "C3H": 128741340.94206733,
    "C4H2": 24556.251145294635,
    "C2H": 152190233.86007416,
    "C3H3": 257191.13898667466,
    "C3H4": 20179485.80423082,
    "C3": 155780713.51493883,
    "C3H5": 120892350.83609372,
    "C4H": 34106.65758422614,
    "C3H6": 813622886.699211,
    "CH2Plus": 452713.3335146561,
    "C2H5Plus": 1198681262.2026258,
    "C2H4Plus": 29791.476182055,
    "C2H3Plus": 19860.98412137,
    "HMinus": 249962840.78230467,
    "C2HPlus": 123731.78119824085,
    "H2Plus": 1710604.9750773043,
    "C2H2Star": 27292577.24077685
  }
}