{
  "pressure_mTorr": 500.0,
  "n_total": 1.2070595635737908e+16,
  "Te": 1.27850718817647,
  "Ne": 2597393357.6509795,
  "E_field": 356.47739067439045,
  "n_i_total": 663768144.0588849,
  "Ni_over_Ne": 0.2555516445376533,
  "charge_imbalance_pct": 74.44483554623467,
  "rate_values": {
    "loss_C2_11_3": 168.87771504917816,
    "e_CH4_CH3_HMinus_cm3_8_1": 9.060070549609984e-14,
    "loss_C2H2Star_11_25": 6744.923519386415,
    "e_CH4Plus_CH2_H2_cm3_6_9": 9.361559203663297e-07,
    "e_CH_CHPlus_2e_cm3_2_10": 2.9525528267381145e-12,
    "loss_C3H4_11_18": 884.3133614084268,
    "e_CH4Plus_CH_H2_H_cm3_6_11": 3.191346234398426e-07,
    "loss_C3_11_14": 341.051167276045,
    "loss_CH_11_9": 8160.7281485323565,
    "loss_C2H_11_12": 771.039592735979,
    "ArStar_CH4_CH3_H_cm3_3_1": 4.787998741161667e-10,
    "loss_C4H2_11_11": 409.6641860726861,
    "loss_C3H3_11_13": 365.54359059985677,
    "stick_ArStar_9_5": 475.5782896234094,
    "loss_C3H6_11_16": 721.4052916345154,
    "loss_C3H_11_10": 522.8250929951598,
    "e_CH4Plus_C_2H2_cm3_6_13": 5.532624122645863e-08,
    "loss_C4H_11_15": 417.7246505505467,
    "e_CH4Plus_CH3_H_cm3_6_4": 7.371946014080767e-07,
    "e_CH4_CH_H2_H_vib_cm3_1_3": 2.1171680824182816e-11,
    "stick_C2_9_9": 5081.140066395312,
    "stick_CH_9_3": 5766.632879639328,
    "stick_H_9_1": 385.617797649322,
    "stick_C_9_10": 3751.8575155711183,
    "loss_CH2_11_1": 2268.3724181706903,
    "stick_CH3_9_2": 2583.5615096736537,
    "e_Ar_ArStar_cm3_1_7": 1.652394620368565e-10,
    "e_C2H4_C2H2_H_H_cm3_1_17": 5.950214612865548e-11,
    "C_CH3_C2_H2_H_cm3_7_8": 8.116712719017135e-11,
    "C2_H_CH_C_cm3_7_6": 8.781983377197053e-11,
    "CH3_CH3_C2H2_H2_H2_cm3_7_49": 9.715789927736365e-12,
    "CH2_H_CH_H2_cm3_7_1": 1.9450716556060054e-11,
    "C2H2_H_C2_H2_H_cm3_7_50": 8.110354114835568e-12,
    "CH3_C2H5_C2H2_CH3_H2_cm3_7_61": 1.053795230160161e-11,
    "e_CH4_CH3_H_cm3_1_1": 4.6339341416522906e-11,
    "C2HPlus_e_C2_H_cm3_6_18": 2.5553980356711095e-07,
    "CH_CH4_C2H4_H_cm3_7_20": 5.567646592916264e-11,
    "e_C2H4_C2H2_H2_cm3_1_15": 1.1214843580425941e-10,
    "e_CH4_CH2_H2_cm3_1_2": 5.3486155002500384e-11,
    "C_CH_C2_H_cm3_7_4": 1.1207442738787984e-10,
    "CH_CH4_CH2_CH3_cm3_7_39": 1.1869682665252283e-11,
    "CH2_CH3_C2H2_H_H2_cm3_7_62": 1.19008108936656e-11,
    "C2H2_C_C2_CH2_cm3_7_19": 1.109289916608566e-10,
    "CH_C_C2_H_cm3_7_9": 1.1830864785986208e-10,
    "e_C2H4_C2H2_H2_cm3_1_6": 3.002487290253955e-11,
    "CH_CH_C2_H2_cm3_5_4": 1.67497069301633e-10,
    "CH2_C2H3_C2H2_CH3_cm3_7_53": 1.0033825721296042e-10,
    "C_H_CH_cm3_7_12": 8.416906297636958e-11,
    "e_C2H2_C2_H2_cm3_1_16": 6.004526130928275e-11,
    "CH_H_C_H2_cm3_7_3": 9.957327421363033e-11,
    "C2H_H_C2_H2_cm3_7_47": 9.420443173450926e-11,
    "CH2_CH2_C2H2_H2_cm3_7_15": 8.413066400580192e-11,
    "CH_CH3_C2H4_cm3_7_5": 8.338265211892297e-11
  },
  "target_densities": {
    "H": 10473589927881.846,
    "CH": 3524945363.208416,
    "C2": 24964578842.20464
  },
  "all_densities": {
    "e": 2597393357.6509795,
    "Ar": 1.0260006290377222e+16,
    "CH4": 1810589345360686.2,
    "ArPlus": 238209806.3969583,
    "CH4Plus": 122013098.3297661,
    "CH3Plus": 92257458.12958898,
    "CH5Plus": 82673804.36800426,
    "ArHPlus": 83919929.31822404,
    "CH3Minus": 12236.336006937283,
    "H": 10473589927881.846,
    "C2": 24964578842.20464,
    "CH": 3524945363.208416,
    "H2": 31555261753622.46,
    "ArStar": 1616155911.0587037,
    "C2H4": 221317667275.94598,
    "C2H6": 2810501900455.2446,
    "CH2": 664620093295.8909,
    "C2H2": 1711869557669.4465,
    "C2H5": 316284772010.4035,
    "CH3": 15913229127300.88,
    "C": 16492782917.516602,
    "H3Plus": 18729.654118069968,
    "C2H3": 2877627832.9410458,
    "C3H2": 603212037.0251614,
    "CHPlus": 6.815011767170678,
    "C3H": 340306955.27372974,
    "C4H2": 72277.47842762522,
    "C2H": 506707544.90352064,
    "C3H3": 627867.9786658504,
    "C3H4": 40207120.898133054,
    "C3": 390323349.765385,
    "C3H5": 111488654.05515027,
    "C4H": 127496.43487259233,
    "C3H6": 877695594.9603558,
    "CH2Plus": 15638.14992203449,
    "C2H5Plus": 42634813.609104335,
    "C2H4Plus": 5277.095491905654,
    "C2H3Plus": 3518.0636612704366,
    "HMinus": 217201554.42076033,
    "C2HPlus": 26903.549982555553,
    "H2Plus": 1989160.5790513179,
    "C2H2Star": 24610936.773147628
  }
}