{
  "pressure_mTorr": 500.0,
  "n_total": 1.2070595635737908e+16,
  "Te": 1.0832066346987148,
  "Ne": 2315765643.1212015,
  "E_field": 17.600179189253083,
  "n_i_total": 5877750538.0592985,
  "Ni_over_Ne": 2.5381456692384616,
  "charge_imbalance_pct": 153.81456692384617,
  "rate_values": {
    "loss_C2_11_3": 133.0229400808073,
    "e_CH4_CH3_HMinus_cm3_8_1": 3.1027097941991006e-13,
    "loss_C2H2Star_11_25": 2361.92745736286,
    "e_CH4Plus_CH2_H2_cm3_6_9": 1.1027049087747205e-06,
    "e_CH_CHPlus_2e_cm3_2_10": 1.3681675205527028e-11,
    "loss_C3H4_11_18": 763.7623885045793,
    "e_CH4Plus_CH_H2_H_cm3_6_11": 4.6254692024708276e-07,
    "loss_C3H6_11_16": 540.1380209422771,
    "loss_C3_11_14": 139.1605175943277,
    "loss_C4H_11_15": 789.5310542074204,
    "loss_C2H_11_12": 618.6427429128662,
    "loss_CH_11_9": 3888.6119423697673,
    "ArStar_CH4_CH3_H_cm3_3_1": 2.6438209964685056e-10,
    "e_CH4Plus_C_2H2_cm3_6_13": 9.628305423505037e-08,
    "loss_C3H3_11_13": 762.0810315571599,
    "loss_C4H2_11_11": 913.9093262581812,
    "stick_ArStar_9_5": 579.4513548262191,
    "loss_C3H_11_10": 619.9069245069811,
    "e_CH4Plus_CH3_H_cm3_6_4": 6.20849303841773e-07,
    "e_CH4_CH_H2_H_vib_cm3_1_3": 4.496131966209661e-11,
    "stick_CH_9_3": 3996.8183055115537,
    "stick_C2_9_9": 3794.809973986497,
    "stick_C_9_10": 4272.263562274732,
    "stick_H_9_1": 478.4658457189222,
    "loss_CH2_11_1": 1296.3041248881482,
    "stick_CH3_9_2": 3950.708432732473,
    "e_Ar_ArStar_cm3_1_7": 5.065521128495889e-11,
    "C2H2_H_C2_H2_H_cm3_7_50": 1.0608071229135447e-11,
    "e_CH4_CH2_H2_cm3_1_2": 3.861759243598769e-11,
    "C_CH3_C2_H2_H_cm3_7_8": 1.0020221816188885e-10,
    "CH2_CH3_C2H2_H_H2_cm3_7_62": 9.880563938784216e-12,
    "C2H2_C_C2_CH2_cm3_7_19": 1.0598433809317696e-10,
    "C_H_CH_cm3_7_12": 1.0947532937603694e-10,
    "CH_CH3_C2H4_cm3_7_5": 1.1018251693707481e-10,
    "e_CH4_CH3_H_cm3_1_1": 8.90119474543463e-11,
    "CH2_CH2_C2H2_H2_cm3_7_15": 8.187024363175749e-11,
    "CH2_C2H3_C2H2_CH3_cm3_7_53": 9.625238943774797e-11,
    "CH_CH_C2_H2_cm3_5_4": 1.3977070866691927e-10,
    "CH3_CH3_C2H2_H2_H2_cm3_7_49": 1.1172515797491536e-11,
    "CH3_C2H5_C2H2_CH3_H2_cm3_7_61": 9.014382810534484e-12,
    "CH_C_C2_H_cm3_7_9": 9.936569363293312e-11,
    "CH_CH4_CH2_CH3_cm3_7_39": 9.16885516788247e-12,
    "CH2_H_CH_H2_cm3_7_1": 1.4420497875427875e-11,
    "C2_H_CH_C_cm3_7_6": 9.572335431694909e-11,
    "CH_H_C_H2_cm3_7_3": 1.084140624312841e-10,
    "C2HPlus_e_C2_H_cm3_6_18": 2.1320844327680185e-07,
    "C_CH_C2_H_cm3_7_4": 9.180859779308877e-11,
    "e_C2H2_C2_H2_cm3_1_16": 7.620127776561821e-11,
    "C2H_H_C2_H2_cm3_7_47": 1.189896827827173e-10,
    "CH_CH4_C2H4_H_cm3_7_20": 6.801050329257756e-11
  },
  "target_densities": {
    "H": 10209223182126.531,
    "CH": 3097225343.0533085,
    "C2": 26579495165.676727
  },
  "all_densities": {
    "e": 2315765643.1212015,
    "Ar": 1.0260006290377222e+16,
    "CH4": 1810589345360686.2,
    "ArPlus": 204654638.73917636,
    "CH4Plus": 1601311122.069539,
    "CH3Plus": 130144034.42289932,
    "CH5Plus": 2572929328.590349,
    "ArHPlus": 154312871.07337308,
    "CH3Minus": 133568.62660351227,
    "H": 10209223182126.531,
    "C2": 26579495165.676727,
    "CH": 3097225343.0533085,
    "H2": 30117204069859.496,
    "ArStar": 515625763.54572904,
    "C2H4": 226315315062.768,
    "C2H6": 1694709048724.4724,
    "CH2": 568275434773.5671,
    "C2H2": 1152298625619.5283,
    "C2H5": 214481553186.86172,
    "CH3": 12354598763014.705,
    "C": 13602815102.45572,
    "H3Plus": 56111.93391297082,
    "C2H3": 1971874576.010462,
    "C3H2": 356782347.0706998,
    "CHPlus": 487.4288341170535,
    "C3H": 190829683.37814784,
    "C4H2": 27313.64592746894,
    "C2H": 222662857.9682908,
    "C3H3": 303533.4966313757,
    "C3H4": 38288751.774703026,
    "C3": 268764756.1827695,
    "C3H5": 66429770.21477844,
    "C4H": 54180.853241817356,
    "C3H6": 529313597.3984026,
    "CH2Plus": 382039.67754530994,
    "C2H5Plus": 1210833435.2893224,
    "C2H4Plus": 75489.98312456012,
    "C2H3Plus": 50326.65541637341,
    "HMinus": 264957915.3409177,
    "C2HPlus": 265281.36219262757,
    "H2Plus": 2735370.833612051,
    "C2H2Star": 15093305.007711355
  }
}