{
  "pressure_mTorr": 500.0,
  "n_total": 1.2070595635737908e+16,
  "Te": 1.4801655584470927,
  "Ne": 2823751290.980729,
  "E_field": 194.46974875644491,
  "n_i_total": 1444823973.2672982,
  "Ni_over_Ne": 0.5116682825014275,
  "charge_imbalance_pct": 48.83317174985725,
  "rate_values": {
    "loss_C2_11_3": 131.52674077842698,
    "e_CH4_CH3_HMinus_cm3_8_1": 5.365679127504031e-13,
    "loss_C2H2Star_11_25": 538.8595189299785,
    "stick_H_9_1": 1672.380544795429,
    "e_CH4Plus_CH2_H2_cm3_6_9": 2.0956041740641577e-06,
    "e_CH_CHPlus_2e_cm3_2_10": 1.8736984068099345e-11,
    "loss_C3H4_11_18": 978.2464237041531,
    "e_CH4Plus_CH_H2_H_cm3_6_11": 1.7414849618694584e-07,
    "loss_C3H_11_10": 599.7182268345418,
    "loss_C3H6_11_16": 211.36115260520444,
    "loss_C4H_11_15": 344.0679073556761,
    "loss_C4H2_11_11": 148.19502359363372,
    "loss_C2H_11_12": 777.9358284468854,
    "e_CH4Plus_C_2H2_cm3_6_13": 7.540345404007629e-08,
    "stick_ArStar_9_5": 344.3666046163058,
    "ArStar_CH4_CH3_H_cm3_3_1": 2.3553441655078956e-10,
    "loss_C3_11_14": 812.745846895084,
    "loss_CH_11_9": 4359.109349230742,
    "loss_C3H3_11_13": 160.7287806096076,
    "e_CH4Plus_CH3_H_cm3_6_4": 7.673035375859061e-07,
    "e_CH4_CH_H2_H_vib_cm3_1_3": 2.5028044577311908e-11,
    "stick_C_9_10": 2711.4718641630297,
    "stick_CH_9_3": 5409.328434093563,
    "stick_C2_9_9": 1292.1435036299677,
    "loss_CH2_11_1": 1666.9975935381765,
    "stick_CH3_9_2": 2088.265114189893,
    "e_Ar_ArStar_cm3_1_7": 1.6112412803926816e-10,
    "loss_C_11_8": 1859.4536797083874,
    "stick_C3_9_23": 594.9529201384355,
    "stick_C4H_9_24": 986.7916186643924,
    "stick_C2H2_9_11": 1872.4488686240888,
    "stick_C2H4_9_12": 1098.6427709917693,
    "stick_C2H6_9_14": 691.7289281461303,
    "stick_C2H5_9_17": 972.7369398579596,
    "stick_C3H_9_19": 1492.3923459623961,
    "stick_C3H4_9_22": 1397.83144049551,
    "stick_C3H3_9_21": 1401.640301348025,
    "stick_C4H2_9_20": 759.0287044134103,
    "stick_C3H6_9_25": 1542.4287866295722,
    "stick_H2_9_16": 438.120486522999
  },
  "target_densities": {
    "H": 35650907402922.39,
    "CH": 43874251242.90781,
    "C2": 585458667277.0913
  },
  "all_densities": {
    "e": 2823751290.980729,
    "Ar": 1.0260006290377222e+16,
    "CH4": 1810589345360686.2,
    "ArPlus": 334796418.21192765,
    "CH4Plus": 282973425.2238308,
    "CH3Plus": 158413821.64589053,
    "CH5Plus": 284606373.63479006,
    "ArHPlus": 164317576.23542437,
    "CH3Minus": 75024.60753467026,
    "H": 35650907402922.39,
    "C2": 585458667277.0913,
    "CH": 43874251242.90781,
    "H2": 126475172219865.83,
    "ArStar": 2003927024.2654114,
    "C2H4": 953530256662.4484,
    "C2H6": 14021626182542.56,
    "CH2": 2904018120558.8584,
    "C2H2": 7076529492572.312,
    "C2H5": 4936583636163.448,
    "CH3": 40997437003182.64,
    "C": 256906626184.28485,
    "H3Plus": 4105626.794819846,
    "C2H3": 79208304439.85017,
    "C3H2": 30912118682.34447,
    "CHPlus": 1071.450057339018,
    "C3H": 14809336006.655704,
    "C4H2": 71619437.2609717,
    "C2H": 7898922345.91373,
    "C3H3": 222431760.18078384,
    "C3H4": 1936761810.1553886,
    "C3": 25705112676.088207,
    "C3H5": 21658891073.46625,
    "C4H": 101907529.30744053,
    "C3H6": 70300476062.96506,
    "CH2Plus": 215071.44391273294,
    "C2H5Plus": 134539445.85549343,
    "C2H4Plus": 45301.87765959906,
    "C2H3Plus": 30201.251773066037,
    "HMinus": 1084876291.1135921,
    "C2HPlus": 221356.76283687053,
    "H2Plus": 80558282.87888159,
    "C2H2Star": 1578984673.0000408
  }
}