{
  "pressure_mTorr": 500.0,
  "n_total": 1.2070595635737908e+16,
  "Te": 4.7702638511727855,
  "Ne": 2701872378.326917,
  "E_field": 488.22919794259514,
  "n_i_total": 25564492050.759453,
  "Ni_over_Ne": 9.461768903603721,
  "charge_imbalance_pct": 846.1768903603721,
  "rate_values": {
    "loss_C2_11_3": 575.4088525164073,
    "e_CH4_CH3_HMinus_cm3_8_1": 9.186497351862048e-13,
    "loss_C2H2Star_11_25": 2160.010268678832,
    "e_CH4Plus_CH2_H2_cm3_6_9": 1.1945419766663053e-06,
    "loss_C3H4_11_18": 1248.326457123815,
    "e_CH4Plus_CH_H2_H_cm3_6_11": 9.92789760364082e-07,
    "ArStar_CH4_CH3_H_cm3_3_1": 1.8340173963199433e-10,
    "stick_ArStar_9_5": 351.99331413358766,
    "loss_C3H6_11_16": 901.7959789539241,
    "loss_C3H_11_10": 738.4778087624147,
    "loss_CH_11_9": 2403.2807734166163,
    "loss_C4H_11_15": 643.2197068669844,
    "e_CH4Plus_C_2H2_cm3_6_13": 3.5132049821707846e-08,
    "loss_C2H_11_12": 630.1515794601777,
    "loss_C3H3_11_13": 566.6517932786473,
    "loss_C3_11_14": 419.36859412890914,
    "loss_C4H2_11_11": 291.15470878515737,
    "stick_H_9_1": 3114.8975120639802,
    "e_CH4Plus_CH3_H_cm3_6_4": 6.564076782261202e-07,
    "e_CH4_CH_H2_H_vib_cm3_1_3": 2.714247411106301e-11,
    "stick_C2_9_9": 5286.613954023247,
    "stick_CH_9_3": 1466.057380965341,
    "stick_C_9_10": 2312.487859630766,
    "loss_CH2_11_1": 4307.128632545556,
    "stick_CH3_9_2": 3739.1089742728927,
    "e_Ar_ArStar_cm3_1_7": 1.5363375112505734e-10,
    "stick_C3H4_9_22": 1065.7510067065275,
    "stick_H2_9_16": 988.0073482735587,
    "stick_C2H2_9_11": 1925.8087852176836,
    "stick_C3H_9_19": 726.4218834998256,
    "stick_C3H6_9_25": 553.5585193933209,
    "stick_C2H4_9_12": 1023.0630200759679,
    "stick_C4H2_9_20": 1117.4685948947258,
    "stick_C3H3_9_21": 1726.3786977517195,
    "stick_C3_9_23": 1041.4117196920024,
    "stick_C2H5_9_17": 1391.1884265458327,
    "stick_C2H6_9_14": 1028.7265837803552,
    "stick_C4H_9_24": 739.5889746363905,
    "loss_C_11_8": 990.3196322408699,
    "e_CH4_CH3Plus_H_cm3_2_1": 2.4197402382345495e-11
  },
  "target_densities": {
    "H": 31005543756167.637,
    "CH": 20448424107.740536,
    "C2": 146279585783.95673
  },
  "all_densities": {
    "e": 2701872378.326917,
    "Ar": 1.0260006290377222e+16,
    "CH4": 1810589345360686.2,
    "ArPlus": 237927375.63268015,
    "CH4Plus": 94013972.35991748,
    "CH3Plus": 73327644.50769699,
    "CH5Plus": 171923021.74249908,
    "ArHPlus": 70121432.32625681,
    "CH3Minus": 31197.40542733923,
    "H": 31005543756167.637,
    "C2": 146279585783.95673,
    "CH": 20448424107.740536,
    "H2": 38764526490650.98,
    "ArStar": 1933011186.9010952,
    "C2H4": 388397527969.5921,
    "C2H6": 6296312490235.489,
    "CH2": 1565527092629.0996,
    "C2H2": 3607713341818.81,
    "C2H5": 1834884266553.8345,
    "CH3": 31325621602605.98,
    "C": 108635785737.75227,
    "H3Plus": 233966943.59444353,
    "C2H3": 34817506415.58302,
    "C3H2": 7362150809.057616,
    "CHPlus": 498844.6744182381,
    "C3H": 5028959904.684393,
    "C4H2": 7300341.026814257,
    "C2H": 33775200509.011692,
    "C3H3": 31049004.37847645,
    "C3H4": 377529674.2785603,
    "C3": 5459713944.315419,
    "C3H5": 3752049167.111324,
    "C4H": 10886855.434338538,
    "C3H6": 16656804384.586824,
    "CH2Plus": 21377.011197135045,
    "C2H5Plus": 24802530.572135765,
    "C2H4Plus": 7034.123887346088,
    "C2H3Plus": 4689.415924897393,
    "HMinus": 1356420979.8688328,
    "C2HPlus": 43080.9919444015,
    "H2Plus": 24657834103.80645,
    "C2H2Star": 193714363.76921248
  }
}