{
  "pressure_mTorr": 500.0,
  "n_total": 1.2070595635737908e+16,
  "Te": 1.002889546658626,
  "Ne": 2159874199.5793695,
  "E_field": 24.219352554209507,
  "n_i_total": 3864654439.420847,
  "Ni_over_Ne": 1.7892960803798108,
  "charge_imbalance_pct": 78.92960803798107,
  "rate_values": {
    "loss_C2_11_3": 442.3382463254658,
    "e_CH4_CH3_HMinus_cm3_8_1": 6.505462201098535e-13,
    "loss_C2H2Star_11_25": 1083.1111593300557,
    "e_CH4Plus_CH2_H2_cm3_6_9": 2.9323094205858903e-06,
    "e_CH_CHPlus_2e_cm3_2_10": 1.2536458619435342e-11,
    "loss_C3H4_11_18": 1429.5103507604954,
    "e_CH4Plus_CH_H2_H_cm3_6_11": 6.901321115111595e-07,
    "loss_C3H_11_10": 410.6506928043896,
    "loss_C3_11_14": 236.32695195035018,
    "e_CH4Plus_C_2H2_cm3_6_13": 7.445966291356116e-08,
    "loss_C4H2_11_11": 383.65803988551727,
    "loss_C3H6_11_16": 490.92818914684597,
    "stick_ArStar_9_5": 155.64355238175187,
    "loss_C3H3_11_13": 318.3772102248322,
    "loss_C2H_11_12": 585.570572559142,
    "ArStar_CH4_CH3_H_cm3_3_1": 4.010587596687498e-10,
    "loss_CH_11_9": 6696.064588213471,
    "loss_C4H_11_15": 795.9373149760818,
    "e_CH4Plus_CH3_H_cm3_6_4": 2.054498546256514e-07,
    "e_CH4_CH_H2_H_vib_cm3_1_3": 2.11956594163113e-11,
    "stick_CH_9_3": 1461.8555528807283,
    "stick_H_9_1": 116.02472305705328,
    "stick_C2_9_9": 5354.339385300873,
    "stick_C_9_10": 3306.1918937177106,
    "loss_CH2_11_1": 2677.5956238287877,
    "stick_CH3_9_2": 3900.589980877261,
    "e_Ar_ArStar_cm3_1_7": 1.3250794363739301e-10,
    "stick_C4H_9_24": 794.269218710554,
    "stick_C2H4_9_12": 744.6236763991355,
    "stick_C3H4_9_22": 1867.4361943036877,
    "stick_H2_9_16": 272.04102304242963,
    "stick_C2H6_9_14": 959.7423947357278,
    "stick_C2H2_9_11": 925.470256720705,
    "stick_C3H_9_19": 652.6522202835633,
    "stick_C3H3_9_21": 851.0152418611879,
    "stick_C3_9_23": 1065.4413947750043,
    "stick_C3H6_9_25": 1404.3042790562527,
    "stick_C2H5_9_17": 958.1905249761979,
    "loss_C_11_8": 1767.4274163517616,
    "stick_C4H2_9_20": 843.0979122490544
  },
  "target_densities": {
    "H": 14534461362651.672,
    "CH": 2129535768.5687907,
    "C2": 32371438267.283943
  },
  "all_densities": {
    "e": 2159874199.5793695,
    "Ar": 1.0260006290377222e+16,
    "CH4": 1810589345360686.2,
    "ArPlus": 182599726.92560762,
    "CH4Plus": 1021896908.7045317,
    "CH3Plus": 110750705.9197767,
    "CH5Plus": 1662224321.6206982,
    "ArHPlus": 136485216.38165265,
    "CH3Minus": 111558.06496623834,
    "H": 14534461362651.672,
    "C2": 32371438267.283943,
    "CH": 2129535768.5687907,
    "H2": 49799301362143.91,
    "ArStar": 1133872470.1563222,
    "C2H4": 135482379938.97475,
    "C2H6": 1956532757404.5598,
    "CH2": 690657309673.1567,
    "C2H2": 1543545334708.1023,
    "C2H5": 570818474038.5083,
    "CH3": 16902127178129.51,
    "C": 19970006103.828453,
    "H3Plus": 29870.21154298392,
    "C2H3": 1834109005.5588906,
    "C3H2": 328633516.3840499,
    "CHPlus": 209.78736855181285,
    "C3H": 309072492.82293683,
    "C4H2": 53652.148775143185,
    "C2H": 177962624.2983557,
    "C3H3": 334002.5603743578,
    "C3H4": 9626059.36013993,
    "C3": 263096524.09541708,
    "C3H5": 121557835.7824859,
    "C4H": 44009.1782460429,
    "C3H6": 414071375.5891153,
    "CH2Plus": 287136.8933611648,
    "C2H5Plus": 749350800.6272503,
    "C2H4Plus": 13573.279234955737,
    "C2H3Plus": 9048.852823303825,
    "HMinus": 586304199.0845238,
    "C2HPlus": 100466.82047360775,
    "H2Plus": 906453.3965248482,
    "C2H2Star": 96953126.90968654
  }
}