{
  "pressure_mTorr": 500.0,
  "n_total": 1.2070595635737908e+16,
  "Te": 1.0804375107099147,
  "Ne": 2067766751.6688125,
  "E_field": 121.34030754054362,
  "n_i_total": 1198131720.5728993,
  "Ni_over_Ne": 0.5794327235438594,
  "charge_imbalance_pct": 42.05672764561405,
  "rate_values": {
    "loss_C2_11_3": 1343.7451230456775,
    "e_CH4_CH3_HMinus_cm3_8_1": 6.86212281365459e-13,
    "loss_C2H2Star_11_25": 7826.579620799923,
    "e_CH4Plus_CH2_H2_cm3_6_9": 8.070715859625619e-07,
    "loss_C3H4_11_18": 1179.387950497762,
    "e_CH4Plus_CH_H2_H_cm3_6_11": 6.733741660318724e-07,
    "loss_C4H_11_15": 593.2989744092117,
    "stick_ArStar_9_5": 446.68541847936183,
    "loss_C4H2_11_11": 985.9972411787268,
    "loss_C2H_11_12": 266.8411754733672,
    "loss_C3H3_11_13": 169.86744886472684,
    "e_CH4Plus_C_2H2_cm3_6_13": 4.7742563272656646e-08,
    "loss_C3H6_11_16": 854.4960440194966,
    "loss_CH_11_9": 6508.741135363693,
    "ArStar_CH4_CH3_H_cm3_3_1": 2.542465031296428e-10,
    "stick_H_9_1": 3770.0543787580746,
    "loss_C3_11_14": 971.0936691260396,
    "loss_C3H_11_10": 246.24761650705125,
    "e_CH4Plus_CH3_H_cm3_6_4": 1.550180492482665e-07,
    "e_CH4_CH_H2_H_vib_cm3_1_3": 3.763382481281528e-11,
    "stick_C2_9_9": 3184.759109317214,
    "stick_CH_9_3": 3673.4078284439247,
    "stick_C_9_10": 5639.190050485979,
    "loss_CH2_11_1": 4683.593609433294,
    "stick_CH3_9_2": 5747.628490709923,
    "e_Ar_ArStar_cm3_1_7": 1.1002503073271535e-10,
    "stick_C2H4_9_12": 1658.7855962815504,
    "stick_C3H4_9_22": 1084.9676631063708,
    "stick_C3H_9_19": 1739.5725765343477,
    "stick_C3H3_9_21": 1426.871854720853,
    "stick_C4H2_9_20": 1853.2165309902248,
    "stick_C3_9_23": 1447.1781817545584,
    "stick_C2H2_9_11": 1814.6137728153822,
    "stick_C2H5_9_17": 1512.2228281839843,
    "stick_C4H_9_24": 1675.145401578202,
    "loss_C_11_8": 1689.8271686147123,
    "stick_C3H6_9_25": 892.8613722200218,
    "stick_C2H6_9_14": 835.7901926323344,
    "stick_H2_9_16": 639.3234958850891,
    "e_CH4_CH4Plus_cm3_2_2": 3.4824152341711595e-11
  },
  "target_densities": {
    "H": 28973019760382.496,
    "CH": 12102618552.069942,
    "C2": 89292519633.13535
  },
  "all_densities": {
    "e": 2067766751.6688125,
    "Ar": 1.0260006290377222e+16,
    "CH4": 1810589345360686.2,
    "ArPlus": 216651080.71701652,
    "CH4Plus": 280668104.7070494,
    "CH3Plus": 108436196.42543286,
    "CH5Plus": 320561771.15662366,
    "ArHPlus": 123336913.25815943,
    "CH3Minus": 34596.64462068388,
    "H": 28973019760382.496,
    "C2": 89292519633.13535,
    "CH": 12102618552.069942,
    "H2": 86001859985871.02,
    "ArStar": 997356323.1002333,
    "C2H4": 170094124798.0019,
    "C2H6": 4384144075977.843,
    "CH2": 1038953078275.3724,
    "C2H2": 2161946789740.173,
    "C2H5": 886605898465.7588,
    "CH3": 24217094106523.223,
    "C": 50607313762.59876,
    "H3Plus": 47893.485445095175,
    "C2H3": 14565162225.026644,
    "C3H2": 2613358884.0384293,
    "CHPlus": 212.11994460193625,
    "C3H": 1316800014.8975556,
    "C4H2": 561307.7974572742,
    "C2H": 853570129.4560077,
    "C3H3": 11039786.029107912,
    "C3H4": 100003847.79720911,
    "C3": 1171355649.0817459,
    "C3H5": 1073025299.5146332,
    "C4H": 1394280.8581944169,
    "C3H6": 5175702212.2276535,
    "CH2Plus": 84412.6489751229,
    "C2H5Plus": 147120508.21057567,
    "C2H4Plus": 7179.813919282762,
    "C2H3Plus": 4786.542612855174,
    "HMinus": 724218101.1322523,
    "C2HPlus": 64160.48358995587,
    "H2Plus": 1148501.0035552704,
    "C2H2Star": 16530066.047420336
  }
}