{
  "pressure_mTorr": 500.0,
  "n_total": 1.2070595635737908e+16,
  "Te": 2.992939542959661,
  "Ne": 2682741922.4781175,
  "E_field": 89.41056059360858,
  "n_i_total": 13965203544.710793,
  "Ni_over_Ne": 5.2055709972321065,
  "charge_imbalance_pct": 420.5570997232106,
  "rate_values": {
    "loss_C2_11_3": 353.9779698548879,
    "e_CH4_CH3_HMinus_cm3_8_1": 6.274589547435674e-13,
    "loss_C2H2Star_11_25": 5374.748677262872,
    "e_CH4Plus_CH2_H2_cm3_6_9": 2.1106483012453913e-07,
    "e_CH_CHPlus_2e_cm3_2_10": 1.4281931920484154e-11,
    "loss_C3H4_11_18": 1172.749180961918,
    "e_CH4Plus_CH_H2_H_cm3_6_11": 8.736003881136369e-07,
    "loss_CH_11_9": 7874.439036831678,
    "loss_C3_11_14": 344.4481264560144,
    "loss_C3H6_11_16": 693.6690877420594,
    "loss_C2H_11_12": 958.4915311060163,
    "stick_ArStar_9_5": 552.4044705409802,
    "e_CH4Plus_C_2H2_cm3_6_13": 7.02310481006205e-08,
    "loss_C4H_11_15": 412.43957712003015,
    "loss_C4H2_11_11": 749.4251881325879,
    "ArStar_CH4_CH3_H_cm3_3_1": 2.761613680803183e-10,
    "loss_C3H3_11_13": 179.75234709329493,
    "loss_C3H_11_10": 135.3626879307826,
    "e_CH4Plus_CH3_H_cm3_6_4": 3.8689353001518655e-07,
    "e_CH4_CH_H2_H_vib_cm3_1_3": 4.3862058071761896e-11,
    "stick_CH_9_3": 5527.921098749603,
    "stick_H_9_1": 206.43798860180078,
    "stick_C2_9_9": 4424.728416327875,
    "stick_C_9_10": 5122.574029135783,
    "loss_CH2_11_1": 3495.6965416848147,
    "stick_CH3_9_2": 3366.4989451315173,
    "e_Ar_ArStar_cm3_1_7": 1.680472060524317e-10,
    "e_C2H4_C2H2_H_H_cm3_1_17": 3.451475739061181e-11,
    "CH2_H_CH_H2_cm3_7_1": 1.3624152794175812e-11,
    "CH_CH4_C2H4_H_cm3_7_20": 6.743274349732164e-11,
    "C2H_H_C2_H2_cm3_7_47": 1.1284883432211792e-10,
    "e_CH4_CH3_H_cm3_1_1": 6.429770161917901e-11,
    "e_C2H4_C2H2_H2_cm3_1_15": 8.01207119990285e-11,
    "CH2_CH2_C2H2_H2_cm3_7_15": 1.1610250473088204e-10,
    "CH_H_C_H2_cm3_7_3": 1.0079452910906259e-10,
    "C_H_CH_cm3_7_12": 9.461754498158663e-11,
    "C_CH_C2_H_cm3_7_4": 1.0422129320292209e-10,
    "C2H2_H_C2_H2_H_cm3_7_50": 9.915153221050902e-12,
    "CH3_CH3_C2H2_H2_H2_cm3_7_49": 1.049840651348893e-11,
    "CH3_C2H5_C2H2_CH3_H2_cm3_7_61": 1.1208749381294113e-11,
    "C2H2_C_C2_CH2_cm3_7_19": 8.631249167538089e-11,
    "C_CH3_C2_H2_H_cm3_7_8": 1.0586045948690863e-10,
    "e_C2H4_C2H2_H2_cm3_1_6": 2.3802169364902187e-11,
    "CH_CH_C2_H2_cm3_5_4": 1.3528486223187767e-10,
    "CH_C_C2_H_cm3_7_9": 9.765363975684364e-11,
    "CH_CH4_CH2_CH3_cm3_7_39": 1.0795617296546404e-11,
    "C2_H_CH_C_cm3_7_6": 9.231515112215716e-11,
    "e_C2H2_C2_H2_cm3_1_16": 7.744010445139127e-11,
    "C2HPlus_e_C2_H_cm3_6_18": 2.294063098126278e-07,
    "CH_CH3_C2H4_cm3_7_5": 9.28957439046159e-11,
    "CH2_C2H3_C2H2_CH3_cm3_7_53": 1.036838276876367e-10,
    "CH2_CH3_C2H2_H_H2_cm3_7_62": 1.039155850759014e-11,
    "e_CH4_CH2_H2_cm3_1_2": 5.26882748208533e-11
  },
  "target_densities": {
    "H": 10835142631316.14,
    "CH": 3557286506.434902,
    "C2": 29221412470.40526
  },
  "all_densities": {
    "e": 2682741922.4781175,
    "Ar": 1.0260006290377222e+16,
    "CH4": 1810589345360686.2,
    "ArPlus": 369080437.4830962,
    "CH4Plus": 641122415.9852713,
    "CH3Plus": 206049422.40867093,
    "CH5Plus": 1256344882.1605291,
    "ArHPlus": 224414202.53368977,
    "CH3Minus": 77380.82952178354,
    "H": 10835142631316.14,
    "C2": 29221412470.40526,
    "CH": 3557286506.434902,
    "H2": 28024103005051.64,
    "ArStar": 1963237445.0925705,
    "C2H4": 251808523131.24188,
    "C2H6": 2274771902266.6875,
    "CH2": 519779075436.9068,
    "C2H2": 1452611189548.3655,
    "C2H5": 231086991121.0945,
    "CH3": 14380167565023.797,
    "C": 12079570715.4398,
    "H3Plus": 161080356.8646419,
    "C2H3": 3517797147.4783525,
    "C3H2": 516551666.1404914,
    "CHPlus": 136.44842518348412,
    "C3H": 372900736.6752503,
    "C4H2": 66344.8058315917,
    "C2H": 6598731042.408876,
    "C3H3": 875243.3489996135,
    "C3H4": 40669937.08786903,
    "C3": 337123043.83236516,
    "C3H5": 82204263.53277114,
    "C4H": 110531.67267716976,
    "C3H6": 718186649.9061723,
    "CH2Plus": 108903.98874793605,
    "C2H5Plus": 379230358.8709443,
    "C2H4Plus": 24712.7556459098,
    "C2H3Plus": 16475.170430606537,
    "HMinus": 726139742.9579868,
    "C2HPlus": 93614.96841803422,
    "H2Plus": 10727637625.07228,
    "C2H2Star": 31835765.931300685
  }
}