{
  "pressure_mTorr": 500.0,
  "n_total": 1.2070595635737908e+16,
  "Te": 2.7299425532248716,
  "Ne": 1695907968.3746781,
  "E_field": 238.81638585786123,
  "n_i_total": 6565334910.397856,
  "Ni_over_Ne": 3.8712801831398505,
  "charge_imbalance_pct": 287.1280183139851,
  "rate_values": {
    "loss_C2_11_3": 1174.2049856382432,
    "e_CH4_CH3_HMinus_cm3_8_1": 3.895919360334221e-13,
    "loss_C2H2Star_11_25": 7573.59976810274,
    "e_CH4Plus_CH2_H2_cm3_6_9": 1.7617829362048976e-06,
    "loss_C3H4_11_18": 164.00450180933467,
    "e_CH4Plus_CH_H2_H_cm3_6_11": 2.1092662266162614e-07,
    "stick_ArStar_9_5": 470.01945937280243,
    "stick_H_9_1": 2207.9166029842154,
    "e_CH4Plus_C_2H2_cm3_6_13": 7.417895184380958e-08,
    "loss_C3_11_14": 972.7302085404037,
    "loss_C4H2_11_11": 961.8497276712649,
    "loss_C2H_11_12": 997.9114132017032,
    "loss_C3H_11_10": 461.42262749312647,
    "loss_C3H3_11_13": 451.518318584193,
    "loss_C3H6_11_16": 503.3775512637658,
    "loss_C4H_11_15": 933.6805723292964,
    "loss_CH_11_9": 2217.740607128179,
    "ArStar_CH4_CH3_H_cm3_3_1": 1.4271447502172238e-10,
    "e_CH4Plus_CH3_H_cm3_6_4": 5.667095034973774e-07,
    "e_CH4_CH_H2_H_vib_cm3_1_3": 6.319730136380817e-11,
    "stick_C_9_10": 3021.629481140786,
    "stick_CH_9_3": 3181.6328090445163,
    "stick_C2_9_9": 4604.0428026318805,
    "loss_CH2_11_1": 3867.822250542593,
    "stick_CH3_9_2": 5790.679119829985,
    "e_Ar_ArStar_cm3_1_7": 1.430895927222122e-10,
    "stick_C4H2_9_20": 980.0072134210765,
    "stick_C3_9_23": 644.5330047161895,
    "stick_H2_9_16": 581.6316381811969,
    "stick_C2H2_9_11": 1909.5274665222414,
    "stick_C2H6_9_14": 546.6874535828297,
    "loss_C_11_8": 1572.7937975981006,
    "stick_C3H_9_19": 500.18910346798043,
    "stick_C2H4_9_12": 565.6884966538281,
    "stick_C3H6_9_25": 542.2459804257413,
    "stick_C3H4_9_22": 1237.9623439817053,
    "stick_C2H5_9_17": 1731.0647836405562,
    "stick_C3H3_9_21": 1701.8844152516144,
    "stick_C4H_9_24": 797.4283829746108,
    "e_CH4_CH4Plus_cm3_2_2": 1.655974199908183e-11
  },
  "target_densities": {
    "H": 24408784662728.844,
    "CH": 14286787828.543604,
    "C2": 103268299927.58899
  },
  "all_densities": {
    "e": 1695907968.3746781,
    "Ar": 1.0260006290377222e+16,
    "CH4": 1810589345360686.2,
    "ArPlus": 186627301.4018143,
    "CH4Plus": 113011931.17693119,
    "CH3Plus": 82814349.70159145,
    "CH5Plus": 345246823.05931497,
    "ArHPlus": 83057889.56930088,
    "CH3Minus": 37158.623390236186,
    "H": 24408784662728.844,
    "C2": 103268299927.58899,
    "CH": 14286787828.543604,
    "H2": 106062789446395.08,
    "ArStar": 1159925395.999232,
    "C2H4": 325592362843.86426,
    "C2H6": 8043320517456.234,
    "CH2": 1542862807383.297,
    "C2H2": 3176843535297.6616,
    "C2H5": 1423699802190.5408,
    "CH3": 29099952824244.64,
    "C": 69925096909.47243,
    "H3Plus": 213719508.99747023,
    "C2H3": 68309435937.36242,
    "C3H2": 4532213877.521632,
    "CHPlus": 63814.47704498226,
    "C3H": 4712874879.813697,
    "C4H2": 3467394.6388911335,
    "C2H": 5438363917.973631,
    "C3H3": 45320013.8826888,
    "C3H4": 364975528.6696395,
    "C3": 2988853869.797915,
    "C3H5": 2034009700.5435748,
    "C4H": 3740421.8760086675,
    "C3H6": 18177419120.875374,
    "CH2Plus": 48641.97441952255,
    "C2H5Plus": 57222553.32931998,
    "C2H4Plus": 7566.41210276249,
    "C2H3Plus": 5044.274735174993,
    "HMinus": 456292494.0761338,
    "C2HPlus": 48631.485187698985,
    "H2Plus": 5483460854.538623,
    "C2H2Star": 29192734.830487434
  }
}