{
  "pressure_mTorr": 500.0,
  "n_total": 1.2070595635737908e+16,
  "Te": 1.0680284233902197,
  "Ne": 2140964956.1886706,
  "E_field": 232.87690994764984,
  "n_i_total": 725575239.6816113,
  "Ni_over_Ne": 0.3389010350609731,
  "charge_imbalance_pct": 66.1098964939027,
  "rate_values": {
    "loss_C2_11_3": 1687.5409570187292,
    "e_CH4_CH3_HMinus_cm3_8_1": 8.864447848722506e-14,
    "loss_C2H2Star_11_25": 8502.870335659189,
    "e_CH4Plus_CH2_H2_cm3_6_9": 1.570809338388253e-06,
    "e_CH_CHPlus_2e_cm3_2_10": 1.676941725165062e-11,
    "loss_C3H4_11_18": 1033.8398401090697,
    "e_CH4Plus_CH_H2_H_cm3_6_11": 4.369434282680032e-07,
    "loss_C3H3_11_13": 301.2823423335525,
    "loss_C4H2_11_11": 248.31670619649339,
    "loss_C3H_11_10": 161.38798485875037,
    "loss_C3H6_11_16": 368.2392679201168,
    "loss_C4H_11_15": 991.7883302476725,
    "loss_C2H_11_12": 710.6257217903318,
    "loss_C3_11_14": 267.67658651239094,
    "ArStar_CH4_CH3_H_cm3_3_1": 3.7268717605163236e-10,
    "loss_CH_11_9": 7278.871916655477,
    "e_CH4Plus_C_2H2_cm3_6_13": 7.962582245694422e-08,
    "stick_ArStar_9_5": 434.0354785648234,
    "e_CH4Plus_CH3_H_cm3_6_4": 4.784830811620675e-07,
    "e_CH4_CH_H2_H_vib_cm3_1_3": 4.022624863383148e-11,
    "stick_CH_9_3": 2779.748303541862,
    "stick_C2_9_9": 5684.730794305028,
    "stick_C_9_10": 4306.743048337443,
    "stick_H_9_1": 134.66827204511839,
    "loss_CH2_11_1": 2512.7182676917982,
    "stick_CH3_9_2": 3382.0897003458654,
    "e_Ar_ArStar_cm3_1_7": 1.557184536988526e-10,
    "stick_C3H4_9_22": 1200.3704152223336,
    "stick_C3H6_9_25": 1940.7286106588133,
    "stick_C4H2_9_20": 1089.6663533667463,
    "loss_C_11_8": 1885.4735358704838,
    "stick_C2H6_9_14": 522.564264588571,
    "stick_C2H4_9_12": 1325.8447248765876,
    "stick_C3H3_9_21": 626.8496841685444,
    "stick_C2H2_9_11": 546.7049310097872,
    "stick_C2H5_9_17": 721.863843466965,
    "stick_C3H_9_19": 1444.0762574478028,
    "stick_H2_9_16": 967.5723480465059,
    "stick_C3_9_23": 1449.1044778564226,
    "stick_C4H_9_24": 1168.288612397755
  },
  "target_densities": {
    "H": 10742705572431.021,
    "CH": 2569380969.465466,
    "C2": 17809904847.551304
  },
  "all_densities": {
    "e": 2140964956.1886706,
    "Ar": 1.0260006290377222e+16,
    "CH4": 1810589345360686.2,
    "ArPlus": 211732575.65587297,
    "CH4Plus": 142338145.8686474,
    "CH3Plus": 87523429.39748783,
    "CH5Plus": 129323347.73513883,
    "ArHPlus": 92558918.60821643,
    "CH3Minus": 10804.08618468174,
    "H": 10742705572431.021,
    "C2": 17809904847.551304,
    "CH": 2569380969.465466,
    "H2": 28128540229932.53,
    "ArStar": 1351679999.8280118,
    "C2H4": 118726163600.34789,
    "C2H6": 1975299611986.0745,
    "CH2": 528628352748.86615,
    "C2H2": 1348318081661.5803,
    "C2H5": 438532499756.92596,
    "CH3": 14216148917930.984,
    "C": 10046025837.753006,
    "H3Plus": 1989.188106840099,
    "C2H3": 1882426585.1197548,
    "C3H2": 346345292.6803571,
    "CHPlus": 35.57245620133874,
    "C3H": 215749960.95753673,
    "C4H2": 41431.30511892786,
    "C2H": 221913611.01649722,
    "C3H3": 521118.8609071917,
    "C3H4": 15019088.694310972,
    "C3": 207123887.53433535,
    "C3H5": 112675705.93675645,
    "C4H": 41197.28266656151,
    "C3H6": 383348794.1729698,
    "CH2Plus": 18063.036507901663,
    "C2H5Plus": 61867351.39192146,
    "C2H4Plus": 2401.582736353483,
    "C2H3Plus": 1601.0551575689888,
    "HMinus": 181735821.93631485,
    "C2HPlus": 19024.35063276309,
    "H2Plus": 188356.23872869505,
    "C2H2Star": 12860324.89578455
  }
}