{
  "pressure_mTorr": 500.0,
  "n_total": 1.2070595635737908e+16,
  "Te": 1.1995262338302304,
  "Ne": 2057586043.8039403,
  "E_field": 101.34607545592445,
  "n_i_total": 1509155795.8654659,
  "Ni_over_Ne": 0.7334593857739383,
  "charge_imbalance_pct": 26.654061422606162,
  "rate_values": {
    "loss_C2_11_3": 1575.4280118816453,
    "e_CH4_CH3_HMinus_cm3_8_1": 2.9275197578862096e-13,
    "loss_C2H2Star_11_25": 8781.756567535373,
    "stick_H_9_1": 3674.770313216295,
    "e_CH4Plus_CH2_H2_cm3_6_9": 1.7280525560457443e-06,
    "e_CH_CHPlus_2e_cm3_2_10": 2.0391631201535607e-11,
    "loss_C3H4_11_18": 801.0687022851685,
    "e_CH4Plus_CH_H2_H_cm3_6_11": 9.505079693058332e-07,
    "loss_C3H_11_10": 592.9315120473956,
    "loss_C3H6_11_16": 224.40652670937288,
    "loss_C4H_11_15": 500.3962895681688,
    "loss_C4H2_11_11": 529.5749991254735,
    "loss_C2H_11_12": 248.4976319888301,
    "e_CH4Plus_C_2H2_cm3_6_13": 9.617889938225102e-08,
    "stick_ArStar_9_5": 298.95285261191793,
    "ArStar_CH4_CH3_H_cm3_3_1": 1.9929280027945788e-10,
    "loss_C3_11_14": 474.73236219034663,
    "loss_CH_11_9": 9974.819611877188,
    "loss_C3H3_11_13": 692.6705644474008,
    "e_CH4Plus_CH3_H_cm3_6_4": 3.730906226514774e-07,
    "e_CH4_CH_H2_H_vib_cm3_1_3": 2.908326277540875e-11,
    "stick_C_9_10": 3905.7958003765516,
    "stick_CH_9_3": 3888.1079715964,
    "stick_C2_9_9": 3622.0282781498277,
    "loss_CH2_11_1": 5767.5094096876055,
    "stick_CH3_9_2": 5253.897195652058,
    "e_Ar_ArStar_cm3_1_7": 1.1291336526545223e-10,
    "loss_C_11_8": 1234.0826011905854,
    "stick_C3_9_23": 1808.9727815489775,
    "stick_C4H_9_24": 599.9222435803179,
    "stick_C2H2_9_11": 1472.7414904939303,
    "stick_C2H4_9_12": 1069.1145625424201,
    "stick_C2H6_9_14": 676.0138296112408,
    "stick_C2H5_9_17": 1554.3614149504808,
    "stick_C3H_9_19": 1146.1461100295317,
    "stick_C3H4_9_22": 1356.626330726386,
    "stick_C3H3_9_21": 1156.1624327086927,
    "stick_C4H2_9_20": 1918.6016543707954,
    "stick_C3H6_9_25": 600.634501739405,
    "stick_H2_9_16": 576.2910205361251
  },
  "target_densities": {
    "H": 29223744731211.71,
    "CH": 12452071028.553251,
    "C2": 103112527825.43913
  },
  "all_densities": {
    "e": 2057586043.8039403,
    "Ar": 1.0260006290377222e+16,
    "CH4": 1810589345360686.2,
    "ArPlus": 229266496.88024494,
    "CH4Plus": 357965105.77930367,
    "CH3Plus": 128435504.86966251,
    "CH5Plus": 440615504.96174884,
    "ArHPlus": 137609532.54337648,
    "CH3Minus": 50314.66063985641,
    "H": 29223744731211.71,
    "C2": 103112527825.43913,
    "CH": 12452071028.553251,
    "H2": 89573773819589.53,
    "ArStar": 1062897092.6188467,
    "C2H4": 214441797201.59747,
    "C2H6": 5569895663565.544,
    "CH2": 1033926663704.9897,
    "C2H2": 2708436446486.907,
    "C2H5": 910894387563.0504,
    "CH3": 25616212737849.387,
    "C": 63635821195.09677,
    "H3Plus": 276660.8860439493,
    "C2H3": 15848188150.379208,
    "C3H2": 3368369982.570392,
    "CHPlus": 461.6572418294769,
    "C3H": 1937895799.7047188,
    "C4H2": 985664.8256732894,
    "C2H": 1136439186.6752536,
    "C3H3": 10673909.694707626,
    "C3H4": 136129939.32556662,
    "C3": 1589240719.114139,
    "C3H5": 1134252161.3445616,
    "C4H": 3811912.733433258,
    "C3H6": 13677962269.430452,
    "CH2Plus": 119127.02818243591,
    "C2H5Plus": 208695219.33258688,
    "C2H4Plus": 14242.809083714097,
    "C2H3Plus": 9495.2060558094,
    "HMinus": 450421922.26301897,
    "C2HPlus": 118187.16558727199,
    "H2Plus": 6030256.746347363,
    "C2H2Star": 19668884.253678158
  }
}