{
  "pressure_mTorr": 500.0,
  "n_total": 1.2070595635737908e+16,
  "Te": 1.0487018283503546,
  "Ne": 2749644861.12868,
  "E_field": 495.7888894174853,
  "n_i_total": 432975955.47825825,
  "Ni_over_Ne": 0.1574661373907499,
  "charge_imbalance_pct": 84.25338626092501,
  "rate_values": {
    "loss_C2_11_3": 1122.4558842882511,
    "e_CH4_CH3_HMinus_cm3_8_1": 2.223049833534661e-13,
    "loss_C2H2Star_11_25": 5369.764981991176,
    "stick_H_9_1": 3888.349800073282,
    "e_CH4Plus_CH2_H2_cm3_6_9": 1.6883310702352412e-06,
    "loss_C3H4_11_18": 1402.2279837348167,
    "e_CH4Plus_CH_H2_H_cm3_6_11": 6.623208711372029e-07,
    "loss_C4H2_11_11": 902.1330170868655,
    "loss_CH_11_9": 6752.892258274758,
    "stick_ArStar_9_5": 519.0628245479184,
    "e_CH4Plus_C_2H2_cm3_6_13": 6.072618701783894e-08,
    "loss_C3H6_11_16": 956.0313107481257,
    "loss_C3H3_11_13": 537.9451770473693,
    "loss_C3_11_14": 407.66454851107676,
    "loss_C4H_11_15": 782.031402547692,
    "loss_C2H_11_12": 167.51525237978422,
    "loss_C3H_11_10": 868.6993406578204,
    "ArStar_CH4_CH3_H_cm3_3_1": 2.494923893461667e-10,
    "e_CH4Plus_CH3_H_cm3_6_4": 2.556673222095181e-07,
    "e_CH4_CH_H2_H_vib_cm3_1_3": 9.11956656375493e-11,
    "stick_C2_9_9": 1629.2167276080895,
    "stick_CH_9_3": 1710.497973947426,
    "stick_C_9_10": 1946.376895674532,
    "loss_CH2_11_1": 4508.005033738697,
    "stick_CH3_9_2": 5687.608097310038,
    "e_Ar_ArStar_cm3_1_7": 1.421858745136859e-10,
    "stick_C4H_9_24": 1716.9932868268882,
    "stick_C2H2_9_11": 1769.6098318546547,
    "stick_C2H6_9_14": 894.7300473727621,
    "stick_C4H2_9_20": 701.0385849074991,
    "stick_C3H4_9_22": 1807.089274946985,
    "stick_C2H5_9_17": 641.8396930785867,
    "stick_C3H6_9_25": 756.858164962159,
    "stick_H2_9_16": 645.4998165556378,
    "loss_C_11_8": 1501.4758250716136,
    "stick_C3_9_23": 1471.0221366606722,
    "stick_C3H3_9_21": 1814.356124354143,
    "stick_C3H_9_19": 1805.7879219786491,
    "stick_C2H4_9_12": 698.6500303903193,
    "e_CH4_CH4Plus_cm3_2_2": 2.2587928121920027e-11
  },
  "target_densities": {
    "H": 28740476392408.41,
    "CH": 18501375698.470924,
    "C2": 126473808501.93784
  },
  "all_densities": {
    "e": 2749644861.12868,
    "Ar": 1.0260006290377222e+16,
    "CH4": 1810589345360686.2,
    "ArPlus": 188669628.15065575,
    "CH4Plus": 70499957.62492651,
    "CH3Plus": 58679785.99565525,
    "CH5Plus": 38972458.770392336,
    "ArHPlus": 56347866.45700994,
    "CH3Minus": 10811.269698211918,
    "H": 28740476392408.41,
    "C2": 126473808501.93784,
    "CH": 18501375698.470924,
    "H2": 85332884240263.23,
    "ArStar": 1720264285.5504825,
    "C2H4": 349180266555.2752,
    "C2H6": 4196708978670.7676,
    "CH2": 1062010733048.2631,
    "C2H2": 2290795357344.6597,
    "C2H5": 1467419343366.8213,
    "CH3": 24218000980140.09,
    "C": 86592841968.95602,
    "H3Plus": 5349.223551050764,
    "C2H3": 22178647813.08534,
    "C3H2": 4230459623.1681056,
    "CHPlus": 77.4194062061356,
    "C3H": 1583614440.813002,
    "C4H2": 1827567.6599159404,
    "C2H": 1424206569.4988463,
    "C3H3": 17444002.40859802,
    "C3H4": 221428617.21166745,
    "C3": 2505087453.9234667,
    "C3H5": 2714927657.883307,
    "C4H": 3131994.781733548,
    "C3H6": 9062867845.474285,
    "CH2Plus": 11427.810967907202,
    "C2H5Plus": 19507964.630726047,
    "C2H4Plus": 3522.791709194085,
    "C2H3Plus": 2348.52780612939,
    "HMinus": 610571781.0286368,
    "C2HPlus": 15888.78913779106,
    "H2Plus": 259679.28631410035,
    "C2H2Star": 44032915.24259877
  }
}