{
  "pressure_mTorr": 500.0,
  "n_total": 1.2070595635737908e+16,
  "Te": 0.7887142475878055,
  "Ne": 1914279002.979197,
  "E_field": 496.33161365957443,
  "n_i_total": 170930840.9739916,
  "Ni_over_Ne": 0.08929254341084635,
  "charge_imbalance_pct": 91.07074565891537,
  "rate_values": {
    "loss_C2_11_3": 248.12028005402522,
    "e_CH4_CH3_HMinus_cm3_8_1": 6.117833136439257e-13,
    "loss_C2H2Star_11_25": 281.77076612464316,
    "e_CH4Plus_CH2_H2_cm3_6_9": 1.6466026792537655e-06,
    "loss_C3H4_11_18": 573.4858100620017,
    "e_CH4Plus_CH_H2_H_cm3_6_11": 7.491990307163392e-07,
    "loss_C3H6_11_16": 672.0017084858746,
    "loss_C4H2_11_11": 378.27453859349157,
    "stick_H_9_1": 3601.0653006560206,
    "loss_C4H_11_15": 451.3268698432733,
    "loss_C2H_11_12": 397.4793986299077,
    "loss_CH_11_9": 6184.904783421272,
    "loss_C3H3_11_13": 162.06678490170157,
    "loss_C3H_11_10": 773.2558085086644,
    "ArStar_CH4_CH3_H_cm3_3_1": 1.9302868035216172e-10,
    "e_CH4Plus_C_2H2_cm3_6_13": 8.163525253451572e-08,
    "stick_ArStar_9_5": 453.9319433392668,
    "loss_C3_11_14": 619.769636541832,
    "e_CH4Plus_CH3_H_cm3_6_4": 2.8854256390477306e-07,
    "e_CH4_CH_H2_H_vib_cm3_1_3": 2.5595672372379525e-11,
    "stick_CH_9_3": 4854.6865482805915,
    "stick_C_9_10": 5160.376058496517,
    "stick_C2_9_9": 4750.83321877611,
    "loss_CH2_11_1": 4926.977015127743,
    "stick_CH3_9_2": 5515.88480135262,
    "e_Ar_ArStar_cm3_1_7": 7.922758237688177e-11,
    "loss_C_11_8": 1464.1717200462888,
    "stick_C2H4_9_12": 1254.997947657837,
    "stick_C4H2_9_20": 1318.7468106712179,
    "stick_C3H3_9_21": 1085.7392228467422,
    "stick_C3H4_9_22": 1907.1427701678954,
    "stick_C3H6_9_25": 981.214688408586,
    "stick_C2H5_9_17": 883.8470077136493,
    "stick_C4H_9_24": 1432.7117591415922,
    "stick_C2H6_9_14": 1464.5184667373865,
    "stick_C3_9_23": 1280.084449919649,
    "stick_H2_9_16": 694.8618222377837,
    "stick_C2H2_9_11": 1652.795970582379,
    "stick_C3H_9_19": 661.6076368486082,
    "e_CH4_CH3Plus_H_cm3_2_1": 2.0560288813990755e-11
  },
  "target_densities": {
    "H": 21950403453013.312,
    "CH": 8669402177.874043,
    "C2": 98705482959.17079
  },
  "all_densities": {
    "e": 1914279002.979197,
    "Ar": 1.0260006290377222e+16,
    "CH4": 1810589345360686.2,
    "ArPlus": 71525841.42302829,
    "CH4Plus": 26123153.95221045,
    "CH3Plus": 26672749.124805655,
    "CH5Plus": 16266449.411550025,
    "ArHPlus": 21470684.571838714,
    "CH3Minus": 6342.696162313671,
    "H": 21950403453013.312,
    "C2": 98705482959.17079,
    "CH": 8669402177.874043,
    "H2": 96394868490600.19,
    "ArStar": 696759691.4755347,
    "C2H4": 155645811356.2581,
    "C2H6": 3822293531805.712,
    "CH2": 1233575689803.5374,
    "C2H2": 3044550530085.7246,
    "C2H5": 1614661387004.935,
    "CH3": 27411561853431.234,
    "C": 45920005218.87135,
    "H3Plus": 32.05343895424282,
    "C2H3": 32647333467.592205,
    "C3H2": 2637157042.116843,
    "CHPlus": -551.9795491323035,
    "C3H": 1838397603.1544993,
    "C4H2": 939163.681794081,
    "C2H": 1020441308.1115538,
    "C3H3": 22682441.18943071,
    "C3H4": 59835307.928535126,
    "C3": 1479369823.9420705,
    "C3H5": 1399814894.5029707,
    "C4H": 1213487.5926956,
    "C3H6": 4299158770.346996,
    "CH2Plus": 6027.039735389316,
    "C2H5Plus": 8854986.34300831,
    "C2H4Plus": 654.8469485182543,
    "C2H3Plus": 436.5646323455028,
    "HMinus": 544220566.4695827,
    "C2HPlus": 8446.012673431393,
    "H2Plus": 1379.6301215159078,
    "C2H2Star": 451711889.88835514
  }
}