{
  "pressure_mTorr": 500.0,
  "n_total": 1.2070595635737908e+16,
  "Te": 1.0680284233902197,
  "Ne": 2140964956.1886706,
  "E_field": 232.87690994764984,
  "n_i_total": 728703054.0577962,
  "Ni_over_Ne": 0.3403619718068753,
  "charge_imbalance_pct": 65.96380281931248,
  "rate_values": {
    "loss_C2_11_3": 1687.5409570187292,
    "e_CH4_CH3_HMinus_cm3_8_1": 8.864447848722506e-14,
    "loss_C2H2Star_11_25": 8502.870335659189,
    "e_CH4Plus_CH2_H2_cm3_6_9": 1.570809338388253e-06,
    "e_CH_CHPlus_2e_cm3_2_10": 1.676941725165062e-11,
    "loss_C3H4_11_18": 1033.8398401090697,
    "e_CH4Plus_CH_H2_H_cm3_6_11": 4.369434282680032e-07,
    "loss_C3H_11_10": 301.2823423335525,
    "loss_C3_11_14": 248.31670619649339,
    "e_CH4Plus_C_2H2_cm3_6_13": 1.6138798485875037e-08,
    "loss_C4H2_11_11": 368.2392679201168,
    "loss_C3H6_11_16": 991.7883302476725,
    "stick_ArStar_9_5": 507.38676535829694,
    "loss_C3H3_11_13": 267.67658651239094,
    "loss_C2H_11_12": 745.3743521032646,
    "ArStar_CH4_CH3_H_cm3_3_1": 3.6394359583277393e-10,
    "loss_CH_11_9": 7962.582245694423,
    "loss_C4H_11_15": 607.8928271216014,
    "e_CH4Plus_CH3_H_cm3_6_4": 4.784830811620675e-07,
    "e_CH4_CH_H2_H_vib_cm3_1_3": 4.022624863383148e-11,
    "stick_CH_9_3": 2779.748303541862,
    "stick_H_9_1": 454.77846354440226,
    "stick_C2_9_9": 4306.743048337443,
    "stick_C_9_10": 1683.35340056398,
    "loss_CH2_11_1": 2512.7182676917982,
    "stick_CH3_9_2": 3382.0897003458654,
    "e_Ar_ArStar_cm3_1_7": 1.557184536988526e-10,
    "stick_C4H_9_24": 1200.3704152223336,
    "stick_C2H4_9_12": 1940.7286106588133,
    "stick_C3H4_9_22": 1089.6663533667463,
    "stick_H2_9_16": 942.7367679352419,
    "stick_C2H6_9_14": 522.564264588571,
    "stick_C2H2_9_11": 1325.8447248765876,
    "stick_C3H_9_19": 626.8496841685444,
    "stick_C3H3_9_21": 546.7049310097872,
    "stick_C3_9_23": 721.863843466965,
    "stick_C3H6_9_25": 1444.0762574478028,
    "stick_C2H5_9_17": 1935.1446960930118,
    "loss_C_11_8": 1449.1044778564226,
    "stick_C4H2_9_20": 1168.288612397755
  },
  "target_densities": {
    "H": 13971585602829.1,
    "CH": 3053776419.765128,
    "C2": 28028471507.21973
  },
  "all_densities": {
    "e": 2140964956.1886706,
    "Ar": 1.0260006290377222e+16,
    "CH4": 1810589345360686.2,
    "ArPlus": 212351684.67997047,
    "CH4Plus": 142668776.47482416,
    "CH3Plus": 87897244.27481255,
    "CH5Plus": 130139295.51536931,
    "ArHPlus": 93198747.28305513,
    "CH3Minus": 13375.829328357573,
    "H": 13971585602829.1,
    "C2": 28028471507.21973,
    "CH": 3053776419.765128,
    "H2": 37263025448794.26,
    "ArStar": 1357535564.8481517,
    "C2H4": 122526255628.47675,
    "C2H6": 3030178713801.4473,
    "CH2": 739998455402.719,
    "C2H2": 1400640991442.3843,
    "C2H5": 397757270741.1362,
    "CH3": 17608161822004.125,
    "C": 25356752802.78796,
    "H3Plus": 3463.373973217004,
    "C2H3": 2730274546.2676177,
    "C3H2": 427593865.61591506,
    "CHPlus": 42.27879369845862,
    "C3H": 460692817.106652,
    "C4H2": 91560.51638610147,
    "C2H": 223711844.7718766,
    "C3H3": 1023801.2343704653,
    "C3H4": 19382310.752326973,
    "C3": 458515665.40969235,
    "C3H5": 121466177.41794159,
    "C4H": 72211.6135237869,
    "C3H6": 593582189.1102531,
    "CH2Plus": 25393.470155376035,
    "C2H5Plus": 62146686.14016483,
    "C2H4Plus": 2478.4506745952103,
    "C2H3Plus": 1652.3004497301404,
    "HMinus": 216684394.41158983,
    "C2HPlus": 19762.6106882611,
    "H2Plus": 247827.2048648487,
    "C2H2Star": 13417257.121937307
  }
}