{
  "pressure_mTorr": 500.0,
  "n_total": 1.2070595635737908e+16,
  "Te": 1.1387827661234133,
  "Ne": 2425993678.0737195,
  "E_field": 314.9405058324903,
  "n_i_total": 686578395.1820304,
  "Ni_over_Ne": 0.28300914441260433,
  "charge_imbalance_pct": 71.69908555873957,
  "rate_values": {
    "loss_C2_11_3": 1842.0423521157318,
    "e_CH4_CH3_HMinus_cm3_8_1": 3.4980999488726974e-13,
    "loss_C2H2Star_11_25": 8976.069741171501,
    "e_CH4Plus_CH2_H2_cm3_6_9": 2.687337975874566e-06,
    "e_CH_CHPlus_2e_cm3_2_10": 7.11693792321996e-12,
    "loss_C3H4_11_18": 1319.0661107772921,
    "e_CH4Plus_CH_H2_H_cm3_6_11": 8.340802204186025e-07,
    "loss_C3_11_14": 400.1800763938844,
    "loss_CH_11_9": 9464.854041394585,
    "loss_C2H_11_12": 791.9356852221463,
    "ArStar_CH4_CH3_H_cm3_3_1": 2.527238772822892e-10,
    "loss_C4H2_11_11": 899.2892590527582,
    "loss_C3H3_11_13": 399.7411358500599,
    "stick_ArStar_9_5": 461.71156517055306,
    "loss_C3H6_11_16": 246.33711690278028,
    "loss_C3H_11_10": 650.4168194525586,
    "e_CH4Plus_C_2H2_cm3_6_13": 6.115236434628008e-08,
    "loss_C4H_11_15": 790.3224700703746,
    "e_CH4Plus_CH3_H_cm3_6_4": 6.278942422537318e-07,
    "e_CH4_CH_H2_H_vib_cm3_1_3": 4.248397969108127e-11,
    "stick_C2_9_9": 3121.971385959281,
    "stick_CH_9_3": 1299.0013064082846,
    "stick_H_9_1": 193.84203642471158,
    "stick_C_9_10": 1823.3226592878177,
    "loss_CH2_11_1": 5195.666790034798,
    "stick_CH3_9_2": 5553.064744103527,
    "e_Ar_ArStar_cm3_1_7": 1.3857116278164854e-10,
    "e_C2H4_C2H2_H_H_cm3_1_17": 2.7983289980478553e-11,
    "C_CH3_C2_H2_H_cm3_7_8": 9.907310326456612e-11,
    "C2_H_CH_C_cm3_7_6": 1.011956141829456e-10,
    "CH3_CH3_C2H2_H2_H2_cm3_7_49": 8.157120075545295e-12,
    "CH2_H_CH_H2_cm3_7_1": 1.7973135348481538e-11,
    "C2H2_H_C2_H2_H_cm3_7_50": 8.203987028096001e-12,
    "CH3_C2H5_C2H2_CH3_H2_cm3_7_61": 1.180019723340474e-11,
    "e_CH4_CH3_H_cm3_1_1": 1.0322734131416389e-10,
    "C2HPlus_e_C2_H_cm3_6_18": 1.9409973609258279e-07,
    "CH_CH4_C2H4_H_cm3_7_20": 7.163571817780914e-11,
    "e_C2H4_C2H2_H2_cm3_1_15": 5.555415560989855e-11,
    "e_CH4_CH2_H2_cm3_1_2": 2.8999156669974124e-11,
    "C_CH_C2_H_cm3_7_4": 1.088366290300277e-10,
    "CH_CH4_CH2_CH3_cm3_7_39": 9.188519663768414e-12,
    "CH2_CH3_C2H2_H_H2_cm3_7_62": 1.0823192220165295e-11,
    "C2H2_C_C2_CH2_cm3_7_19": 1.0651511010577657e-10,
    "CH_C_C2_H_cm3_7_9": 1.0764607769781163e-10,
    "e_C2H4_C2H2_H2_cm3_1_6": 1.4926233710025556e-11,
    "CH_CH_C2_H2_cm3_5_4": 1.7825407747597782e-10,
    "CH2_C2H3_C2H2_CH3_cm3_7_53": 9.046714117222098e-11,
    "C_H_CH_cm3_7_12": 8.297506807927331e-11,
    "e_C2H2_C2_H2_cm3_1_16": 1.1684474322658187e-10,
    "CH_H_C_H2_cm3_7_3": 8.71623961362665e-11,
    "C2H_H_C2_H2_cm3_7_47": 8.767486336996305e-11,
    "CH2_CH2_C2H2_H2_cm3_7_15": 9.028689691354327e-11,
    "CH_CH3_C2H4_cm3_7_5": 1.0311635141417405e-10
  },
  "target_densities": {
    "H": 10712307786932.352,
    "CH": 2952191091.901763,
    "C2": 9257339171.682854
  },
  "all_densities": {
    "e": 2425993678.0737195,
    "Ar": 1.0260006290377222e+16,
    "CH4": 1810589345360686.2,
    "ArPlus": 230657830.45563728,
    "CH4Plus": 130770371.15339486,
    "CH3Plus": 93303138.52413942,
    "CH5Plus": 95695206.36483032,
    "ArHPlus": 86910012.74932274,
    "CH3Minus": 7404.928777198723,
    "H": 10712307786932.352,
    "C2": 9257339171.682854,
    "CH": 2952191091.901763,
    "H2": 30780689173128.07,
    "ArStar": 1491756845.73951,
    "C2H4": 212217899440.98557,
    "C2H6": 1249747671420.782,
    "CH2": 251114825118.56552,
    "C2H2": 617627980927.1107,
    "C2H5": 81108743863.55244,
    "CH3": 10609990659997.338,
    "C": 10359599093.379011,
    "H3Plus": 4336.204242787555,
    "C2H3": 1651378458.1969438,
    "C3H2": 182281769.27868074,
    "CHPlus": 14.542033261260036,
    "C3H": 95930145.46180308,
    "C4H2": 13176.640588712104,
    "C2H": 129813462.43083173,
    "C3H3": 295512.10597264126,
    "C3H4": 26825256.40768541,
    "C3": 113806651.69470462,
    "C3H5": 23944851.11093213,
    "C4H": 26374.782583365486,
    "C3H6": 423259411.61323524,
    "CH2Plus": 6763.671334123169,
    "C2H5Plus": 48771978.97050273,
    "C2H4Plus": 5349.402840877174,
    "C2H3Plus": 3566.2685605847823,
    "HMinus": 428113359.38884014,
    "C2HPlus": 10260.379167183004,
    "H2Plus": 439566.4960242117,
    "C2H2Star": 6158713.971052813
  }
}