{
  "pressure_mTorr": 500.0,
  "n_total": 1.2070595635737908e+16,
  "Te": 1.0326151990990626,
  "Ne": 2011793309.0406857,
  "E_field": 31.125459295130156,
  "n_i_total": 3248363571.971301,
  "Ni_over_Ne": 1.61466068973073,
  "charge_imbalance_pct": 61.46606897307299,
  "rate_values": {
    "loss_C2_11_3": 671.036531842345,
    "e_CH4_CH3_HMinus_cm3_8_1": 7.624191034785497e-13,
    "loss_C2H2Star_11_25": 4295.898561242793,
    "e_CH4Plus_CH2_H2_cm3_6_9": 2.196517174026145e-06,
    "e_CH_CHPlus_2e_cm3_2_10": 3.288465845041975e-12,
    "loss_C3H4_11_18": 975.2263209483801,
    "e_CH4Plus_CH_H2_H_cm3_6_11": 4.4932598748063944e-07,
    "loss_C3H_11_10": 275.5176042910378,
    "loss_C3_11_14": 581.2549952829875,
    "e_CH4Plus_C_2H2_cm3_6_13": 8.818041364879136e-08,
    "loss_C4H2_11_11": 887.8713473087759,
    "loss_C3H6_11_16": 624.9435705105806,
    "stick_ArStar_9_5": 160.15277624632026,
    "loss_C3H3_11_13": 359.583041153516,
    "loss_C2H_11_12": 236.3795231134971,
    "ArStar_CH4_CH3_H_cm3_3_1": 2.436676788159983e-10,
    "loss_CH_11_9": 6763.802580656673,
    "loss_C4H_11_15": 419.5524081464397,
    "e_CH4Plus_CH3_H_cm3_6_4": 2.4619235265453763e-07,
    "e_CH4_CH_H2_H_vib_cm3_1_3": 4.1490897790442495e-11,
    "stick_CH_9_3": 4398.941773164429,
    "stick_H_9_1": 428.12608965330026,
    "stick_C2_9_9": 4025.5009978551975,
    "stick_C_9_10": 3049.725826286077,
    "loss_CH2_11_1": 4065.5642452339034,
    "stick_CH3_9_2": 5424.643137210451,
    "e_Ar_ArStar_cm3_1_7": 1.188600448704928e-10,
    "stick_C4H_9_24": 849.8936160813937,
    "stick_C2H4_9_12": 816.0621267448687,
    "stick_C3H4_9_22": 1217.648799553344,
    "stick_H2_9_16": 275.16238672644704,
    "stick_C2H6_9_14": 919.6329212514252,
    "stick_C2H2_9_11": 1504.1124713783888,
    "stick_C3H_9_19": 1511.7768591312397,
    "stick_C3H3_9_21": 1319.1920423235779,
    "stick_C3_9_23": 777.0155622716309,
    "stick_C3H6_9_25": 1681.0051559791204,
    "stick_C2H5_9_17": 1482.0533697970204,
    "loss_C_11_8": 1893.5791225727949,
    "stick_C4H2_9_20": 1993.3687201982723
  },
  "target_densities": {
    "H": 13944198060692.535,
    "CH": 2235006040.350623,
    "C2": 17567876846.25946
  },
  "all_densities": {
    "e": 2011793309.0406857,
    "Ar": 1.0260006290377222e+16,
    "CH4": 1810589345360686.2,
    "ArPlus": 192017589.94350547,
    "CH4Plus": 853139503.1478592,
    "CH3Plus": 114832833.85451409,
    "CH5Plus": 1341810972.7182136,
    "ArHPlus": 139907595.8501911,
    "CH3Minus": 67573.58932936327,
    "H": 13944198060692.535,
    "C2": 17567876846.25946,
    "CH": 2235006040.350623,
    "H2": 46697004543581.39,
    "ArStar": 1065845817.9906777,
    "C2H4": 123165155766.09315,
    "C2H6": 1274943869576.5105,
    "CH2": 416935525161.66815,
    "C2H2": 738570627269.8593,
    "C2H5": 211491628177.38293,
    "CH3": 13455473826396.004,
    "C": 12476925709.156061,
    "H3Plus": 31710.424548226063,
    "C2H3": 1560687839.5594125,
    "C3H2": 165034096.09720436,
    "CHPlus": 42.06266693979258,
    "C3H": 92346474.07154033,
    "C4H2": 7163.406120946913,
    "C2H": 113141055.9671217,
    "C3H3": 207779.27804911011,
    "C3H4": 13808463.18957085,
    "C3": 127311780.80028436,
    "C3H5": 47268506.6460039,
    "C4H": 29056.154779437664,
    "C3H6": 201640630.77383402,
    "CH2Plus": 139849.72783218612,
    "C2H5Plus": 605362155.2617471,
    "C2H4Plus": 12275.305573945596,
    "C2H3Plus": 8183.537049297065,
    "HMinus": 625587128.0187608,
    "C2HPlus": 49269.94483957934,
    "H2Plus": 1051590.1927610335,
    "C2H2Star": 10994706.739145096
  }
}