{
  "pressure_mTorr": 500.0,
  "n_total": 1.2070595635737908e+16,
  "Te": 2.0641752953083237,
  "Ne": 2127588618.9402616,
  "E_field": 283.92402415131534,
  "n_i_total": 1138180410.0187032,
  "Ni_over_Ne": 0.5349626332301136,
  "charge_imbalance_pct": 46.50373667698863,
  "rate_values": {
    "loss_C2_11_3": 1610.936321295709,
    "e_CH4_CH3_HMinus_cm3_8_1": 2.4346646278749656e-13,
    "loss_C2H2Star_11_25": 6734.181069650935,
    "e_CH4Plus_CH2_H2_cm3_6_9": 1.3274949593393782e-06,
    "loss_C3H4_11_18": 466.60754611529865,
    "e_CH4Plus_CH_H2_H_cm3_6_11": 2.45926159155659e-07,
    "stick_ArStar_9_5": 495.9370199214225,
    "loss_C4H_11_15": 271.91302193261726,
    "loss_C4H2_11_11": 125.5260207143366,
    "loss_C3H6_11_16": 102.6771487521209,
    "loss_CH_11_9": 3576.4624670996527,
    "loss_C2H_11_12": 418.4716861933372,
    "e_CH4Plus_C_2H2_cm3_6_13": 6.930302344206524e-08,
    "ArStar_CH4_CH3_H_cm3_3_1": 2.79562704466659e-10,
    "loss_C3H3_11_13": 773.999938661691,
    "loss_C3H_11_10": 694.4472165621457,
    "stick_H_9_1": 3516.030735270666,
    "loss_C3_11_14": 990.4571285763473,
    "e_CH4Plus_CH3_H_cm3_6_4": 6.282792659065028e-07,
    "e_CH4_CH_H2_H_vib_cm3_1_3": 4.354193966059543e-11,
    "stick_C2_9_9": 6089.370754699354,
    "stick_C_9_10": 5297.8099652852525,
    "stick_CH_9_3": 3797.579465560008,
    "loss_CH2_11_1": 5346.018395575824,
    "stick_CH3_9_2": 5506.329341010725,
    "e_Ar_ArStar_cm3_1_7": 5.698317526063331e-11,
    "stick_C4H_9_24": 1966.1235458459792,
    "stick_C2H2_9_11": 1823.1518043240103,
    "stick_H2_9_16": 775.307956332294,
    "stick_C2H4_9_12": 797.0069664155931,
    "stick_C3_9_23": 1010.0279037965341,
    "stick_C3H3_9_21": 1219.6707320372911,
    "stick_C4H2_9_20": 851.0619659869924,
    "stick_C3H6_9_25": 1062.428026404304,
    "stick_C3H4_9_22": 1819.7425372120722,
    "stick_C3H_9_19": 1299.1343214056112,
    "stick_C2H5_9_17": 660.0921857233943,
    "loss_C_11_8": 1964.523485592426,
    "stick_C2H6_9_14": 1066.2657191935834,
    "e_CH4_CH3Plus_H_cm3_2_1": 3.434799526380585e-11
  },
  "target_densities": {
    "H": 29509351433165.668,
    "CH": 13348693591.817173,
    "C2": 69656781147.68527
  },
  "all_densities": {
    "e": 2127588618.9402616,
    "Ar": 1.0260006290377222e+16,
    "CH4": 1810589345360686.2,
    "ArPlus": 138295107.2657269,
    "CH4Plus": 90398731.37274876,
    "CH3Plus": 59771036.11821242,
    "CH5Plus": 84840934.64548649,
    "ArHPlus": 55615225.84965031,
    "CH3Minus": 33684.226489614564,
    "H": 29509351433165.668,
    "C2": 69656781147.68527,
    "CH": 13348693591.817173,
    "H2": 83479807857356.05,
    "ArStar": 521291321.2022686,
    "C2H4": 234928439050.5312,
    "C2H6": 3976849167236.7476,
    "CH2": 1160362409223.7778,
    "C2H2": 2367658417875.747,
    "C2H5": 1629405108945.2817,
    "CH3": 24988637194959.88,
    "C": 50487878562.84075,
    "H3Plus": 18471221.974197626,
    "C2H3": 59346905345.88862,
    "C3H2": 3156301424.9704623,
    "CHPlus": 15568.228735700966,
    "C3H": 1584284265.4574614,
    "C4H2": 2165511.506378641,
    "C2H": 2266050155.730742,
    "C3H3": 39735933.65884731,
    "C3H4": 150877442.12636626,
    "C3": 1672834350.9214377,
    "C3H5": 2175042953.6252046,
    "C4H": 1882565.3348088944,
    "C3H6": 9656838263.550758,
    "CH2Plus": 22208.780120146155,
    "C2H5Plus": 34712181.14518116,
    "C2H4Plus": 5760.962078321151,
    "C2H3Plus": 3840.6413855474343,
    "HMinus": 307263178.7859329,
    "C2HPlus": 38256.86737302109,
    "H2Plus": 655990336.1678069,
    "C2H2Star": 10996791.788440265
  }
}