{
  "pressure_mTorr": 500.0,
  "n_total": 1.2070595635737908e+16,
  "Te": 3.813389965093188,
  "Ne": 1695907968.3746781,
  "E_field": 238.81638585786123,
  "n_i_total": 27153005624.870415,
  "Ni_over_Ne": 16.010895715581356,
  "charge_imbalance_pct": 1501.0895715581353,
  "rate_values": {
    "loss_C2_11_3": 1174.2049856382432,
    "e_CH4_CH3_HMinus_cm3_8_1": 3.895919360334221e-13,
    "loss_C2H2Star_11_25": 7573.59976810274,
    "e_CH4Plus_CH2_H2_cm3_6_9": 1.7617829362048976e-06,
    "loss_C3H4_11_18": 164.00450180933467,
    "e_CH4Plus_CH_H2_H_cm3_6_11": 2.1092662266162614e-07,
    "loss_C4H2_11_11": 658.2905593456617,
    "ArStar_CH4_CH3_H_cm3_3_1": 2.8379390783858813e-10,
    "e_CH4Plus_C_2H2_cm3_6_13": 7.417895184380958e-08,
    "stick_ArStar_9_5": 694.5293688978483,
    "stick_H_9_1": 3741.59544064122,
    "loss_C3H_11_10": 997.9114132017032,
    "loss_C4H_11_15": 461.42262749312647,
    "loss_C3_11_14": 451.518318584193,
    "loss_C3H3_11_13": 503.3775512637658,
    "loss_C3H6_11_16": 933.6805723292964,
    "loss_C2H_11_12": 221.77406071281786,
    "loss_CH_11_9": 2854.2895004344473,
    "e_CH4Plus_CH3_H_cm3_6_4": 5.667095034973774e-07,
    "e_CH4_CH_H2_H_vib_cm3_1_3": 6.319730136380817e-11,
    "stick_C2_9_9": 3021.629481140786,
    "stick_C_9_10": 3181.6328090445163,
    "stick_CH_9_3": 4604.0428026318805,
    "loss_CH2_11_1": 3867.822250542593,
    "stick_CH3_9_2": 5790.679119829985,
    "e_Ar_ArStar_cm3_1_7": 1.430895927222122e-10,
    "stick_C4H_9_24": 980.0072134210765,
    "stick_C2H5_9_17": 644.5330047161895,
    "stick_C2H6_9_14": 930.6106210899151,
    "stick_C3H4_9_22": 1909.5274665222414,
    "stick_H2_9_16": 341.67965848926855,
    "stick_C2H2_9_11": 1572.7937975981006,
    "stick_C2H4_9_12": 500.18910346798043,
    "stick_C4H2_9_20": 565.6884966538281,
    "stick_C3_9_23": 542.2459804257413,
    "loss_C_11_8": 1237.9623439817053,
    "stick_C3H3_9_21": 1731.0647836405562,
    "stick_C3H_9_19": 1701.8844152516144,
    "stick_C3H6_9_25": 797.4283829746108,
    "e_CH4_CH4Plus_cm3_2_2": 1.655974199908183e-11
  },
  "target_densities": {
    "H": 22099555515939.438,
    "CH": 13324456524.92396,
    "C2": 121772633650.40446
  },
  "all_densities": {
    "e": 1695907968.3746781,
    "Ar": 1.0260006290377222e+16,
    "CH4": 1810589345360686.2,
    "ArPlus": 175108773.22326738,
    "CH4Plus": 105858688.38320953,
    "CH3Plus": 78243452.69909419,
    "CH5Plus": 905245274.1023334,
    "ArHPlus": 77140342.13667765,
    "CH3Minus": 34336.789712490594,
    "H": 22099555515939.438,
    "C2": 121772633650.40446,
    "CH": 13324456524.92396,
    "H2": 80742898370614.28,
    "ArStar": 1040239731.2484113,
    "C2H4": 296985371033.1036,
    "C2H6": 5011671806292.281,
    "CH2": 1361350241460.9465,
    "C2H2": 3116293977181.6807,
    "C2H5": 2077674089531.634,
    "CH3": 26889777967499.773,
    "C": 66322790576.94998,
    "H3Plus": 744370194.7417921,
    "C2H3": 58564685478.43837,
    "C3H2": 4146767020.0961423,
    "CHPlus": 212881.9285511518,
    "C3H": 1537243677.6104445,
    "C4H2": 1673471.1635901663,
    "C2H": 17232957991.94776,
    "C3H3": 34923371.85719817,
    "C3H4": 209926135.5906829,
    "C3": 4504894368.658817,
    "C3H5": 2768387807.892523,
    "C4H": 3833236.645303248,
    "C3H6": 8213168775.564291,
    "CH2Plus": 40550.495786731735,
    "C2H5Plus": 54073731.765476175,
    "C2H4Plus": 6901.6167520055515,
    "C2H3Plus": 4601.077834670368,
    "HMinus": 409483114.00754946,
    "C2HPlus": 47704.58560768452,
    "H2Plus": 25012652528.114033,
    "C2H2Star": 25681521.93334021
  }
}