{
  "pressure_mTorr": 500.0,
  "n_total": 1.2070595635737908e+16,
  "Te": 1.0601939992530238,
  "Ne": 2734807497.9970584,
  "E_field": 207.4522051896259,
  "n_i_total": 1135022581.5532613,
  "Ni_over_Ne": 0.415028327362909,
  "charge_imbalance_pct": 58.497167263709095,
  "rate_values": {
    "loss_C2_11_3": 951.2707523226164,
    "e_CH4_CH3_HMinus_cm3_8_1": 9.09889231283234e-13,
    "loss_C2H2Star_11_25": 8068.999775190107,
    "e_CH4Plus_CH2_H2_cm3_6_9": 2.7758449945409984e-06,
    "loss_C3H4_11_18": 849.737730230342,
    "e_CH4Plus_CH_H2_H_cm3_6_11": 1.106826790927383e-06,
    "loss_C4H_11_15": 192.92467611824065,
    "stick_ArStar_9_5": 186.69844571182173,
    "loss_C4H2_11_11": 247.6850545600218,
    "loss_C2H_11_12": 488.65126915417954,
    "loss_C3H3_11_13": 159.07195051369774,
    "e_CH4Plus_C_2H2_cm3_6_13": 7.023799435428176e-08,
    "loss_C3H6_11_16": 617.4414417688644,
    "loss_CH_11_9": 8764.644817289589,
    "ArStar_CH4_CH3_H_cm3_3_1": 2.491550086040658e-10,
    "stick_H_9_1": 3291.783289879119,
    "loss_C3_11_14": 838.3498730937447,
    "loss_C3H_11_10": 725.3897938104117,
    "e_CH4Plus_CH3_H_cm3_6_4": 4.047520500512197e-07,
    "e_CH4_CH_H2_H_vib_cm3_1_3": 5.4605483439486814e-11,
    "stick_C2_9_9": 5217.782433916249,
    "stick_CH_9_3": 1549.3683784501986,
    "stick_C_9_10": 4555.89246656788,
    "loss_CH2_11_1": 5542.498886005913,
    "stick_CH3_9_2": 5259.38093489836,
    "e_Ar_ArStar_cm3_1_7": 1.7971844308744053e-10,
    "stick_C2H4_9_12": 1163.9806538397745,
    "stick_C3H4_9_22": 1681.109139573514,
    "stick_C3H_9_19": 1931.1232060867028,
    "stick_C3H3_9_21": 1454.8464364341642,
    "stick_C4H2_9_20": 823.2271185067405,
    "stick_C3_9_23": 1259.6758984137728,
    "stick_C2H2_9_11": 869.984493807523,
    "stick_C2H5_9_17": 530.7656068752824,
    "stick_C4H_9_24": 1312.0310453617938,
    "loss_C_11_8": 683.0698076258117,
    "stick_C3H6_9_25": 785.982090737579,
    "stick_C2H6_9_14": 628.0512482875088,
    "stick_H2_9_16": 856.3200257708277,
    "e_CH4_CH4Plus_cm3_2_2": 1.0656762575440412e-11
  },
  "target_densities": {
    "H": 30352628544011.082,
    "CH": 16275272974.396551,
    "C2": 132697034214.61537
  },
  "all_densities": {
    "e": 2734807497.9970584,
    "Ar": 1.0260006290377222e+16,
    "CH4": 1810589345360686.2,
    "ArPlus": 310618729.92275923,
    "CH4Plus": 212108575.5924937,
    "CH3Plus": 132927345.23346122,
    "CH5Plus": 226212101.69286484,
    "ArHPlus": 146766983.98082295,
    "CH3Minus": 28484.353808653053,
    "H": 30352628544011.082,
    "C2": 132697034214.61537,
    "CH": 16275272974.396551,
    "H2": 84311075079349.56,
    "ArStar": 2162222103.6136813,
    "C2H4": 264230005362.80353,
    "C2H6": 6189848738324.474,
    "CH2": 1107358842853.173,
    "C2H2": 3807316025564.228,
    "C2H5": 1784455506789.2695,
    "CH3": 26453922310814.113,
    "C": 74894798752.75523,
    "H3Plus": 22918.223701882645,
    "C2H3": 21269029526.78136,
    "C3H2": 6186442158.098899,
    "CHPlus": 181.42039790927015,
    "C3H": 2331144910.583466,
    "C4H2": 3542776.029333259,
    "C2H": 1806332401.6082199,
    "C3H3": 21448374.604833703,
    "C3H4": 186912020.17303792,
    "C3": 3159373417.8820724,
    "C3H5": 2904250048.36605,
    "C4H": 6690298.819180924,
    "C3H6": 13470553816.500465,
    "CH2Plus": 64510.00335136466,
    "C2H5Plus": 105527970.85301813,
    "C2H4Plus": 7100.081754693778,
    "C2H3Plus": 4733.387836462518,
    "HMinus": 1388361145.982754,
    "C2HPlus": 70902.28052628413,
    "H2Plus": 690528.8802724946,
    "C2H2Star": 61214002.44349575
  }
}