{
  "pressure_mTorr": 500.0,
  "n_total": 1.2070595635737908e+16,
  "Te": 1.011757766694235,
  "Ne": 2408433487.9206038,
  "E_field": 224.87143101170258,
  "n_i_total": 589212667.1465278,
  "Ni_over_Ne": 0.2446456047475253,
  "charge_imbalance_pct": 75.53543952524747,
  "rate_values": {
    "loss_C2_11_3": 1450.5560183017692,
    "e_CH4_CH3_HMinus_cm3_8_1": 8.507426966084877e-13,
    "loss_C2H2Star_11_25": 5690.063028596023,
    "e_CH4Plus_CH2_H2_cm3_6_9": 3.211311806336425e-07,
    "e_CH_CHPlus_2e_cm3_2_10": 1.4824226597056537e-11,
    "loss_C3H4_11_18": 354.02988524126727,
    "e_CH4Plus_CH_H2_H_cm3_6_11": 4.133091994571428e-07,
    "loss_C3H_11_10": 376.90217108657515,
    "stick_ArStar_9_5": 388.00839669391496,
    "loss_C3_11_14": 438.4580354422955,
    "ArStar_CH4_CH3_H_cm3_3_1": 1.2574637041227094e-10,
    "loss_C4H_11_15": 813.6649969319647,
    "loss_C3H3_11_13": 911.3134887509501,
    "loss_C3H6_11_16": 436.09772919823683,
    "loss_C4H2_11_11": 730.2380639701282,
    "e_CH4Plus_C_2H2_cm3_6_13": 7.027791678339592e-08,
    "loss_C2H_11_12": 644.6936105175586,
    "loss_CH_11_9": 3571.9891657793305,
    "e_CH4Plus_CH3_H_cm3_6_4": 6.31651963920491e-07,
    "e_CH4_CH_H2_H_vib_cm3_1_3": 2.0348727477387414e-11,
    "stick_C_9_10": 5677.331225755853,
    "stick_C2_9_9": 5453.978687483542,
    "stick_H_9_1": 234.0515439525817,
    "stick_CH_9_3": 6102.150457816812,
    "loss_CH2_11_1": 3826.9700269950313,
    "stick_CH3_9_2": 5451.286100267156,
    "e_Ar_ArStar_cm3_1_7": 1.1096772165957712e-10,
    "stick_C3H3_9_21": 1013.5286098787866,
    "stick_H2_9_16": 315.32435429605584,
    "stick_C4H_9_24": 1206.7065308495346,
    "stick_C2H6_9_14": 1198.3641166801174,
    "stick_C3H6_9_25": 1684.68450152978,
    "stick_C2H2_9_11": 1756.1807267695485,
    "stick_C2H5_9_17": 1725.167256726527,
    "stick_C2H4_9_12": 1242.9188515165367,
    "stick_C3H4_9_22": 1261.3270153622504,
    "stick_C3_9_23": 1176.6402287919493,
    "stick_C4H2_9_20": 1433.5120204658444,
    "stick_C3H_9_19": 1046.8544728920763,
    "loss_C_11_8": 1522.5547853996854
  },
  "target_densities": {
    "H": 42304333873663.73,
    "CH": 11634946893.44599,
    "C2": 172919836375.1943
  },
  "all_densities": {
    "e": 2408433487.9206038,
    "Ar": 1.0260006290377222e+16,
    "CH4": 1810589345360686.2,
    "ArPlus": 165186388.53465846,
    "CH4Plus": 114740435.87053189,
    "CH3Plus": 69534247.33492036,
    "CH5Plus": 110472086.60032158,
    "ArHPlus": 77744275.33384281,
    "CH3Minus": 27413.33565496693,
    "H": 42304333873663.73,
    "C2": 172919836375.1943,
    "CH": 11634946893.44599,
    "H2": 147042109962134.34,
    "ArStar": 1286049627.7103412,
    "C2H4": 641264056566.4569,
    "C2H6": 6628717069275.26,
    "CH2": 1848148023167.8542,
    "C2H2": 4270042553953.973,
    "C2H5": 1919038908912.5989,
    "CH3": 33570510762783.234,
    "C": 111590425375.27971,
    "H3Plus": 25336.63215292996,
    "C2H3": 18419756203.461964,
    "C3H2": 4962398110.95239,
    "CHPlus": 165.86933558125352,
    "C3H": 3486631776.7430134,
    "C4H2": 1874836.4633793088,
    "C2H": 1042371636.1579453,
    "C3H3": 11134050.183652367,
    "C3H4": 508072275.79507726,
    "C3": 3325218394.657213,
    "C3H5": 2232791579.1654625,
    "C4H": 2857753.521624166,
    "C3H6": 6833235014.802426,
    "CH2Plus": 51956.94859873662,
    "C2H5Plus": 50948015.61082852,
    "C2H4Plus": 8512.691108228611,
    "C2H3Plus": 5675.12740548574,
    "HMinus": 1160853064.0703225,
    "C2HPlus": 37726.77604081604,
    "H2Plus": 457843.8167823465,
    "C2H2Star": 57906071.78748388
  }
}