{
  "pressure_mTorr": 500.0,
  "n_total": 1.2070595635737908e+16,
  "Te": 1.1813389965093188,
  "Ne": 1695907968.3746781,
  "E_field": 238.81638585786123,
  "n_i_total": 642704910.7128054,
  "Ni_over_Ne": 0.37897393178048455,
  "charge_imbalance_pct": 62.10260682195155,
  "rate_values": {
    "loss_C2_11_3": 1174.2049856382432,
    "e_CH4_CH3_HMinus_cm3_8_1": 3.895919360334221e-13,
    "loss_C2H2Star_11_25": 7573.59976810274,
    "stick_H_9_1": 2271.778389040194,
    "e_CH4Plus_CH2_H2_cm3_6_9": 2.325807537479075e-07,
    "loss_C3H4_11_18": 241.1793379329788,
    "e_CH4Plus_CH_H2_H_cm3_6_11": 7.823551280891419e-07,
    "loss_C4H2_11_11": 567.5878156771762,
    "loss_CH_11_9": 7417.895184380958,
    "stick_ArStar_9_5": 694.5293688978483,
    "e_CH4Plus_C_2H2_cm3_6_13": 9.61849727671265e-08,
    "loss_C3H6_11_16": 997.9114132017032,
    "loss_C3H3_11_13": 461.42262749312647,
    "loss_C3_11_14": 451.518318584193,
    "loss_C4H_11_15": 503.3775512637658,
    "loss_C2H_11_12": 933.6805723292964,
    "loss_C3H_11_10": 221.77406071281786,
    "ArStar_CH4_CH3_H_cm3_3_1": 1.4271447502172238e-10,
    "e_CH4Plus_CH3_H_cm3_6_4": 5.667095034973774e-07,
    "e_CH4_CH_H2_H_vib_cm3_1_3": 6.319730136380817e-11,
    "stick_C2_9_9": 3021.629481140786,
    "stick_CH_9_3": 3181.6328090445163,
    "stick_C_9_10": 4604.0428026318805,
    "loss_CH2_11_1": 3867.822250542593,
    "stick_CH3_9_2": 5790.679119829985,
    "e_Ar_ArStar_cm3_1_7": 1.430895927222122e-10,
    "stick_C4H_9_24": 980.0072134210765,
    "stick_C2H2_9_11": 644.5330047161895,
    "stick_C2H6_9_14": 930.6106210899151,
    "stick_C4H2_9_20": 1909.5274665222414,
    "stick_C3H4_9_22": 683.3593169785371,
    "stick_C2H5_9_17": 1572.7937975981006,
    "stick_C3H6_9_25": 500.18910346798043,
    "stick_H2_9_16": 282.84424832691406,
    "loss_C_11_8": 542.2459804257413,
    "stick_C3_9_23": 1237.9623439817053,
    "stick_C3H3_9_21": 1731.0647836405562,
    "stick_C3H_9_19": 1701.8844152516144,
    "stick_C2H4_9_12": 797.4283829746108,
    "e_CH4_CH4Plus_cm3_2_2": 1.655974199908183e-11
  },
  "target_densities": {
    "H": 33435385811562.062,
    "CH": 21079612006.43727,
    "C2": 210569654819.04495
  },
  "all_densities": {
    "e": 1695907968.3746781,
    "Ar": 1.0260006290377222e+16,
    "CH4": 1810589345360686.2,
    "ArPlus": 186686808.28898093,
    "CH4Plus": 112990482.95970026,
    "CH3Plus": 82735706.82679395,
    "CH5Plus": 117082862.6460566,
    "ArHPlus": 83509471.0729893,
    "CH3Minus": 18249.36051194463,
    "H": 33435385811562.062,
    "C2": 210569654819.04495,
    "CH": 21079612006.43727,
    "H2": 115972229798404.47,
    "ArStar": 1158221146.6741498,
    "C2H4": 408786704501.84,
    "C2H6": 5102740364520.737,
    "CH2": 1364110918335.284,
    "C2H2": 4422640223412.779,
    "C2H5": 1247765339378.7898,
    "CH3": 27049003060220.863,
    "C": 112201786283.71603,
    "H3Plus": 100990.02675895051,
    "C2H3": 27661138207.069744,
    "C3H2": 9303143330.176405,
    "CHPlus": 374.1255462219508,
    "C3H": 4841061623.799242,
    "C4H2": 4119618.55236441,
    "C2H": 2244707611.8178954,
    "C3H3": 26594727.892187454,
    "C3H4": 1025243410.4688658,
    "C3": 6043572765.512586,
    "C3H5": 2630240922.918541,
    "C4H": 13220214.775635632,
    "C3H6": 12845449253.02832,
    "CH2Plus": 42965.607392641235,
    "C2H5Plus": 57099166.68585118,
    "C2H4Plus": 9499.606256003095,
    "C2H3Plus": 6333.070837335397,
    "HMinus": 540797819.0804801,
    "C2HPlus": 67697.9657344151,
    "H2Plus": 2372551.8299075477,
    "C2H2Star": 40580930.503843434
  }
}