{
  "pressure_mTorr": 500.0,
  "n_total": 1.2070595635737908e+16,
  "Te": 1.4801655584470927,
  "Ne": 2823751290.980729,
  "E_field": 194.46974875644491,
  "n_i_total": 1383579982.1609638,
  "Ni_over_Ne": 0.48997940667799633,
  "charge_imbalance_pct": 51.00205933220037,
  "rate_values": {
    "loss_C2_11_3": 131.52674077842698,
    "e_CH4_CH3_HMinus_cm3_8_1": 5.365679127504031e-13,
    "loss_C2H2Star_11_25": 538.8595189299785,
    "e_CH4Plus_CH2_H2_cm3_6_9": 1.3031407862550774e-06,
    "e_CH_CHPlus_2e_cm3_2_10": 1.751534488880682e-11,
    "loss_C3H4_11_18": 1134.657403972462,
    "e_CH4Plus_CH_H2_H_cm3_6_11": 7.900507614818346e-07,
    "loss_C4H_11_15": 160.66695142568307,
    "stick_ArStar_9_5": 428.19881395986283,
    "loss_C3H_11_10": 211.36115260520444,
    "loss_C3H3_11_13": 344.0679073556761,
    "loss_C3_11_14": 148.19502359363372,
    "ArStar_CH4_CH3_H_cm3_3_1": 3.889679142234427e-10,
    "loss_C3H6_11_16": 754.034540400763,
    "loss_C2H_11_12": 482.3061689304003,
    "e_CH4Plus_C_2H2_cm3_6_13": 4.7106883310157894e-08,
    "loss_C4H2_11_11": 812.745846895084,
    "loss_CH_11_9": 4359.109349230742,
    "e_CH4Plus_CH3_H_cm3_6_4": 1.5398113831965118e-07,
    "e_CH4_CH_H2_H_vib_cm3_1_3": 8.673035375859063e-11,
    "stick_C2_9_9": 1564.2527860819941,
    "stick_CH_9_3": 2711.4718641630297,
    "stick_C_9_10": 5409.328434093563,
    "stick_H_9_1": 103.37148029039741,
    "loss_CH2_11_1": 1666.9975935381765,
    "stick_CH3_9_2": 2088.265114189893,
    "e_Ar_ArStar_cm3_1_7": 1.6112412803926816e-10,
    "stick_C4H2_9_20": 1859.4536797083874,
    "stick_C3H4_9_22": 594.9529201384355,
    "stick_C2H5_9_17": 986.7916186643924,
    "stick_C2H6_9_14": 1497.959094899271,
    "stick_C2H2_9_11": 1098.6427709917693,
    "stick_C3H3_9_21": 864.6611601826629,
    "stick_H2_9_16": 486.3684699289798,
    "stick_C3_9_23": 1492.3923459623961,
    "stick_C3H6_9_25": 1397.83144049551,
    "stick_C2H4_9_12": 1401.640301348025,
    "loss_C_11_8": 759.0287044134103,
    "stick_C4H_9_24": 1542.4287866295722,
    "stick_C3H_9_19": 876.240973045998
  },
  "target_densities": {
    "H": 43281826081480.63,
    "CH": 40832511425.51594,
    "C2": 984484352506.5516
  },
  "all_densities": {
    "e": 2823751290.980729,
    "Ar": 1.0260006290377222e+16,
    "CH4": 1810589345360686.2,
    "ArPlus": 312772570.6262352,
    "CH4Plus": 265977875.92227176,
    "CH3Plus": 149460914.07056165,
    "CH5Plus": 271342538.92540634,
    "ArHPlus": 154760141.0210797,
    "CH3Minus": 85097.55307283692,
    "H": 43281826081480.63,
    "C2": 984484352506.5516,
    "CH": 40832511425.51594,
    "H2": 153340209318119.8,
    "ArStar": 1781932830.5055494,
    "C2H4": 2133957046695.6135,
    "C2H6": 10789159574004.623,
    "CH2": 3427103868536.9814,
    "C2H2": 11876770011028.068,
    "C2H5": 6361029229692.879,
    "CH3": 46504890053654.56,
    "C": 362781945732.8137,
    "H3Plus": 5887878.630434178,
    "C2H3": 81027777133.98906,
    "C3H2": 48298619324.81118,
    "CHPlus": 932.1532381408216,
    "C3H": 44422904023.66994,
    "C4H2": 67880362.90114447,
    "C2H": 11217774876.861113,
    "C3H3": 273722848.60708266,
    "C3H4": 5541612853.699022,
    "C3": 34460602026.36173,
    "C3H5": 25973679869.947548,
    "C4H": 115798183.35221581,
    "C3H6": 50755327383.09664,
    "CH2Plus": 239466.77137412006,
    "C2H5Plus": 126978954.34963709,
    "C2H4Plus": 101383.52756483755,
    "C2H3Plus": 67589.01837655841,
    "HMinus": 1130984645.9072025,
    "C2HPlus": 371510.2671950507,
    "H2Plus": 95618226.87758929,
    "C2H2Star": 2356488731.4273925
  }
}