{
  "pressure_mTorr": 500.0,
  "n_total": 1.2070595635737908e+16,
  "Te": 1.0680284233902197,
  "Ne": 2140964956.1886706,
  "E_field": 232.87690994764984,
  "n_i_total": 737080873.0145086,
  "Ni_over_Ne": 0.3442750760043519,
  "charge_imbalance_pct": 65.5724923995648,
  "rate_values": {
    "loss_C2_11_3": 1687.5409570187292,
    "e_CH4_CH3_HMinus_cm3_8_1": 8.864447848722506e-14,
    "loss_C2H2Star_11_25": 8502.870335659189,
    "e_CH4Plus_CH2_H2_cm3_6_9": 1.570809338388253e-06,
    "e_CH_CHPlus_2e_cm3_2_10": 1.676941725165062e-11,
    "loss_C3H4_11_18": 1033.8398401090697,
    "e_CH4Plus_CH_H2_H_cm3_6_11": 4.369434282680032e-07,
    "loss_C4H_11_15": 301.2823423335525,
    "stick_ArStar_9_5": 177.29812822429628,
    "loss_C3H_11_10": 161.38798485875037,
    "loss_C3H3_11_13": 368.2392679201168,
    "loss_C3_11_14": 991.7883302476725,
    "ArStar_CH4_CH3_H_cm3_3_1": 3.55312860895166e-10,
    "loss_C3H6_11_16": 267.67658651239094,
    "loss_C2H_11_12": 745.3743521032646,
    "e_CH4Plus_C_2H2_cm3_6_13": 7.278871916655477e-08,
    "loss_C4H2_11_11": 796.2582245694423,
    "loss_CH_11_9": 6078.928271216014,
    "e_CH4Plus_CH3_H_cm3_6_4": 4.784830811620675e-07,
    "e_CH4_CH_H2_H_vib_cm3_1_3": 4.022624863383148e-11,
    "stick_C2_9_9": 2779.748303541862,
    "stick_CH_9_3": 5684.730794305028,
    "stick_C_9_10": 4306.743048337443,
    "stick_H_9_1": 134.66827204511839,
    "loss_CH2_11_1": 2512.7182676917982,
    "stick_CH3_9_2": 3382.0897003458654,
    "e_Ar_ArStar_cm3_1_7": 1.557184536988526e-10,
    "stick_C4H2_9_20": 1200.3704152223336,
    "stick_C3H4_9_22": 1940.7286106588133,
    "stick_C2H5_9_17": 1089.6663533667463,
    "stick_C2H6_9_14": 1508.3788286963868,
    "stick_C2H2_9_11": 653.2053307357137,
    "stick_C3H3_9_21": 1325.8447248765876,
    "stick_H2_9_16": 313.4248420842722,
    "stick_C3_9_23": 546.7049310097872,
    "stick_C3H6_9_25": 721.863843466965,
    "stick_C2H4_9_12": 1444.0762574478028,
    "loss_C_11_8": 1935.1446960930118,
    "stick_C4H_9_24": 1449.1044778564226,
    "stick_C3H_9_19": 1168.288612397755
  },
  "target_densities": {
    "H": 42895101399133.164,
    "CH": 24939403505.327034,
    "C2": 566410437620.4249
  },
  "all_densities": {
    "e": 2140964956.1886706,
    "Ar": 1.0260006290377222e+16,
    "CH4": 1810589345360686.2,
    "ArPlus": 211636253.12552983,
    "CH4Plus": 141085698.2082667,
    "CH3Plus": 88414274.65109551,
    "CH5Plus": 134640875.00006148,
    "ArHPlus": 97368440.92073588,
    "CH3Minus": 31001.096973916956,
    "H": 42895101399133.164,
    "C2": 566410437620.4249,
    "CH": 24939403505.327034,
    "H2": 156904098695093.84,
    "ArStar": 1338461941.8086386,
    "C2H4": 1283253302828.386,
    "C2H6": 8295593695934.721,
    "CH2": 2689891098282.7075,
    "C2H2": 10497303618398.34,
    "C2H5": 4314086396419.7407,
    "CH3": 40855076000122.79,
    "C": 241710326963.09467,
    "H3Plus": 55657.53397356108,
    "C2H3": 45414503021.868286,
    "C3H2": 26114521008.03979,
    "CHPlus": 345.27999133788387,
    "C3H": 19651875136.60433,
    "C4H2": 24546680.033558547,
    "C2H": 5276439677.168407,
    "C3H3": 66856815.87643601,
    "C3H4": 1183497024.63801,
    "C3": 18852755151.295837,
    "C3H5": 10759074139.71542,
    "C4H": 37207808.54012365,
    "C3H6": 48925215602.69355,
    "CH2Plus": 92848.10984283483,
    "C2H5Plus": 62635683.944060646,
    "C2H4Plus": 25957.538633314434,
    "C2H3Plus": 17305.025755542956,
    "HMinus": 518921519.16908616,
    "C2HPlus": 148113.70362168545,
    "H2Plus": 959419.9729403829,
    "C2H2Star": 99144694.6514941
  }
}