{
  "pressure_mTorr": 500.0,
  "n_total": 1.2070595635737908e+16,
  "Te": 1.0680284233902197,
  "Ne": 1804531639.5403652,
  "E_field": 232.87690994764984,
  "n_i_total": 497222816.24956393,
  "Ni_over_Ne": 0.2755412015808225,
  "charge_imbalance_pct": 72.44587984191774,
  "rate_values": {
    "loss_C2_11_3": 1687.5409570187292,
    "e_CH4_CH3_HMinus_cm3_8_1": 8.864447848722506e-14,
    "loss_C2H2Star_11_25": 8502.870335659189,
    "e_CH4Plus_CH2_H2_cm3_6_9": 1.570809338388253e-06,
    "loss_C3H4_11_18": 1019.882673012953,
    "e_CH4Plus_CH_H2_H_cm3_6_11": 8.337313029428404e-07,
    "loss_C4H_11_15": 375.68098676472994,
    "stick_ArStar_9_5": 215.11559242615644,
    "loss_C4H2_11_11": 248.31670619649339,
    "loss_C2H_11_12": 161.38798485875037,
    "loss_C3H3_11_13": 368.2392679201168,
    "e_CH4Plus_C_2H2_cm3_6_13": 9.917883302476724e-08,
    "loss_C3H6_11_16": 710.6257217903318,
    "loss_CH_11_9": 2676.765865123909,
    "ArStar_CH4_CH3_H_cm3_3_1": 3.7268717605163236e-10,
    "stick_H_9_1": 2831.4811755789806,
    "loss_C3_11_14": 796.2582245694423,
    "loss_C3H_11_10": 607.8928271216014,
    "e_CH4Plus_CH3_H_cm3_6_4": 4.784830811620675e-07,
    "e_CH4_CH_H2_H_vib_cm3_1_3": 4.022624863383148e-11,
    "stick_C2_9_9": 2779.748303541862,
    "stick_CH_9_3": 5684.730794305028,
    "stick_C_9_10": 4306.743048337443,
    "loss_CH2_11_1": 1628.6193849448046,
    "stick_CH3_9_2": 2446.078343009546,
    "e_Ar_ArStar_cm3_1_7": 1.0612393031351107e-10,
    "stick_C2H4_9_12": 1739.8405753448494,
    "stick_C3H4_9_22": 1200.3704152223336,
    "stick_C3H_9_19": 1940.7286106588133,
    "stick_C3H3_9_21": 1089.6663533667463,
    "stick_C4H2_9_20": 1885.4735358704838,
    "stick_C3_9_23": 653.2053307357137,
    "stick_C2H2_9_11": 1325.8447248765876,
    "stick_C2H5_9_17": 626.8496841685444,
    "stick_C4H_9_24": 546.7049310097872,
    "loss_C_11_8": 721.863843466965,
    "stick_C3H6_9_25": 1444.0762574478028,
    "stick_C2H6_9_14": 1548.1157568744095,
    "stick_H2_9_16": 724.5522389282113,
    "e_CH4_CH4Plus_cm3_2_2": 2.2652931061397493e-11
  },
  "target_densities": {
    "H": 31522439367860.457,
    "CH": 25989805192.02593,
    "C2": 301226320858.3859
  },
  "all_densities": {
    "e": 1804531639.5403652,
    "Ar": 1.0260006290377222e+16,
    "CH4": 1810589345360686.2,
    "ArPlus": 143149896.5330817,
    "CH4Plus": 96126532.22640128,
    "CH3Plus": 60456909.91403852,
    "CH5Plus": 89896213.11846133,
    "ArHPlus": 64092926.09378822,
    "CH3Minus": 23184.470507514085,
    "H": 31522439367860.457,
    "C2": 301226320858.3859,
    "CH": 25989805192.02593,
    "H2": 98033966970639.16,
    "ArStar": 765754187.2594914,
    "C2H4": 474942329689.6482,
    "C2H6": 6402503042197.89,
    "CH2": 2413048107649.2354,
    "C2H2": 6580067596696.208,
    "C2H5": 4585162923072.963,
    "CH3": 36245660692526.83,
    "C": 150054822537.7732,
    "H3Plus": 19197.86294252201,
    "C2H3": 42852035113.41883,
    "C3H2": 17057136333.80472,
    "CHPlus": 184.04961500864775,
    "C3H": 6703249698.137707,
    "C4H2": 8164633.5414555315,
    "C2H": 5222586395.521811,
    "C3H3": 76391504.93819728,
    "C3H4": 611553005.4044943,
    "C3": 12878716481.066452,
    "C3H5": 11916749114.436642,
    "C4H": 48061407.04305313,
    "C3H6": 21100585395.10834,
    "CH2Plus": 56954.482079150366,
    "C2H5Plus": 42806289.63137193,
    "C2H4Plus": 8097.728728832859,
    "C2H3Plus": 5398.485819221906,
    "HMinus": 248103814.91748822,
    "C2HPlus": 78256.26587085883,
    "H2Plus": 525959.8573653805,
    "C2H2Star": 35555388.58558866
  }
}