{
  "pressure_mTorr": 500.0,
  "n_total": 1.2070595635737908e+16,
  "Te": 1.0487018283503546,
  "Ne": 2825829609.5135365,
  "E_field": 495.7888894174853,
  "n_i_total": 511829511.2216322,
  "Ni_over_Ne": 0.18112539747566134,
  "charge_imbalance_pct": 81.88746025243387,
  "rate_values": {
    "loss_C2_11_3": 1122.4558842882511,
    "e_CH4_CH3_HMinus_cm3_8_1": 2.223049833534661e-13,
    "loss_C2H2Star_11_25": 5369.764981991176,
    "stick_H_9_1": 3888.349800073282,
    "e_CH4Plus_CH2_H2_cm3_6_9": 1.6883310702352412e-06,
    "e_CH_CHPlus_2e_cm3_2_10": 2.3323908292596857e-11,
    "loss_C3H4_11_18": 815.6811087200765,
    "e_CH4Plus_CH_H2_H_cm3_6_11": 1.0803847986617244e-06,
    "loss_C3H_11_10": 675.2892258274758,
    "loss_C3H6_11_16": 726.978745865432,
    "loss_C4H_11_15": 607.2618701783895,
    "loss_C4H2_11_11": 956.0313107481257,
    "loss_C2H_11_12": 537.9451770473693,
    "e_CH4Plus_C_2H2_cm3_6_13": 4.076645485110767e-08,
    "stick_ArStar_9_5": 558.370421419052,
    "ArStar_CH4_CH3_H_cm3_3_1": 8.375762618989212e-11,
    "loss_C3_11_14": 868.6993406578204,
    "loss_CH_11_9": 4989.847786923333,
    "loss_C3H3_11_13": 275.1257374857079,
    "e_CH4Plus_CH3_H_cm3_6_4": 8.11956656375493e-07,
    "e_CH4_CH_H2_H_vib_cm3_1_3": 2.6067467641729425e-11,
    "stick_C_9_10": 1710.497973947426,
    "stick_CH_9_3": 1946.376895674532,
    "stick_C2_9_9": 4664.0838858578645,
    "loss_CH2_11_1": 5901.5902835514025,
    "stick_CH3_9_2": 4572.1338589516345,
    "e_Ar_ArStar_cm3_1_7": 1.5358604010384288e-10,
    "loss_C_11_8": 1769.6098318546547,
    "stick_C3_9_23": 1118.4125592159526,
    "stick_C4H_9_24": 701.0385849074991,
    "stick_C2H2_9_11": 1807.089274946985,
    "stick_C2H4_9_12": 641.8396930785867,
    "stick_C2H6_9_14": 605.4865319697271,
    "stick_C2H5_9_17": 1290.9996331112757,
    "stick_C3H_9_19": 1501.4758250716136,
    "stick_C3H4_9_22": 1471.0221366606722,
    "stick_C3H3_9_21": 1814.356124354143,
    "stick_C4H2_9_20": 1805.7879219786491,
    "stick_C3H6_9_25": 698.6500303903193,
    "stick_H2_9_16": 582.4276792760571
  },
  "target_densities": {
    "H": 28654685554341.766,
    "CH": 13076375790.226946,
    "C2": 95315167962.99617
  },
  "all_densities": {
    "e": 2825829609.5135365,
    "Ar": 1.0260006290377222e+16,
    "CH4": 1810589345360686.2,
    "ArPlus": 224967162.26312444,
    "CH4Plus": 80079973.60917424,
    "CH3Plus": 69488489.65946709,
    "CH5Plus": 46401271.55703942,
    "ArHPlus": 67459618.54063337,
    "CH3Minus": 12394.115457903366,
    "H": 28654685554341.766,
    "C2": 95315167962.99617,
    "CH": 13076375790.226946,
    "H2": 88324997280870.97,
    "ArStar": 2189135653.375112,
    "C2H4": 272745697573.7754,
    "C2H6": 6591204904688.288,
    "CH2": 1078280434621.9142,
    "C2H2": 2711086595065.5933,
    "C2H5": 1121737606186.8628,
    "CH3": 27018733477813.59,
    "C": 72127409539.56543,
    "H3Plus": 5882.230101177767,
    "C2H3": 17492216314.262604,
    "C3H2": 3540489035.181931,
    "CHPlus": 156.28275461687406,
    "C3H": 1627640220.8456774,
    "C4H2": 770638.2418827782,
    "C2H": 1075059489.874948,
    "C3H3": 10946962.40760035,
    "C3H4": 171564796.09811693,
    "C3": 1909501977.6651888,
    "C3H5": 1466826247.6529021,
    "C4H": 3538695.1770323757,
    "C3H6": 9917190311.050024,
    "CH2Plus": 13740.110268384109,
    "C2H5Plus": 23113233.811442338,
    "C2H4Plus": 2827.8918247495762,
    "C2H3Plus": 1885.261216499718,
    "HMinus": 720504374.84499,
    "C2HPlus": 19324.82294258368,
    "H2Plus": 275945.18164334784,
    "C2H2Star": 66315039.98275185
  }
}