{
  "pressure_mTorr": 500.0,
  "n_total": 1.2070595635737908e+16,
  "Te": 1.5370842898513613,
  "Ne": 2164840535.8384323,
  "E_field": 60.89979273972102,
  "n_i_total": 1959395104.4478457,
  "Ni_over_Ne": 0.9050990463318267,
  "charge_imbalance_pct": 9.490095366817334,
  "rate_values": {
    "loss_C2_11_3": 962.4179886385554,
    "e_CH4_CH3_HMinus_cm3_8_1": 6.315956933354789e-13,
    "loss_C2H2Star_11_25": 9316.609192521844,
    "e_CH4Plus_CH2_H2_cm3_6_9": 1.1145643804452772e-06,
    "e_CH_CHPlus_2e_cm3_2_10": 1.0012554572914175e-11,
    "loss_C3H4_11_18": 1177.7198669724746,
    "e_CH4Plus_CH_H2_H_cm3_6_11": 4.754281592049928e-07,
    "loss_C3H_11_10": 679.8474284834722,
    "loss_C3H3_11_13": 955.5521886385925,
    "loss_C2H_11_12": 426.0152011049513,
    "loss_C4H2_11_11": 293.973131181298,
    "ArStar_CH4_CH3_H_cm3_3_1": 3.371725967515241e-10,
    "loss_C3_11_14": 751.9693347578675,
    "loss_CH_11_9": 9218.258769378477,
    "e_CH4Plus_C_2H2_cm3_6_13": 4.5135550855241805e-08,
    "loss_C3H6_11_16": 550.7170502599448,
    "loss_C4H_11_15": 880.177436048552,
    "stick_ArStar_9_5": 445.030324964391,
    "e_CH4Plus_CH3_H_cm3_6_4": 7.11460966570292e-07,
    "e_CH4_CH_H2_H_vib_cm3_1_3": 5.954853929550021e-11,
    "stick_CH_9_3": 2692.349976256093,
    "stick_C2_9_9": 5576.061980403169,
    "stick_C_9_10": 3312.972555436376,
    "stick_H_9_1": 270.0260359871293,
    "loss_CH2_11_1": 4894.33998048789,
    "stick_CH3_9_2": 4949.475257116184,
    "e_Ar_ArStar_cm3_1_7": 5.927882564627103e-11,
    "CH_CH3_C2H4_cm3_7_5": 1.0155244995530503e-10,
    "e_CH4_CH3_H_cm3_1_1": 4.607964376102533e-11,
    "CH2_CH2_C2H2_H2_cm3_7_15": 8.933357793131315e-11,
    "e_C2H4_C2H2_H2_cm3_1_15": 1.0579257411832166e-10,
    "C_CH_C2_H_cm3_7_4": 1.0559212245636719e-10,
    "C2HPlus_e_C2_H_cm3_6_18": 2.2896166123717444e-07,
    "CH_C_C2_H_cm3_7_9": 1.1168729656272573e-10,
    "e_C2H2_C2_H2_cm3_1_16": 1.1920806858393416e-10,
    "CH_CH_C2_H2_cm3_5_4": 1.655513070414944e-10,
    "CH3_CH3_C2H2_H2_H2_cm3_7_49": 9.815973031518942e-12,
    "e_C2H4_C2H2_H_H_cm3_1_17": 2.7957063100823026e-11,
    "CH_CH4_C2H4_H_cm3_7_20": 7.029558527950103e-11,
    "CH2_CH3_C2H2_H_H2_cm3_7_62": 9.982986400049094e-12,
    "e_CH4_CH2_H2_cm3_1_2": 2.6811670861917814e-11,
    "CH2_C2H3_C2H2_CH3_cm3_7_53": 9.27416932692253e-11,
    "C_CH3_C2_H2_H_cm3_7_8": 8.792317594661365e-11,
    "C2H2_C_C2_CH2_cm3_7_19": 9.647953833581496e-11,
    "CH_H_C_H2_cm3_7_3": 1.0793275173650045e-10,
    "C2_H_CH_C_cm3_7_6": 8.58150819963404e-11,
    "e_C2H4_C2H2_H2_cm3_1_6": 3.284522809605597e-11,
    "CH_CH4_CH2_CH3_cm3_7_39": 1.0988915436753802e-11,
    "CH2_H_CH_H2_cm3_7_1": 1.798879383555735e-11,
    "C2H2_H_C2_H2_H_cm3_7_50": 1.0935684309310262e-11,
    "CH3_C2H5_C2H2_CH3_H2_cm3_7_61": 9.899442643648973e-12,
    "C_H_CH_cm3_7_12": 9.534709160502591e-11,
    "C2H_H_C2_H2_cm3_7_47": 1.1355491836313924e-10
  },
  "target_densities": {
    "H": 10493594366960.39,
    "CH": 3043364618.0339847,
    "C2": 12451228158.23727
  },
  "all_densities": {
    "e": 2164840535.8384323,
    "Ar": 1.0260006290377222e+16,
    "CH4": 1810589345360686.2,
    "ArPlus": 185760192.30501062,
    "CH4Plus": 491063984.6659316,
    "CH3Plus": 116837957.66830176,
    "CH5Plus": 654174241.5917326,
    "ArHPlus": 122123825.57393111,
    "CH3Minus": 51789.73674009371,
    "H": 10493594366960.39,
    "C2": 12451228158.23727,
    "CH": 3043364618.0339847,
    "H2": 30418278699547.3,
    "ArStar": 534105783.65732694,
    "C2H4": 215845817566.77307,
    "C2H6": 1366971234384.8867,
    "CH2": 278964905480.7002,
    "C2H2": 788278708707.1107,
    "C2H5": 94983359425.48856,
    "CH3": 11098795963570.908,
    "C": 8459650944.918124,
    "H3Plus": 1289654.393611026,
    "C2H3": 1811312838.8471751,
    "C3H2": 239828964.42440298,
    "CHPlus": 96.69345143983462,
    "C3H": 124291756.47215268,
    "C4H2": 24499.46351535498,
    "C2H": 362388227.50091183,
    "C3H3": 249936.74755621373,
    "C3H4": 29764030.289367057,
    "C3": 123618616.06555304,
    "C3H5": 28906899.53775366,
    "C4H": 34264.140271004326,
    "C3H6": 386039957.76843673,
    "CH2Plus": 48658.657708531675,
    "C2H5Plus": 315548128.8338671,
    "C2H4Plus": 25093.539143910053,
    "C2H3Plus": 16729.02609594004,
    "HMinus": 516601176.0854866,
    "C2HPlus": 60038.61717896994,
    "H2Plus": 72446502.88188113,
    "C2H2Star": 2711442.814145346
  }
}