{
  "pressure_mTorr": 500.0,
  "n_total": 1.2070595635737908e+16,
  "Te": 1.0326151990990626,
  "Ne": 2011793309.0406857,
  "E_field": 31.125459295130156,
  "n_i_total": 3495685734.7629356,
  "Ni_over_Ne": 1.7375968590082633,
  "charge_imbalance_pct": 73.75968590082633,
  "rate_values": {
    "loss_C2_11_3": 671.036531842345,
    "e_CH4_CH3_HMinus_cm3_8_1": 7.624191034785497e-13,
    "loss_C2H2Star_11_25": 4295.898561242793,
    "e_CH4Plus_CH2_H2_cm3_6_9": 2.196517174026145e-06,
    "e_CH_CHPlus_2e_cm3_2_10": 3.288465845041975e-12,
    "loss_C3H4_11_18": 975.2263209483801,
    "e_CH4Plus_CH_H2_H_cm3_6_11": 4.4932598748063944e-07,
    "loss_C4H_11_15": 275.5176042910378,
    "stick_ArStar_9_5": 415.016066632053,
    "loss_C3_11_14": 881.8041364879136,
    "loss_CH_11_9": 8878.713473087759,
    "loss_C3H3_11_13": 624.9435705105806,
    "ArStar_CH4_CH3_H_cm3_3_1": 1.1215180409406184e-10,
    "loss_C3H6_11_16": 359.583041153516,
    "loss_C2H_11_12": 236.3795231134971,
    "e_CH4Plus_C_2H2_cm3_6_13": 4.873353576319965e-08,
    "loss_C3H_11_10": 676.3802580656674,
    "loss_C4H2_11_11": 419.5524081464397,
    "e_CH4Plus_CH3_H_cm3_6_4": 2.4619235265453763e-07,
    "e_CH4_CH_H2_H_vib_cm3_1_3": 4.1490897790442495e-11,
    "stick_CH_9_3": 4398.941773164429,
    "stick_H_9_1": 428.12608965330026,
    "stick_C2_9_9": 4025.5009978551975,
    "stick_C_9_10": 3049.725826286077,
    "loss_CH2_11_1": 4065.5642452339034,
    "stick_CH3_9_2": 5424.643137210451,
    "e_Ar_ArStar_cm3_1_7": 1.188600448704928e-10,
    "loss_C_11_8": 849.8936160813937,
    "stick_H2_9_16": 408.03106337243435,
    "stick_C2H5_9_17": 1217.648799553344,
    "stick_C3H4_9_22": 550.3247734528941,
    "stick_C2H2_9_11": 1149.5411515642813,
    "stick_C2H6_9_14": 1203.289977102711,
    "stick_C3H_9_19": 1511.7768591312397,
    "stick_C4H2_9_20": 1319.1920423235779,
    "stick_C4H_9_24": 777.0155622716309,
    "stick_C2H4_9_12": 1681.0051559791204,
    "stick_C3H3_9_21": 1482.0533697970204,
    "stick_C3_9_23": 1893.5791225727949,
    "stick_C3H6_9_25": 1993.3687201982723
  },
  "target_densities": {
    "H": 10229652835439.623,
    "CH": 1908724938.258331,
    "C2": 9094016845.95266
  },
  "all_densities": {
    "e": 2011793309.0406857,
    "Ar": 1.0260006290377222e+16,
    "CH4": 1810589345360686.2,
    "ArPlus": 207569025.94372016,
    "CH4Plus": 924997261.6488075,
    "CH3Plus": 123532506.80841653,
    "CH5Plus": 1437169953.13398,
    "ArHPlus": 150473355.80665419,
    "CH3Minus": 51246.339574938174,
    "H": 10229652835439.623,
    "C2": 9094016845.95266,
    "CH": 1908724938.258331,
    "H2": 32101965955002.36,
    "ArStar": 1192364741.6012151,
    "C2H4": 74076602255.8084,
    "C2H6": 610652811882.2458,
    "CH2": 272065528289.5136,
    "C2H2": 491850007474.9606,
    "C2H5": 121754192741.62686,
    "CH3": 10199641552443.469,
    "C": 7439765514.587809,
    "H3Plus": 16072.339641681494,
    "C2H3": 1020193783.056238,
    "C3H2": 93862721.7032316,
    "CHPlus": 35.92207802044294,
    "C3H": 42900232.48462783,
    "C4H2": 4709.417969866372,
    "C2H": 84826856.76677687,
    "C3H3": 92419.1809833036,
    "C3H4": 10195072.747455623,
    "C3": 35077041.17827322,
    "C3H5": 23239526.402345467,
    "C4H": 17021.612560946545,
    "C3H6": 84150864.73186974,
    "CH2Plus": 98170.5931709027,
    "C2H5Plus": 651011254.8813107,
    "C2H4Plus": 7382.874831064888,
    "C2H3Plus": 4921.91655404326,
    "HMinus": 602483093.624518,
    "C2HPlus": 32811.246267966686,
    "H2Plus": 772981.6475030609,
    "C2H2Star": 8191039.877344417
  }
}