{
  "pressure_mTorr": 500.0,
  "n_total": 1.2070595635737908e+16,
  "Te": 1.3112026779921475,
  "Ne": 2358933176.791303,
  "E_field": 420.5906731810932,
  "n_i_total": 628327787.9327222,
  "Ni_over_Ne": 0.2663609949254238,
  "charge_imbalance_pct": 73.36390050745763,
  "rate_values": {
    "loss_C2_11_3": 696.4711280016616,
    "e_CH4_CH3_HMinus_cm3_8_1": 6.74591295516546e-13,
    "loss_C2H2Star_11_25": 1811.8028354550702,
    "e_CH4Plus_CH2_H2_cm3_6_9": 9.23704846369027e-07,
    "e_CH_CHPlus_2e_cm3_2_10": 1.3090324392192725e-11,
    "loss_C3H4_11_18": 1344.2650789117924,
    "e_CH4Plus_CH_H2_H_cm3_6_11": 1.9220438977168728e-07,
    "loss_CH_11_9": 6769.146513570744,
    "loss_C3H_11_10": 348.1448996497798,
    "stick_ArStar_9_5": 315.22455713150384,
    "ArStar_CH4_CH3_H_cm3_3_1": 7.299943766018516e-11,
    "loss_C4H2_11_11": 800.4051746246002,
    "loss_C3H6_11_16": 211.86210729808533,
    "loss_C4H_11_15": 670.6036465693717,
    "loss_C2H_11_12": 655.158648425322,
    "loss_C3_11_14": 361.7244647969856,
    "e_CH4Plus_C_2H2_cm3_6_13": 8.719514012134119e-08,
    "loss_C3H3_11_13": 350.1291997930605,
    "e_CH4Plus_CH3_H_cm3_6_4": 2.4051134985183673e-07,
    "e_CH4_CH_H2_H_vib_cm3_1_3": 2.4107774655351e-11,
    "stick_CH_9_3": 5374.60736122371,
    "stick_H_9_1": 220.07344772932657,
    "stick_C2_9_9": 5753.520286362005,
    "stick_C_9_10": 5857.643618686928,
    "loss_CH2_11_1": 5834.89214995271,
    "stick_CH3_9_2": 4119.496349550941,
    "e_Ar_ArStar_cm3_1_7": 1.641380141823265e-10,
    "stick_C3_9_23": 1781.1564819073863,
    "stick_C2H4_9_12": 924.345232794582,
    "stick_H2_9_16": 757.8253996416196,
    "stick_C3H3_9_21": 1373.407273853966,
    "stick_C3H4_9_22": 509.79006724627686,
    "stick_C3H_9_19": 1950.3042832486387,
    "stick_C3H6_9_25": 1564.2345631288888,
    "stick_C4H_9_24": 1474.8265040822623,
    "stick_C2H5_9_17": 508.41887005791716,
    "stick_C2H6_9_14": 418.87945308749227,
    "loss_C_11_8": 1804.4211717282215,
    "stick_C4H2_9_20": 1398.402835947904,
    "stick_C2H2_9_11": 1984.5445506759763
  },
  "target_densities": {
    "H": 42322489078049.89,
    "CH": 25595298125.369324,
    "C2": 224200269193.41614
  },
  "all_densities": {
    "e": 2358933176.791303,
    "Ar": 1.0260006290377222e+16,
    "CH4": 1810589345360686.2,
    "ArPlus": 242949118.60672283,
    "CH4Plus": 106315204.06609577,
    "CH3Plus": 86993313.34537688,
    "CH5Plus": 67649295.89650987,
    "ArHPlus": 81677005.58757229,
    "CH3Minus": 23185.869239116648,
    "H": 42322489078049.89,
    "C2": 224200269193.41614,
    "CH": 25595298125.369324,
    "H2": 126783301772906.56,
    "ArStar": 1953068318.2056139,
    "C2H4": 538652156038.0451,
    "C2H6": 15621452339605.904,
    "CH2": 1889742568902.1226,
    "C2H2": 5282738325316.073,
    "C2H5": 4049005399943.917,
    "CH3": 37971134497958.734,
    "C": 122475628446.80698,
    "H3Plus": 275336.2262430897,
    "C2H3": 45674660059.74637,
    "C3H2": 13486806352.542671,
    "CHPlus": 168.92008777869552,
    "C3H": 5876260337.818381,
    "C4H2": 6840280.4831324965,
    "C2H": 2961521422.2099586,
    "C3H3": 67828941.1845383,
    "C3H4": 817972367.3839649,
    "C3": 6845466988.7269,
    "C3H5": 10363550032.279478,
    "C4H": 16089958.894611735,
    "C3H6": 40935691253.185234,
    "CH2Plus": 35536.22504501835,
    "C2H5Plus": 34234755.5158711,
    "C2H4Plus": 9886.785208294606,
    "C2H3Plus": 6591.190138863071,
    "HMinus": 1219445320.1076033,
    "C2HPlus": 63920.61364078923,
    "H2Plus": 8117654.954209513,
    "C2H2Star": 341677868.7385357
  }
}