{
  "pressure_mTorr": 500.0,
  "n_total": 1.2070595635737908e+16,
  "Te": 1.3900677529753098,
  "Ne": 1883050024.468861,
  "E_field": 158.4124558945432,
  "n_i_total": 889893048.5780162,
  "Ni_over_Ne": 0.4725806733833437,
  "charge_imbalance_pct": 52.741932661665636,
  "rate_values": {
    "loss_C2_11_3": 385.47193916044375,
    "e_CH4_CH3_HMinus_cm3_8_1": 7.318531958723633e-13,
    "loss_C2H2Star_11_25": 6032.985691607832,
    "e_CH4Plus_CH2_H2_cm3_6_9": 4.95394534224829e-07,
    "loss_C3H4_11_18": 425.37693509220946,
    "e_CH4Plus_CH_H2_H_cm3_6_11": 8.553948610590063e-07,
    "loss_CH_11_9": 9639.134244928211,
    "loss_C3_11_14": 107.21660629792905,
    "loss_C2H_11_12": 941.2817592025574,
    "e_CH4Plus_C_2H2_cm3_6_13": 4.418990717169119e-08,
    "loss_C3H3_11_13": 552.349000125442,
    "loss_C3H_11_10": 380.64086074846057,
    "ArStar_CH4_CH3_H_cm3_3_1": 2.376474340835469e-10,
    "stick_ArStar_9_5": 605.4441956639629,
    "loss_C4H2_11_11": 558.802379914916,
    "stick_H_9_1": 2755.167859985941,
    "loss_C3H6_11_16": 533.38824423959,
    "loss_C4H_11_15": 199.24433113316826,
    "e_CH4Plus_CH3_H_cm3_6_4": 3.728514987339854e-07,
    "e_CH4_CH_H2_H_vib_cm3_1_3": 7.320919749751172e-11,
    "stick_CH_9_3": 2263.249912249574,
    "stick_C2_9_9": 1262.4121561016218,
    "stick_C_9_10": 1271.5968814485623,
    "loss_CH2_11_1": 5726.151087546783,
    "stick_CH3_9_2": 4613.062979610583,
    "e_Ar_ArStar_cm3_1_7": 1.0409678029834149e-10,
    "stick_C3_9_23": 810.1501617786818,
    "stick_C4H_9_24": 741.9471707145279,
    "stick_C2H4_9_12": 1064.4079402278862,
    "stick_C3H4_9_22": 826.7215633530045,
    "stick_C3H6_9_25": 558.1304484065289,
    "stick_C2H2_9_11": 1491.839370660501,
    "stick_C2H6_9_14": 429.11699465326467,
    "loss_C_11_8": 1286.9979432477896,
    "stick_H2_9_16": 941.0501994415367,
    "stick_C2H5_9_17": 734.8918922523968,
    "stick_C3H_9_19": 1357.8042911489613,
    "stick_C3H3_9_21": 688.9384281801335,
    "stick_C4H2_9_20": 923.1087553257586,
    "e_CH4_CH3Plus_H_cm3_2_1": 3.7341798236365317e-11
  },
  "target_densities": {
    "H": 31833300814854.117,
    "CH": 23588507749.97876,
    "C2": 267578890020.40472
  },
  "all_densities": {
    "e": 1883050024.468861,
    "Ar": 1.0260006290377222e+16,
    "CH4": 1810589345360686.2,
    "ArPlus": 184097709.08179417,
    "CH4Plus": 192750757.4321402,
    "CH3Plus": 93630430.68524884,
    "CH5Plus": 202183595.38897783,
    "ArHPlus": 95971519.04752235,
    "CH3Minus": 40546.630009973305,
    "H": 31833300814854.117,
    "C2": 267578890020.40472,
    "CH": 23588507749.97876,
    "H2": 86898066773353.98,
    "ArStar": 868989851.5957347,
    "C2H4": 394448220339.347,
    "C2H6": 9127919995478.873,
    "CH2": 1272946954534.577,
    "C2H2": 3685902460395.9834,
    "C2H5": 1919664655567.4556,
    "CH3": 29180995775216.87,
    "C": 152947162566.7615,
    "H3Plus": 869157.4676668401,
    "C2H3": 33511308377.832603,
    "C3H2": 8674033125.511175,
    "CHPlus": 2936.3949047521573,
    "C3H": 4994527736.565501,
    "C4H2": 7950102.635697204,
    "C2H": 2295230262.1251197,
    "C3H3": 63682410.64533159,
    "C3H4": 817418869.6331106,
    "C3": 10853730008.492674,
    "C3H5": 4528202460.521324,
    "C4H": 21739199.42997982,
    "C3H6": 33940991274.57074,
    "CH2Plus": 68403.828781765,
    "C2H5Plus": 97508604.45548612,
    "C2H4Plus": 15342.453404723785,
    "C2H3Plus": 10228.302269815858,
    "HMinus": 705712347.7411731,
    "C2HPlus": 94342.61498704982,
    "H2Plus": 22690021.424831837,
    "C2H2Star": 31854991.831106775
  }
}