{
  "pressure_mTorr": 500.0,
  "n_total": 1.2070595635737908e+16,
  "Te": 1.1662176145252214,
  "Ne": 2041378774.2086465,
  "E_field": 249.27042743236527,
  "n_i_total": 530690327.69105977,
  "Ni_over_Ne": 0.25996661393561576,
  "charge_imbalance_pct": 74.00333860643842,
  "rate_values": {
    "loss_C2_11_3": 1846.8322171399366,
    "e_CH4_CH3_HMinus_cm3_8_1": 2.7444399006476237e-13,
    "loss_C2H2Star_11_25": 9826.467708288972,
    "stick_H_9_1": 3221.923716111206,
    "e_CH4Plus_CH2_H2_cm3_6_9": 2.588353666365812e-06,
    "loss_C3H4_11_18": 1073.1748617593962,
    "e_CH4Plus_CH_H2_H_cm3_6_11": 1.1285253140415667e-06,
    "loss_C4H2_11_11": 164.68428764464494,
    "loss_CH_11_9": 9346.651084754705,
    "stick_ArStar_9_5": 577.0354468854861,
    "e_CH4Plus_C_2H2_cm3_6_13": 2.312224477399878e-08,
    "loss_C3H6_11_16": 596.1952091649882,
    "loss_C3H3_11_13": 610.3165842609723,
    "loss_C3_11_14": 257.3612430306606,
    "loss_C4H_11_15": 431.8990871568967,
    "loss_C2H_11_12": 989.5349676579551,
    "loss_C3H_11_10": 265.5056628657492,
    "ArStar_CH4_CH3_H_cm3_3_1": 4.067023810686574e-10,
    "e_CH4Plus_CH3_H_cm3_6_4": 4.2317912641715823e-07,
    "e_CH4_CH_H2_H_vib_cm3_1_3": 3.4403758649830624e-11,
    "stick_C2_9_9": 6184.526817572923,
    "stick_CH_9_3": 2690.19868120236,
    "stick_C_9_10": 1987.083077635904,
    "loss_CH2_11_1": 5600.538903067341,
    "stick_CH3_9_2": 5354.599119351521,
    "e_Ar_ArStar_cm3_1_7": 8.856734274887052e-11,
    "stick_C4H_9_24": 1561.2526393091043,
    "stick_C2H2_9_11": 1587.6701788825337,
    "stick_C2H6_9_14": 567.1697530809995,
    "stick_C4H2_9_20": 1340.774217557375,
    "stick_C3H4_9_22": 1253.5137961697633,
    "stick_C2H5_9_17": 1287.2707082154586,
    "stick_C3H6_9_25": 969.069258432083,
    "stick_H2_9_16": 465.59524769443897,
    "loss_C_11_8": 745.6025155642444,
    "stick_C3_9_23": 1582.0063520454114,
    "stick_C3H3_9_21": 1386.7593884619773,
    "stick_C3H_9_19": 823.1651453656528,
    "stick_C2H4_9_12": 1987.5161866339406,
    "e_CH4_CH4Plus_cm3_2_2": 1.5960602592442343e-11
  },
  "target_densities": {
    "H": 30474185251233.11,
    "CH": 12925652789.031858,
    "C2": 79957366200.37213
  },
  "all_densities": {
    "e": 2041378774.2086465,
    "Ar": 1.0260006290377222e+16,
    "CH4": 1810589345360686.2,
    "ArPlus": 157345617.3300182,
    "CH4Plus": 89185971.63947107,
    "CH3Plus": 72102967.19797248,
    "CH5Plus": 94286399.37965629,
    "ArHPlus": 67940688.18312967,
    "CH3Minus": 20060.118040089157,
    "H": 30474185251233.11,
    "C2": 79957366200.37213,
    "CH": 12925652789.031858,
    "H2": 97640616384506.11,
    "ArStar": 707672842.2630092,
    "C2H4": 165918950146.02734,
    "C2H6": 6435071895868.776,
    "CH2": 1080094663745.9648,
    "C2H2": 2748194402870.2153,
    "C2H5": 1097116538720.8428,
    "CH3": 26231665777187.523,
    "C": 77659312278.62474,
    "H3Plus": 68994.79740401654,
    "C2H3": 16779403399.867693,
    "C3H2": 3547635114.8544374,
    "CHPlus": 233.89796020600858,
    "C3H": 3259027551.894643,
    "C4H2": 2798154.742898465,
    "C2H": 926861095.794104,
    "C3H3": 10860114.753575206,
    "C3H4": 101391813.07045712,
    "C3": 2043594170.93947,
    "C3H5": 1418094744.8610048,
    "C4H": 2300652.7354588634,
    "C3H6": 8720101568.826374,
    "CH2Plus": 28404.46476170348,
    "C2H5Plus": 47712993.20469332,
    "C2H4Plus": 4446.387487423617,
    "C2H3Plus": 2964.2583249490776,
    "HMinus": 370741371.7612573,
    "C2HPlus": 48515.22797780325,
    "H2Plus": 1962131.722202715,
    "C2H2Star": 11875004.947280895
  }
}