{
  "pressure_mTorr": 500.0,
  "n_total": 1.2070595635737908e+16,
  "Te": 1.1813389965093188,
  "Ne": 1695907968.3746781,
  "E_field": 238.81638585786123,
  "n_i_total": 610420136.5314165,
  "Ni_over_Ne": 0.3599370649319079,
  "charge_imbalance_pct": 64.00629350680921,
  "rate_values": {
    "loss_C2_11_3": 1174.2049856382432,
    "e_CH4_CH3_HMinus_cm3_8_1": 3.895919360334221e-13,
    "loss_C2H2Star_11_25": 7573.59976810274,
    "e_CH4Plus_CH2_H2_cm3_6_9": 1.7617829362048976e-06,
    "loss_C3H4_11_18": 164.00450180933467,
    "e_CH4Plus_CH_H2_H_cm3_6_11": 2.1092662266162614e-07,
    "loss_CH_11_9": 6582.905593456617,
    "loss_C3_11_14": 567.5878156771762,
    "loss_C2H_11_12": 741.7895184380958,
    "e_CH4Plus_C_2H2_cm3_6_13": 9.727302085404036e-08,
    "loss_C3H3_11_13": 961.8497276712649,
    "loss_C3H_11_10": 997.9114132017032,
    "ArStar_CH4_CH3_H_cm3_3_1": 2.3071131374656325e-10,
    "stick_ArStar_9_5": 322.38407946911383,
    "loss_C4H2_11_11": 503.3775512637658,
    "stick_H_9_1": 3632.0174263609624,
    "loss_C3H6_11_16": 221.77406071281786,
    "loss_C4H_11_15": 285.42895004344473,
    "e_CH4Plus_CH3_H_cm3_6_4": 5.667095034973774e-07,
    "e_CH4_CH_H2_H_vib_cm3_1_3": 6.319730136380817e-11,
    "stick_CH_9_3": 3021.629481140786,
    "stick_C2_9_9": 3181.6328090445163,
    "stick_C_9_10": 4604.0428026318805,
    "loss_CH2_11_1": 3867.822250542593,
    "stick_CH3_9_2": 5790.679119829985,
    "e_Ar_ArStar_cm3_1_7": 1.430895927222122e-10,
    "stick_C3_9_23": 980.0072134210765,
    "stick_C4H_9_24": 644.5330047161895,
    "stick_C2H4_9_12": 1163.2632763623938,
    "stick_C3H4_9_22": 1909.5274665222414,
    "stick_C3H6_9_25": 683.3593169785371,
    "stick_C2H2_9_11": 1572.7937975981006,
    "stick_C2H6_9_14": 400.1512827743844,
    "loss_C_11_8": 565.6884966538281,
    "stick_H2_9_16": 271.12299021287066,
    "stick_C2H5_9_17": 1237.9623439817053,
    "stick_C3H_9_19": 1731.0647836405562,
    "stick_C3H3_9_21": 1701.8844152516144,
    "stick_C4H2_9_20": 797.4283829746108,
    "e_CH4_CH3Plus_H_cm3_2_1": 1.655974199908183e-11
  },
  "target_densities": {
    "H": 29342031403230.297,
    "CH": 14302124541.489769,
    "C2": 104195601205.09422
  },
  "all_densities": {
    "e": 1695907968.3746781,
    "Ar": 1.0260006290377222e+16,
    "CH4": 1810589345360686.2,
    "ArPlus": 179273755.1720463,
    "CH4Plus": 127862451.98963556,
    "CH3Plus": 68919464.02900004,
    "CH5Plus": 104857674.9072436,
    "ArHPlus": 79662423.14024612,
    "CH3Minus": 16428.16043591953,
    "H": 29342031403230.297,
    "C2": 104195601205.09422,
    "CH": 14302124541.489769,
    "H2": 101351927654628.48,
    "ArStar": 1081419238.476069,
    "C2H4": 239557245609.5796,
    "C2H6": 6568244417805.948,
    "CH2": 1142771389673.1726,
    "C2H2": 2426145561874.749,
    "C2H5": 1113432388342.3535,
    "CH3": 24346168518778.934,
    "C": 69089039357.78087,
    "H3Plus": 78034.87482394511,
    "C2H3": 17174317879.723106,
    "C3H2": 3464947986.4083934,
    "CHPlus": 253.83722217397587,
    "C3H": 1270837772.1196764,
    "C4H2": 1397263.0052250563,
    "C2H": 985475442.818872,
    "C3H3": 9221236.807116522,
    "C3H4": 181757280.58388165,
    "C3": 2434711420.2021956,
    "C3H5": 1592444868.660074,
    "C4H": 5328832.79555299,
    "C3H6": 17010830199.748959,
    "CH2Plus": 29983.307542652576,
    "C2H5Plus": 47595559.72009876,
    "C2H4Plus": 5566.960676563268,
    "C2H3Plus": 3711.307117708847,
    "HMinus": 486049378.9255535,
    "C2HPlus": 37137.345752207366,
    "H2Plus": 2094119.9400107313,
    "C2H2Star": 20785469.78680873
  }
}