{
  "pressure_mTorr": 500.0,
  "n_total": 1.2070595635737908e+16,
  "Te": 2.818968132400177,
  "Ne": 2133995760.9589467,
  "E_field": 123.73693142192178,
  "n_i_total": 5726598470.163139,
  "Ni_over_Ne": 2.6835097683557705,
  "charge_imbalance_pct": 168.35097683557706,
  "rate_values": {
    "loss_C2_11_3": 1428.9595639239883,
    "e_CH4_CH3_HMinus_cm3_8_1": 8.005511650574665e-13,
    "loss_C2H2Star_11_25": 1142.78965778462,
    "e_CH4Plus_CH2_H2_cm3_6_9": 7.530609035659847e-07,
    "e_CH_CHPlus_2e_cm3_2_10": 8.28599141601205e-12,
    "loss_C3H4_11_18": 1456.0545630123456,
    "e_CH4Plus_CH_H2_H_cm3_6_11": 1.0399011073326805e-06,
    "loss_C3H_11_10": 551.203497956653,
    "loss_C3H3_11_13": 995.862423503986,
    "loss_C2H_11_12": 934.9524527518602,
    "loss_C4H2_11_11": 832.2607709535405,
    "ArStar_CH4_CH3_H_cm3_3_1": 4.329160891298334e-10,
    "loss_C3_11_14": 608.5130921285661,
    "loss_CH_11_9": 5206.914005616382,
    "e_CH4Plus_C_2H2_cm3_6_13": 5.387473460243347e-08,
    "loss_C3H6_11_16": 231.9089308876322,
    "loss_C4H_11_15": 276.1111095430812,
    "stick_ArStar_9_5": 418.3605821750633,
    "e_CH4Plus_CH3_H_cm3_6_4": 1.1852957277769359e-07,
    "e_CH4_CH_H2_H_vib_cm3_1_3": 2.2451477117221364e-11,
    "stick_CH_9_3": 5187.866343337268,
    "stick_C2_9_9": 4674.511122876173,
    "stick_C_9_10": 4490.077113979409,
    "stick_H_9_1": 303.79240174671077,
    "loss_CH2_11_1": 4736.601369811398,
    "stick_CH3_9_2": 4385.465883094884,
    "e_Ar_ArStar_cm3_1_7": 8.69497419932221e-11,
    "CH_CH3_C2H4_cm3_7_5": 9.472668254606703e-11,
    "e_CH4_CH3_H_cm3_1_1": 1.1613637797406723e-10,
    "CH2_CH2_C2H2_H2_cm3_7_15": 9.422603459088177e-11,
    "e_C2H4_C2H2_H2_cm3_1_15": 5.139680480692104e-11,
    "C_CH_C2_H_cm3_7_4": 1.0732010492788474e-10,
    "C2HPlus_e_C2_H_cm3_6_18": 1.982907816552646e-07,
    "CH_C_C2_H_cm3_7_9": 1.0008564504393357e-10,
    "e_C2H2_C2_H2_cm3_1_16": 4.4106935200269446e-11,
    "CH_CH_C2_H2_cm3_5_4": 1.368063425123167e-10,
    "CH3_CH3_C2H2_H2_H2_cm3_7_49": 1.1075083081265287e-11,
    "e_C2H4_C2H2_H_H_cm3_1_17": 4.751265995389954e-11,
    "CH_CH4_C2H4_H_cm3_7_20": 7.456164945899214e-11,
    "CH2_CH3_C2H2_H_H2_cm3_7_62": 8.534043126193905e-12,
    "e_CH4_CH2_H2_cm3_1_2": 4.8163778872298334e-11,
    "CH2_C2H3_C2H2_CH3_cm3_7_53": 1.0140482913154345e-10,
    "C_CH3_C2_H2_H_cm3_7_8": 1.1668689177716936e-10,
    "C2H2_C_C2_CH2_cm3_7_19": 1.1690595419448951e-10,
    "CH_H_C_H2_cm3_7_3": 8.534083838401689e-11,
    "C2_H_CH_C_cm3_7_6": 9.9989180790894e-11,
    "e_C2H4_C2H2_H2_cm3_1_6": 3.0207972729971824e-11,
    "CH_CH4_CH2_CH3_cm3_7_39": 1.0103074417499467e-11,
    "CH2_H_CH_H2_cm3_7_1": 1.8567573065090026e-11,
    "C2H2_H_C2_H2_H_cm3_7_50": 9.984112213124243e-12,
    "CH3_C2H5_C2H2_CH3_H2_cm3_7_61": 1.0919739388928432e-11,
    "C_H_CH_cm3_7_12": 8.636501588594767e-11,
    "C2H_H_C2_H2_cm3_7_47": 8.515455161163175e-11
  },
  "target_densities": {
    "H": 10512729281358.633,
    "CH": 2222066340.272565,
    "C2": 16000061926.13051
  },
  "all_densities": {
    "e": 2133995760.9589467,
    "Ar": 1.0260006290377222e+16,
    "CH4": 1810589345360686.2,
    "ArPlus": 189273347.05811888,
    "CH4Plus": 253719956.5654759,
    "CH3Plus": 103972799.19749305,
    "CH5Plus": 407671993.462233,
    "ArHPlus": 104955023.21632755,
    "CH3Minus": 37219.991279997965,
    "H": 10512729281358.633,
    "C2": 16000061926.13051,
    "CH": 2222066340.272565,
    "H2": 28307770420167.97,
    "ArStar": 721552650.7236177,
    "C2H4": 168247417417.6208,
    "C2H6": 1592149233257.9648,
    "CH2": 321077400591.6721,
    "C2H2": 1038499971359.5028,
    "C2H5": 120332377126.50069,
    "CH3": 12010494681318.838,
    "C": 7964706719.2282295,
    "H3Plus": 61472307.68880277,
    "C2H3": 1789685135.3975005,
    "C3H2": 230710317.71006373,
    "CHPlus": 28.467404906259613,
    "C3H": 128099417.30326927,
    "C4H2": 13670.017097223348,
    "C2H": 3674385917.4398813,
    "C3H3": 177072.24883563202,
    "C3H4": 15197129.467036374,
    "C3": 127990609.20815317,
    "C3H5": 26738652.48577815,
    "C4H": 33592.15643811222,
    "C3H6": 416750987.58344346,
    "CH2Plus": 24528.5877316348,
    "C2H5Plus": 138307380.0184953,
    "C2H4Plus": 9493.451355891315,
    "C2H3Plus": 6328.967570594211,
    "HMinus": 660346022.838692,
    "C2HPlus": 38534.05689902817,
    "H2Plus": 4467146749.425231,
    "C2H2Star": 39342274.512537256
  }
}