{
  "pressure_mTorr": 500.0,
  "n_total": 1.2070595635737908e+16,
  "Te": 1.3414018953946154,
  "Ne": 2137962287.9956381,
  "E_field": 422.17461901759657,
  "n_i_total": 367902776.39389974,
  "Ni_over_Ne": 0.17208104112014644,
  "charge_imbalance_pct": 82.79189588798536,
  "rate_values": {
    "loss_C2_11_3": 1715.9929642856237,
    "e_CH4_CH3_HMinus_cm3_8_1": 6.395019871429421e-14,
    "loss_C2H2Star_11_25": 2504.818774037034,
    "e_CH4Plus_CH2_H2_cm3_6_9": 6.653124212461679e-07,
    "e_CH_CHPlus_2e_cm3_2_10": 1.0550803050827431e-11,
    "loss_C3H4_11_18": 1096.4162102374103,
    "e_CH4Plus_CH_H2_H_cm3_6_11": 5.311825323303119e-07,
    "loss_CH_11_9": 7606.74645422787,
    "loss_C3H_11_10": 534.367830354198,
    "stick_ArStar_9_5": 407.8180894600634,
    "ArStar_CH4_CH3_H_cm3_3_1": 4.2559404979308483e-10,
    "loss_C4H2_11_11": 172.88413381323596,
    "loss_C3H6_11_16": 681.0446808860634,
    "loss_C4H_11_15": 232.87809685419205,
    "loss_C2H_11_12": 376.16343757135286,
    "loss_C3_11_14": 208.0536733274384,
    "e_CH4Plus_C_2H2_cm3_6_13": 5.1633551293146877e-08,
    "loss_C3H3_11_13": 942.366557042586,
    "e_CH4Plus_CH3_H_cm3_6_4": 7.709115099805873e-07,
    "e_CH4_CH_H2_H_vib_cm3_1_3": 9.192384918048016e-11,
    "stick_CH_9_3": 3417.996392221413,
    "stick_H_9_1": 422.8394863050986,
    "stick_C2_9_9": 5112.047138764735,
    "stick_C_9_10": 5863.221803335706,
    "loss_CH2_11_1": 2976.71581101924,
    "stick_CH3_9_2": 4889.043941970526,
    "e_Ar_ArStar_cm3_1_7": 8.891386767618747e-11,
    "stick_C3_9_23": 652.4516860883116,
    "stick_C2H4_9_12": 1390.2198904999989,
    "stick_H2_9_16": 889.2741979361183,
    "stick_C3H3_9_21": 725.5197870770696,
    "stick_C3H4_9_22": 1881.2416289100802,
    "stick_C3H_9_19": 539.6537056534977,
    "stick_C3H6_9_25": 555.427547899385,
    "stick_C4H_9_24": 906.4471571905995,
    "stick_C2H5_9_17": 1577.1693254872175,
    "stick_C2H6_9_14": 1031.7522998419959,
    "loss_C_11_8": 1615.0933349228808,
    "stick_C4H2_9_20": 1077.4657243530482,
    "stick_C2H2_9_11": 898.0138255904615
  },
  "target_densities": {
    "H": 41297821043062.734,
    "CH": 31989604230.02756,
    "C2": 263406244022.3395
  },
  "all_densities": {
    "e": 2137962287.9956381,
    "Ar": 1.0260006290377222e+16,
    "CH4": 1810589345360686.2,
    "ArPlus": 137439236.16757843,
    "CH4Plus": 63788282.73099535,
    "CH3Plus": 52550335.47022498,
    "CH5Plus": 39071208.49872331,
    "ArHPlus": 45165566.78441331,
    "CH3Minus": 19639.39447081381,
    "H": 41297821043062.734,
    "C2": 263406244022.3395,
    "CH": 31989604230.02756,
    "H2": 116610712852139.84,
    "ArStar": 731192618.9511477,
    "C2H4": 560562367901.445,
    "C2H6": 7797544401339.605,
    "CH2": 2120058105053.3328,
    "C2H2": 6475793335907.992,
    "C2H5": 2388813375599.1694,
    "CH3": 34615879162246.75,
    "C": 142512986135.23816,
    "H3Plus": 278014.6460247384,
    "C2H3": 51266274560.09611,
    "C3H2": 20649748859.76731,
    "CHPlus": 153.64760687695616,
    "C3H": 19230795048.69724,
    "C4H2": 49201071.093718216,
    "C2H": 4870052981.797693,
    "C3H3": 98327313.44718958,
    "C3H4": 662446331.6645938,
    "C3": 26032445520.06353,
    "C3H5": 7641719446.48136,
    "C4H": 57979693.78175912,
    "C3H6": 38586136024.47612,
    "CH2Plus": 23992.39193596253,
    "C2H5Plus": 20574945.056907732,
    "C2H4Plus": 9290.276646389286,
    "C2H3Plus": 6193.517764259525,
    "HMinus": 288658771.40218353,
    "C2HPlus": 70751.37335484115,
    "H2Plus": 8924805.831723623,
    "C2H2Star": 113422631.72446853
  }
}