{
  "pressure_mTorr": 500.0,
  "n_total": 1.2070595635737908e+16,
  "Te": 1.0326151990990626,
  "Ne": 2011793309.0406857,
  "E_field": 31.125459295130156,
  "n_i_total": 3166575850.282908,
  "Ni_over_Ne": 1.5740065522898448,
  "charge_imbalance_pct": 57.40065522898449,
  "rate_values": {
    "loss_C2_11_3": 671.036531842345,
    "e_CH4_CH3_HMinus_cm3_8_1": 7.624191034785497e-13,
    "loss_C2H2Star_11_25": 4295.898561242793,
    "e_CH4Plus_CH2_H2_cm3_6_9": 2.196517174026145e-06,
    "e_CH_CHPlus_2e_cm3_2_10": 3.288465845041975e-12,
    "loss_C3H4_11_18": 975.2263209483801,
    "e_CH4Plus_CH_H2_H_cm3_6_11": 4.4932598748063944e-07,
    "loss_C3_11_14": 275.5176042910378,
    "ArStar_CH4_CH3_H_cm3_3_1": 2.9062749764149377e-10,
    "loss_CH_11_9": 8818.041364879136,
    "loss_C2H_11_12": 887.8713473087759,
    "loss_C4H2_11_11": 624.9435705105806,
    "loss_C3H3_11_13": 224.30360818812363,
    "loss_C3H_11_10": 359.583041153516,
    "loss_C4H_11_15": 236.3795231134971,
    "stick_ArStar_9_5": 347.9574453492455,
    "loss_C3H6_11_16": 676.3802580656674,
    "e_CH4Plus_C_2H2_cm3_6_13": 4.195524081464396e-08,
    "e_CH4Plus_CH3_H_cm3_6_4": 2.4619235265453763e-07,
    "e_CH4_CH_H2_H_vib_cm3_1_3": 4.1490897790442495e-11,
    "stick_CH_9_3": 4398.941773164429,
    "stick_C2_9_9": 5351.576120666254,
    "stick_C_9_10": 4025.5009978551975,
    "stick_H_9_1": 243.97806610288615,
    "loss_CH2_11_1": 4065.5642452339034,
    "stick_CH3_9_2": 5424.643137210451,
    "e_Ar_ArStar_cm3_1_7": 1.188600448704928e-10,
    "stick_C3H3_9_21": 849.8936160813937,
    "stick_C4H2_9_20": 816.0621267448687,
    "stick_C4H_9_24": 1217.648799553344,
    "loss_C_11_8": 550.3247734528941,
    "stick_C2H5_9_17": 1149.5411515642813,
    "stick_C3H6_9_25": 1504.1124713783888,
    "stick_C3_9_23": 1511.7768591312397,
    "stick_H2_9_16": 659.5960211617889,
    "stick_C3H4_9_22": 777.0155622716309,
    "stick_C2H6_9_14": 1344.8041247832962,
    "stick_C2H2_9_11": 1482.0533697970204,
    "stick_C2H4_9_12": 1893.5791225727949,
    "stick_C3H_9_19": 1993.3687201982723
  },
  "target_densities": {
    "H": 10511040310610.506,
    "CH": 1902659557.116668,
    "C2": 6941798343.931033
  },
  "all_densities": {
    "e": 2011793309.0406857,
    "Ar": 1.0260006290377222e+16,
    "CH4": 1810589345360686.2,
    "ArPlus": 187585602.8184007,
    "CH4Plus": 839334369.0162523,
    "CH3Plus": 112146010.96260233,
    "CH5Plus": 1299800364.810607,
    "ArHPlus": 135840788.38419753,
    "CH3Minus": 52686.15358362224,
    "H": 10511040310610.506,
    "C2": 6941798343.931033,
    "CH": 1902659557.116668,
    "H2": 29879794807486.215,
    "ArStar": 1030740809.1962682,
    "C2H4": 69364546756.14046,
    "C2H6": 595750245545.052,
    "CH2": 280662982439.5036,
    "C2H2": 452291994500.3651,
    "C2H5": 133893072459.06464,
    "CH3": 10484505647729.096,
    "C": 6652154256.362112,
    "H3Plus": 14079.614932882347,
    "C2H3": 1044731968.721597,
    "C3H2": 86039398.2260156,
    "CHPlus": 35.80792794558021,
    "C3H": 36570579.92917419,
    "C4H2": 4828.666780712074,
    "C2H": 50521639.52305554,
    "C3H3": 185046.95599685563,
    "C3H4": 8285090.71618123,
    "C3": 49626598.30380907,
    "C3H5": 25475293.39459539,
    "C4H": 11258.630988909876,
    "C3H6": 90945899.93155716,
    "CH2Plus": 91938.11776625885,
    "C2H5Plus": 590993798.2614007,
    "C2H4Plus": 6913.245894373862,
    "C2H3Plus": 4608.830596249242,
    "HMinus": 596768098.3344051,
    "C2HPlus": 30172.336669806427,
    "H2Plus": 727168.0756590297,
    "C2H2Star": 6511268.500754791
  }
}