{
  "pressure_mTorr": 500.0,
  "n_total": 1.2070595635737908e+16,
  "Te": 1.0680284233902197,
  "Ne": 1804531639.5403652,
  "E_field": 232.87690994764984,
  "n_i_total": 500739805.9234859,
  "Ni_over_Ne": 0.2774901780336919,
  "charge_imbalance_pct": 72.25098219663082,
  "rate_values": {
    "loss_C2_11_3": 1687.5409570187292,
    "e_CH4_CH3_HMinus_cm3_8_1": 8.864447848722506e-14,
    "loss_C2H2Star_11_25": 8502.870335659189,
    "e_CH4Plus_CH2_H2_cm3_6_9": 1.570809338388253e-06,
    "loss_C3H4_11_18": 1019.882673012953,
    "e_CH4Plus_CH_H2_H_cm3_6_11": 8.337313029428404e-07,
    "loss_CH_11_9": 3756.8098676472996,
    "loss_C3_11_14": 301.2823423335525,
    "loss_C2H_11_12": 248.31670619649339,
    "e_CH4Plus_C_2H2_cm3_6_13": 1.6138798485875037e-08,
    "loss_C3H3_11_13": 368.2392679201168,
    "loss_C3H_11_10": 991.7883302476725,
    "ArStar_CH4_CH3_H_cm3_3_1": 3.55312860895166e-10,
    "stick_ArStar_9_5": 191.1210827698471,
    "loss_C4H2_11_11": 745.3743521032646,
    "stick_H_9_1": 2831.4811755789806,
    "loss_C3H6_11_16": 796.2582245694423,
    "loss_C4H_11_15": 607.8928271216014,
    "e_CH4Plus_CH3_H_cm3_6_4": 4.784830811620675e-07,
    "e_CH4_CH_H2_H_vib_cm3_1_3": 4.022624863383148e-11,
    "stick_CH_9_3": 2779.748303541862,
    "stick_C2_9_9": 5684.730794305028,
    "stick_C_9_10": 4306.743048337443,
    "loss_CH2_11_1": 1628.6193849448046,
    "stick_CH3_9_2": 2446.078343009546,
    "e_Ar_ArStar_cm3_1_7": 1.0612393031351107e-10,
    "stick_C3_9_23": 1739.8405753448494,
    "stick_C4H_9_24": 1200.3704152223336,
    "stick_C2H4_9_12": 1940.7286106588133,
    "stick_C3H4_9_22": 1089.6663533667463,
    "stick_C3H6_9_25": 1885.4735358704838,
    "stick_C2H2_9_11": 653.2053307357137,
    "stick_C2H6_9_14": 1060.67577990127,
    "loss_C_11_8": 626.8496841685444,
    "stick_H2_9_16": 273.3524655048936,
    "stick_C2H5_9_17": 721.863843466965,
    "stick_C3H_9_19": 1444.0762574478028,
    "stick_C3H3_9_21": 1935.1446960930118,
    "stick_C4H2_9_20": 1449.1044778564226,
    "e_CH4_CH3Plus_H_cm3_2_1": 2.2652931061397493e-11
  },
  "target_densities": {
    "H": 31524731359612.14,
    "CH": 25444116703.502403,
    "C2": 285702898524.6322
  },
  "all_densities": {
    "e": 1804531639.5403652,
    "Ar": 1.0260006290377222e+16,
    "CH4": 1810589345360686.2,
    "ArPlus": 143977620.8213472,
    "CH4Plus": 96949253.43992613,
    "CH3Plus": 60557765.02086576,
    "CH5Plus": 90667776.96275242,
    "ArHPlus": 64862231.425961755,
    "CH3Minus": 23184.324712646034,
    "H": 31524731359612.14,
    "C2": 285702898524.6322,
    "CH": 25444116703.502403,
    "H2": 117757569422167.05,
    "ArStar": 773483049.692572,
    "C2H4": 442062755773.6828,
    "C2H6": 8397607914033.87,
    "CH2": 2417127518359.4956,
    "C2H2": 8739601906027.006,
    "C2H5": 4324045227944.2515,
    "CH3": 36245442462651.66,
    "C": 144986528238.1847,
    "H3Plus": 27258.840975530078,
    "C2H3": 41955397473.4498,
    "C3H2": 22180708231.030643,
    "CHPlus": 180.18526298733212,
    "C3H": 9119530435.498592,
    "C4H2": 10573735.93739479,
    "C2H": 6618592998.718914,
    "C3H3": 46345639.56051756,
    "C3H4": 586508577.3440679,
    "C3": 11606864269.288942,
    "C3H5": 11002151141.103615,
    "C4H": 31210529.28472545,
    "C3H6": 18563141202.22901,
    "CH2Plus": 57145.94016908048,
    "C2H5Plus": 42900890.92418215,
    "C2H4Plus": 7537.1346237231355,
    "C2H3Plus": 5024.756415815423,
    "HMinus": 250029393.46315476,
    "C2HPlus": 103939.45051672544,
    "H2Plus": 623181.02048672,
    "C2H2Star": 47701072.70969257
  }
}