{
  "pressure_mTorr": 500.0,
  "n_total": 1.2070595635737908e+16,
  "Te": 1.362631949595429,
  "Ne": 2961810962.9704537,
  "E_field": 11.905826635581946,
  "n_i_total": 11564784536.515621,
  "Ni_over_Ne": 3.904632902336579,
  "charge_imbalance_pct": 290.4632902336579,
  "rate_values": {
    "loss_C2_11_3": 874.3410168263749,
    "e_CH4_CH3_HMinus_cm3_8_1": 5.071086892246634e-13,
    "loss_C2H2Star_11_25": 4827.630621963731,
    "e_CH4Plus_CH2_H2_cm3_6_9": 2.3112448741778853e-06,
    "e_CH_CHPlus_2e_cm3_2_10": 4.3059060217239515e-12,
    "loss_C3H4_11_18": 495.9064139544403,
    "e_CH4Plus_CH_H2_H_cm3_6_11": 4.987098689922927e-07,
    "loss_C3H_11_10": 639.5183423792078,
    "stick_ArStar_9_5": 156.18142578985538,
    "loss_C3_11_14": 197.10401155068797,
    "ArStar_CH4_CH3_H_cm3_3_1": 4.032173502768233e-10,
    "loss_C4H_11_15": 142.95213612169243,
    "loss_C3H3_11_13": 608.590120035919,
    "loss_C3H6_11_16": 915.6366682335347,
    "loss_C4H2_11_11": 587.2019826259699,
    "e_CH4Plus_C_2H2_cm3_6_13": 9.071486802142919e-08,
    "loss_C2H_11_12": 270.19504507249303,
    "loss_CH_11_9": 8489.081384308587,
    "e_CH4Plus_CH3_H_cm3_6_4": 6.178102260069973e-07,
    "e_CH4_CH_H2_H_vib_cm3_1_3": 8.712022505306644e-11,
    "stick_C_9_10": 6119.085812576276,
    "stick_C2_9_9": 5332.998312793627,
    "stick_H_9_1": 401.69222742900376,
    "stick_CH_9_3": 3612.460544122242,
    "loss_CH2_11_1": 3752.4603683480577,
    "stick_CH3_9_2": 5721.755494988254,
    "e_Ar_ArStar_cm3_1_7": 4.4313075890402516e-11,
    "stick_C3H3_9_21": 823.0344361241448,
    "stick_H2_9_16": 312.2264095757124,
    "stick_C4H_9_24": 1578.1325534103528,
    "stick_C2H6_9_14": 887.9370428032416,
    "stick_C3H6_9_25": 1892.1077457875485,
    "stick_C2H2_9_11": 1351.592782206205,
    "stick_C2H5_9_17": 1788.4169241383934,
    "stick_C2H4_9_12": 609.563967705874,
    "stick_C3H4_9_22": 711.6947203634935,
    "stick_C3_9_23": 1637.7208171574457,
    "stick_C4H2_9_20": 1744.6333225856217,
    "stick_C3H_9_19": 504.71888990356854,
    "loss_C_11_8": 863.5153909673384
  },
  "target_densities": {
    "H": 41644843780364.18,
    "CH": 15374466032.702286,
    "C2": 197809403197.3404
  },
  "all_densities": {
    "e": 2961810962.9704537,
    "Ar": 1.0260006290377222e+16,
    "CH4": 1810589345360686.2,
    "ArPlus": 244259417.78988716,
    "CH4Plus": 2747122112.7193413,
    "CH3Plus": 176082593.806135,
    "CH5Plus": 5515829488.128505,
    "ArHPlus": 192036089.0296063,
    "CH3Minus": 876309.401496739,
    "H": 41644843780364.18,
    "C2": 197809403197.3404,
    "CH": 15374466032.702286,
    "H2": 144797057559743.7,
    "ArStar": 511391784.4251362,
    "C2H4": 1043169694431.6868,
    "C2H6": 7562899073865.509,
    "CH2": 1822880527658.4834,
    "C2H2": 4602923850937.342,
    "C2H5": 1792896287593.3735,
    "CH3": 32431785745259.77,
    "C": 119770758360.52768,
    "H3Plus": 21451492.110431068,
    "C2H3": 23647833643.466522,
    "C3H2": 7065886216.971761,
    "CHPlus": 1419.580241509049,
    "C3H": 6176388578.088798,
    "C4H2": 4072272.0076484997,
    "C2H": 1897446800.0008917,
    "C3H3": 25395821.378871415,
    "C3H4": 1460912401.8989286,
    "C3": 4188406604.03932,
    "C3H5": 2756482307.3762355,
    "C4H": 6311962.93212676,
    "C3H6": 7347101841.366064,
    "CH2Plus": 2451080.016293601,
    "C2H5Plus": 2443510708.6357427,
    "C2H4Plus": 844785.8227829547,
    "C2H3Plus": 563190.5485219698,
    "HMinus": 561760655.4192388,
    "C2HPlus": 2368682.461806483,
    "H2Plus": 218263475.86632538,
    "C2H2Star": 29255313.333144467
  }
}