{
  "pressure_mTorr": 500.0,
  "n_total": 1.2070595635737908e+16,
  "Te": 1.4982348857399153,
  "Ne": 2682741922.4781175,
  "E_field": 89.41056059360858,
  "n_i_total": 2471710164.2241745,
  "Ni_over_Ne": 0.9213372868684262,
  "charge_imbalance_pct": 7.86627131315738,
  "rate_values": {
    "loss_C2_11_3": 353.9779698548879,
    "e_CH4_CH3_HMinus_cm3_8_1": 6.274589547435674e-13,
    "loss_C2H2Star_11_25": 5374.748677262872,
    "e_CH4Plus_CH2_H2_cm3_6_9": 2.1106483012453913e-07,
    "e_CH_CHPlus_2e_cm3_2_10": 1.4281931920484154e-11,
    "loss_C3H4_11_18": 1172.749180961918,
    "e_CH4Plus_CH_H2_H_cm3_6_11": 8.736003881136369e-07,
    "loss_C3_11_14": 787.4439036831677,
    "loss_CH_11_9": 3444.4812645601437,
    "loss_C2H_11_12": 693.6690877420594,
    "ArStar_CH4_CH3_H_cm3_3_1": 4.792457655530081e-10,
    "loss_C4H2_11_11": 773.6757290489919,
    "loss_C3H3_11_13": 702.310481006205,
    "stick_ArStar_9_5": 294.4818580637015,
    "loss_C3H6_11_16": 749.4251881325879,
    "loss_C3H_11_10": 552.3227361606365,
    "e_CH4Plus_C_2H2_cm3_6_13": 1.7975234709329493e-08,
    "loss_C4H_11_15": 135.3626879307826,
    "e_CH4Plus_CH3_H_cm3_6_4": 3.8689353001518655e-07,
    "e_CH4_CH_H2_H_vib_cm3_1_3": 4.3862058071761896e-11,
    "stick_C2_9_9": 5527.921098749603,
    "stick_CH_9_3": 2580.47485752251,
    "stick_H_9_1": 353.97827330623,
    "stick_C_9_10": 5122.574029135783,
    "loss_CH2_11_1": 3495.6965416848147,
    "stick_CH3_9_2": 3366.4989451315173,
    "e_Ar_ArStar_cm3_1_7": 1.680472060524317e-10,
    "e_C2H4_C2H2_H_H_cm3_1_17": 3.451475739061181e-11,
    "C_CH3_C2_H2_H_cm3_7_8": 9.159728894136259e-11,
    "C2_H_CH_C_cm3_7_6": 1.093326687293765e-10,
    "CH3_CH3_C2H2_H2_H2_cm3_7_49": 1.1284883432211795e-11,
    "CH2_H_CH_H2_cm3_7_1": 1.3796515877996721e-11,
    "C2H2_H_C2_H2_H_cm3_7_50": 1.0006035599951426e-11,
    "CH3_C2H5_C2H2_CH3_H2_cm3_7_61": 1.1610250473088207e-11,
    "e_CH4_CH3_H_cm3_1_1": 8.158905821812519e-11,
    "C2HPlus_e_C2_H_cm3_6_18": 2.2654386245396656e-07,
    "CH_CH4_C2H4_H_cm3_7_20": 6.289639771759336e-11,
    "e_C2H4_C2H2_H2_cm3_1_15": 7.830306442101802e-11,
    "e_CH4_CH2_H2_cm3_1_2": 4.498406513488929e-11,
    "C_CH_C2_H_cm3_7_4": 1.1208749381294112e-10,
    "CH_CH4_CH2_CH3_cm3_7_39": 8.631249167538091e-12,
    "CH2_CH3_C2H2_H_H2_cm3_7_62": 1.0586045948690865e-11,
    "C2H2_C_C2_CH2_cm3_7_19": 9.967028227483696e-11,
    "CH_C_C2_H_cm3_7_9": 9.018990815458511e-11,
    "e_C2H4_C2H2_H2_cm3_1_6": 2.2592183854106188e-11,
    "CH_CH_C2_H2_cm3_5_4": 1.6193425944819604e-10,
    "CH2_C2H3_C2H2_CH3_cm3_7_53": 9.231515112215716e-11,
    "C_H_CH_cm3_7_12": 9.872005222569564e-11,
    "e_C2H2_C2_H2_cm3_1_16": 7.152504785010225e-11,
    "CH_H_C_H2_cm3_7_3": 9.28957439046159e-11,
    "C2H_H_C2_H2_cm3_7_47": 1.036838276876367e-10,
    "CH2_CH2_C2H2_H2_cm3_7_15": 1.0391558507590137e-10,
    "CH_CH3_C2H4_cm3_7_5": 1.126882748208533e-10
  },
  "target_densities": {
    "H": 10613344022401.014,
    "CH": 3961873390.360298,
    "C2": 23603483159.116093
  },
  "all_densities": {
    "e": 2682741922.4781175,
    "Ar": 1.0260006290377222e+16,
    "CH4": 1810589345360686.2,
    "ArPlus": 338926767.7277015,
    "CH4Plus": 593278315.6286027,
    "CH3Plus": 190865099.54269642,
    "CH5Plus": 740248116.1922091,
    "ArHPlus": 206197120.2263299,
    "CH3Minus": 54265.50997229403,
    "H": 10613344022401.014,
    "C2": 23603483159.116093,
    "CH": 3961873390.360298,
    "H2": 31793781044155.855,
    "ArStar": 1697792871.4581056,
    "C2H4": 262877796397.65536,
    "C2H6": 2227468911686.116,
    "CH2": 500063279853.53394,
    "C2H2": 1512552893759.9094,
    "C2H5": 212568335928.91977,
    "CH3": 14169612917898.086,
    "C": 11633272289.312975,
    "H3Plus": 849804.1701362319,
    "C2H3": 2955757240.0130615,
    "C3H2": 599016983.1853795,
    "CHPlus": 151.9260307388196,
    "C3H": 332416938.835165,
    "C4H2": 65079.29138899029,
    "C2H": 729947173.5454413,
    "C3H3": 599819.3459237659,
    "C3H4": 47286669.62776586,
    "C3": 303300182.83323705,
    "C3H5": 84216883.37499562,
    "C4H": 171307.44654317066,
    "C3H6": 752062592.2465005,
    "CH2Plus": 97052.13219237466,
    "C2H5Plus": 351187642.677679,
    "C2H4Plus": 25799.105869520397,
    "C2H3Plus": 17199.403913013597,
    "HMinus": 712346249.7532448,
    "C2HPlus": 97478.72023899296,
    "H2Plus": 49919616.77057493,
    "C2H2Star": 28667403.90960951
  }
}