{
  "pressure_mTorr": 500.0,
  "n_total": 1.2070595635737908e+16,
  "Te": 1.0680284233902197,
  "Ne": 1804531639.5403652,
  "E_field": 232.87690994764984,
  "n_i_total": 510682227.48968065,
  "Ni_over_Ne": 0.2829998744825318,
  "charge_imbalance_pct": 71.70001255174682,
  "rate_values": {
    "loss_C2_11_3": 1687.5409570187292,
    "e_CH4_CH3_HMinus_cm3_8_1": 8.864447848722506e-14,
    "loss_C2H2Star_11_25": 8502.870335659189,
    "stick_H_9_1": 2022.1956525832688,
    "e_CH4Plus_CH2_H2_cm3_6_9": 2.005471251241117e-06,
    "loss_C3H4_11_18": 1033.8398401090697,
    "e_CH4Plus_CH_H2_H_cm3_6_11": 4.369434282680032e-07,
    "loss_C4H2_11_11": 301.2823423335525,
    "loss_CH_11_9": 2483.167061964934,
    "stick_ArStar_9_5": 115.23102118914773,
    "e_CH4Plus_C_2H2_cm3_6_13": 3.6823926792011675e-08,
    "loss_C3H6_11_16": 991.7883302476725,
    "loss_C3H3_11_13": 710.6257217903318,
    "loss_C3_11_14": 267.67658651239094,
    "loss_C4H_11_15": 745.3743521032646,
    "loss_C2H_11_12": 727.8871916655478,
    "loss_C3H_11_10": 796.2582245694423,
    "ArStar_CH4_CH3_H_cm3_3_1": 3.0394641356080073e-10,
    "e_CH4Plus_CH3_H_cm3_6_4": 4.784830811620675e-07,
    "e_CH4_CH_H2_H_vib_cm3_1_3": 4.022624863383148e-11,
    "stick_C2_9_9": 2779.748303541862,
    "stick_CH_9_3": 5684.730794305028,
    "stick_C_9_10": 4306.743048337443,
    "loss_CH2_11_1": 1628.6193849448046,
    "stick_CH3_9_2": 2446.078343009546,
    "e_Ar_ArStar_cm3_1_7": 1.0612393031351107e-10,
    "stick_C4H_9_24": 1739.8405753448494,
    "stick_C2H2_9_11": 1200.3704152223336,
    "stick_C2H6_9_14": 1552.5828885270507,
    "stick_C4H2_9_20": 1089.6663533667463,
    "stick_C3H4_9_22": 1885.4735358704838,
    "stick_C2H5_9_17": 653.2053307357137,
    "stick_C3H6_9_25": 1325.8447248765876,
    "stick_H2_9_16": 313.4248420842722,
    "loss_C_11_8": 546.7049310097872,
    "stick_C3_9_23": 721.863843466965,
    "stick_C3H3_9_21": 1444.0762574478028,
    "stick_C3H_9_19": 1935.1446960930118,
    "stick_C2H4_9_12": 1449.1044778564226,
    "e_CH4_CH4Plus_cm3_2_2": 2.2652931061397493e-11
  },
  "target_densities": {
    "H": 34198131850968.402,
    "CH": 31443411541.902916,
    "C2": 373085492935.85645
  },
  "all_densities": {
    "e": 1804531639.5403652,
    "Ar": 1.0260006290377222e+16,
    "CH4": 1810589345360686.2,
    "ArPlus": 146705777.17473924,
    "CH4Plus": 98273353.90134138,
    "CH3Plus": 61909899.68888095,
    "CH5Plus": 92749994.48415448,
    "ArHPlus": 66328754.802275814,
    "CH3Minus": 24497.51323712636,
    "H": 34198131850968.402,
    "C2": 373085492935.85645,
    "CH": 31443411541.902916,
    "H2": 126102622487826.89,
    "ArStar": 801673821.0831735,
    "C2H4": 626759974411.9568,
    "C2H6": 7130801310909.628,
    "CH2": 2617286113276.913,
    "C2H2": 7743477088087.663,
    "C2H5": 5085256771032.865,
    "CH3": 38300383620949.31,
    "C": 183396821179.88055,
    "H3Plus": 31050.049219553046,
    "C2H3": 54036551240.25194,
    "C3H2": 24271814818.38332,
    "CHPlus": 222.66991791924974,
    "C3H": 8903899385.68055,
    "C4H2": 20127915.111253943,
    "C2H": 5928227219.975068,
    "C3H3": 78855151.91075923,
    "C3H4": 742579374.0795815,
    "C3": 26976512545.42447,
    "C3H5": 15989782144.783478,
    "C4H": 30709161.359615166,
    "C3H6": 26375071664.574177,
    "CH2Plus": 63259.72246120396,
    "C2H5Plus": 43846476.15098316,
    "C2H4Plus": 10686.207426899038,
    "C2H3Plus": 7124.138284599359,
    "HMinus": 273935079.9741988,
    "C2HPlus": 92092.61042767201,
    "H2Plus": 663535.8895676563,
    "C2H2Star": 43804569.19101767
  }
}