{
  "pressure_mTorr": 500.0,
  "n_total": 1.2070595635737908e+16,
  "Te": 1.0780809172878616,
  "Ne": 1779526489.6791768,
  "E_field": 360.3521934079652,
  "n_i_total": 374744202.1294304,
  "Ni_over_Ne": 0.21058647022275653,
  "charge_imbalance_pct": 78.94135297772435,
  "rate_values": {
    "loss_C2_11_3": 1129.634591514216,
    "e_CH4_CH3_HMinus_cm3_8_1": 4.2552255333441513e-13,
    "loss_C2H2Star_11_25": 8957.668799572533,
    "e_CH4Plus_CH2_H2_cm3_6_9": 1.530075895463217e-06,
    "loss_C3H4_11_18": 848.3047550288615,
    "e_CH4Plus_CH_H2_H_cm3_6_11": 1.1206080267738438e-07,
    "loss_C4H_11_15": 117.56877268551898,
    "stick_ArStar_9_5": 474.9592798908958,
    "loss_C4H2_11_11": 841.5614797268834,
    "loss_C2H_11_12": 362.23364268774253,
    "loss_C3H3_11_13": 387.2274891595064,
    "e_CH4Plus_C_2H2_cm3_6_13": 8.361127598794596e-08,
    "loss_C3H6_11_16": 567.0702735066495,
    "loss_CH_11_9": 6734.129327318042,
    "ArStar_CH4_CH3_H_cm3_3_1": 6.91410930002577e-11,
    "stick_H_9_1": 3726.598808789638,
    "loss_C3_11_14": 626.2184984987923,
    "loss_C3H_11_10": 530.943692535615,
    "e_CH4Plus_CH3_H_cm3_6_4": 3.591188669304802e-07,
    "e_CH4_CH_H2_H_vib_cm3_1_3": 6.20516235987718e-11,
    "stick_C2_9_9": 5199.574598136338,
    "stick_CH_9_3": 5946.7187002105875,
    "stick_C_9_10": 1675.5102881319563,
    "loss_CH2_11_1": 4498.065396084567,
    "stick_CH3_9_2": 5705.563573654324,
    "e_Ar_ArStar_cm3_1_7": 9.220351038105765e-11,
    "stick_C2H4_9_12": 1795.9819809574954,
    "stick_C3H4_9_22": 1816.7290198668863,
    "stick_C3H_9_19": 1977.5709954536328,
    "stick_C3H3_9_21": 1254.7573183342304,
    "stick_C4H2_9_20": 799.8102321831058,
    "stick_C3_9_23": 1846.1975714166206,
    "stick_C2H2_9_11": 1932.0356503100713,
    "stick_C2H5_9_17": 1507.0648937767603,
    "stick_C4H_9_24": 840.2230027426833,
    "loss_C_11_8": 1375.4895579913082,
    "stick_C3H6_9_25": 1800.3023368536271,
    "stick_C2H6_9_14": 965.0531548946752,
    "stick_H2_9_16": 453.53948483612095,
    "e_CH4_CH4Plus_cm3_2_2": 2.7519665537108983e-11
  },
  "target_densities": {
    "H": 29042854559094.125,
    "CH": 12086207687.791504,
    "C2": 70815771513.63348
  },
  "all_densities": {
    "e": 1779526489.6791768,
    "Ar": 1.0260006290377222e+16,
    "CH4": 1810589345360686.2,
    "ArPlus": 139539007.425465,
    "CH4Plus": 65466550.37703518,
    "CH3Plus": 49898570.2801435,
    "CH5Plus": 46595210.3073068,
    "ArHPlus": 50001887.794359155,
    "CH3Minus": 10053.533649109548,
    "H": 29042854559094.125,
    "C2": 70815771513.63348,
    "CH": 12086207687.791504,
    "H2": 92732308673220.58,
    "ArStar": 838705919.3659368,
    "C2H4": 163674490370.09143,
    "C2H6": 4027406764213.851,
    "CH2": 1052284356581.8386,
    "C2H2": 2117845548882.1226,
    "C2H5": 902901679658.5701,
    "CH3": 24306226799357.555,
    "C": 70393445282.78993,
    "H3Plus": 10245.9363873754,
    "C2H3": 14568403131.095268,
    "C3H2": 2556582177.1290445,
    "CHPlus": 60.182691761683984,
    "C3H": 1019902116.9039164,
    "C4H2": 751002.8786699917,
    "C2H": 804991678.8075302,
    "C3H3": 10723408.957153892,
    "C3H4": 81650907.86784172,
    "C3": 1104527256.998388,
    "C3H5": 1091265722.2009273,
    "C4H": 3226106.545952906,
    "C3H6": 3594880292.427793,
    "CH2Plus": 13247.57714414629,
    "C2H5Plus": 22823515.43587291,
    "C2H4Plus": 1958.48765745119,
    "C2H3Plus": 1305.6584383007935,
    "HMinus": 464923539.34798735,
    "C2HPlus": 17828.264884285105,
    "H2Plus": 374814.4020445713,
    "C2H2Star": 11897624.066442385
  }
}