{
  "pressure_mTorr": 500.0,
  "n_total": 1.2070595635737908e+16,
  "Te": 3.9876390050139765,
  "Ne": 2384381465.4235954,
  "E_field": 287.8112119832302,
  "n_i_total": 32594582166.293,
  "Ni_over_Ne": 13.67003671138772,
  "charge_imbalance_pct": 1267.003671138772,
  "rate_values": {
    "loss_C2_11_3": 1478.7451155896285,
    "e_CH4_CH3_HMinus_cm3_8_1": 8.066840817059947e-14,
    "loss_C2H2Star_11_25": 1386.8303624480955,
    "e_CH4Plus_CH2_H2_cm3_6_9": 8.264615103037443e-07,
    "loss_C3H4_11_18": 1461.5214008507369,
    "e_CH4Plus_CH_H2_H_cm3_6_11": 6.444375759427907e-07,
    "loss_C4H2_11_11": 928.3488647273186,
    "ArStar_CH4_CH3_H_cm3_3_1": 2.522720223218999e-10,
    "e_CH4Plus_C_2H2_cm3_6_13": 1.728808428090181e-08,
    "stick_ArStar_9_5": 700.7992726228747,
    "stick_H_9_1": 2608.8772255185672,
    "loss_C3H_11_10": 419.28031562909837,
    "loss_C4H_11_15": 769.4010087794584,
    "loss_C3_11_14": 459.5360026745635,
    "loss_C3H3_11_13": 251.2318247021313,
    "loss_C3H6_11_16": 274.72759335445807,
    "loss_C2H_11_12": 843.7007113381488,
    "loss_CH_11_9": 3753.743561842106,
    "e_CH4Plus_CH3_H_cm3_6_4": 1.6057080978199298e-07,
    "e_CH4_CH_H2_H_vib_cm3_1_3": 3.515557707142009e-11,
    "stick_C2_9_9": 4588.190314703734,
    "stick_C_9_10": 4397.1618326796115,
    "stick_CH_9_3": 3106.0854796243134,
    "loss_CH2_11_1": 5489.632038813838,
    "stick_CH3_9_2": 5048.5975356887375,
    "e_Ar_ArStar_cm3_1_7": 1.5651371588928804e-10,
    "stick_C4H_9_24": 871.1113892835453,
    "stick_C2H5_9_17": 1735.961430453817,
    "stick_C2H6_9_14": 451.23530961642166,
    "stick_C3H4_9_22": 1093.7740242961836,
    "stick_H2_9_16": 706.9675525928619,
    "stick_C2H2_9_11": 909.739183789568,
    "stick_C2H4_9_12": 1167.3104847624243,
    "stick_C4H2_9_20": 816.7483041268664,
    "stick_C3_9_23": 1603.5957662076362,
    "loss_C_11_8": 1408.7097755753218,
    "stick_C3H3_9_21": 1380.6781755708323,
    "stick_C3H_9_19": 1731.784670708234,
    "stick_C3H6_9_25": 1571.4770685187661,
    "e_CH4_CH4Plus_cm3_2_2": 2.915807324294646e-11
  },
  "target_densities": {
    "H": 23961833951590.99,
    "CH": 15468032174.00015,
    "C2": 162487761291.66284
  },
  "all_densities": {
    "e": 2384381465.4235954,
    "Ar": 1.0260006290377222e+16,
    "CH4": 1810589345360686.2,
    "ArPlus": 249143401.0293595,
    "CH4Plus": 141482098.00142848,
    "CH3Plus": 103998588.77587369,
    "CH5Plus": 736583659.7517132,
    "ArHPlus": 100045082.99597771,
    "CH3Minus": 45913.34669249593,
    "H": 23961833951590.99,
    "C2": 162487761291.66284,
    "CH": 15468032174.00015,
    "H2": 67974290926815.77,
    "ArStar": 1639439460.7332792,
    "C2H4": 264126859853.88217,
    "C2H6": 9794187235838.033,
    "CH2": 1446059943956.3682,
    "C2H2": 5096050592881.524,
    "C2H5": 1449281282447.8262,
    "CH3": 30814169748331.844,
    "C": 69013638724.89294,
    "H3Plus": 695577011.5482008,
    "C2H3": 63031112720.804855,
    "C3H2": 7870413472.221295,
    "CHPlus": 333150.92969684704,
    "C3H": 3661871356.159816,
    "C4H2": 3245775.935291911,
    "C2H": 32460010772.616493,
    "C3H3": 59743936.82037369,
    "C3H4": 175873012.51489666,
    "C3": 4064335959.2846804,
    "C3H5": 2241752950.6079173,
    "C4H": 7420840.5224333955,
    "C3H6": 13096105121.606646,
    "CH2Plus": 47505.997858112445,
    "C2H5Plus": 59685320.81971651,
    "C2H4Plus": 7160.560346442451,
    "C2H3Plus": 4773.706897628301,
    "HMinus": 371558444.44454235,
    "C2HPlus": 91036.50723206365,
    "H2Plus": 30507583375.668697,
    "C2H2Star": 361457320.03365546
  }
}