{
  "pressure_mTorr": 500.0,
  "n_total": 1.2070595635737908e+16,
  "Te": 1.245421422807638,
  "Ne": 2525699858.8070407,
  "E_field": 370.2672789181139,
  "n_i_total": 648062065.7250724,
  "Ni_over_Ne": 0.2565871251349598,
  "charge_imbalance_pct": 74.34128748650403,
  "rate_values": {
    "loss_C2_11_3": 1507.9369772763257,
    "e_CH4_CH3_HMinus_cm3_8_1": 4.7076776091259784e-14,
    "loss_C2H2Star_11_25": 3864.28471879263,
    "e_CH4Plus_CH2_H2_cm3_6_9": 2.4502532817405934e-06,
    "e_CH_CHPlus_2e_cm3_2_10": 1.2373424643606354e-11,
    "loss_C3H4_11_18": 639.5051771562328,
    "e_CH4Plus_CH_H2_H_cm3_6_11": 6.324385248426039e-07,
    "loss_CH_11_9": 8200.67286627392,
    "loss_C3H_11_10": 865.4921086876031,
    "stick_ArStar_9_5": 425.17042950400304,
    "ArStar_CH4_CH3_H_cm3_3_1": 3.215971210375477e-10,
    "loss_C4H2_11_11": 709.057125599557,
    "loss_C3H6_11_16": 690.4503672407075,
    "loss_C4H_11_15": 488.23282635768646,
    "loss_C2H_11_12": 131.22018820919982,
    "loss_C3_11_14": 829.1271699946888,
    "e_CH4Plus_C_2H2_cm3_6_13": 1.9817891529995233e-08,
    "loss_C3H3_11_13": 377.3594207772411,
    "e_CH4Plus_CH3_H_cm3_6_4": 1.5820156885985194e-07,
    "e_CH4_CH_H2_H_vib_cm3_1_3": 4.9882511784359865e-11,
    "stick_CH_9_3": 5650.239240002748,
    "stick_H_9_1": 285.3065787143196,
    "stick_C2_9_9": 4517.7437148019635,
    "stick_C_9_10": 1985.1795248669512,
    "loss_CH2_11_1": 4620.065266257217,
    "stick_CH3_9_2": 5190.053391939559,
    "e_Ar_ArStar_cm3_1_7": 1.5585628447286914e-10,
    "stick_C3_9_23": 1776.203432534417,
    "stick_C2H4_9_12": 744.8783332955398,
    "stick_H2_9_16": 718.1200902432666,
    "stick_C3H3_9_21": 522.5518782280941,
    "stick_C3H4_9_22": 729.2999586412827,
    "stick_C3H_9_19": 532.4494678469329,
    "stick_C3H6_9_25": 1962.676053423861,
    "stick_C4H_9_24": 987.2431851036222,
    "stick_C2H5_9_17": 1162.574859572835,
    "stick_C2H6_9_14": 1481.656971994916,
    "loss_C_11_8": 525.2812126900121,
    "stick_C4H2_9_20": 1748.4362203543449,
    "stick_C2H2_9_11": 1862.7410004173967
  },
  "target_densities": {
    "H": 42148325876913.766,
    "CH": 28204197854.809788,
    "C2": 200604703429.9985
  },
  "all_densities": {
    "e": 2525699858.8070407,
    "Ar": 1.0260006290377222e+16,
    "CH4": 1810589345360686.2,
    "ArPlus": 234217148.62355584,
    "CH4Plus": 115381676.27725932,
    "CH3Plus": 89684249.65732136,
    "CH5Plus": 79165291.74969442,
    "ArHPlus": 84257118.2092053,
    "CH3Minus": 23879.410356856475,
    "H": 42148325876913.766,
    "C2": 200604703429.9985,
    "CH": 28204197854.809788,
    "H2": 125626137744559.34,
    "ArStar": 1627750166.7722192,
    "C2H4": 608475728654.6271,
    "C2H6": 5940436448909.147,
    "CH2": 1830961138227.8594,
    "C2H2": 4473479448414.166,
    "C2H5": 2470984894828.3994,
    "CH3": 34348501981130.297,
    "C": 176567038376.57025,
    "H3Plus": 184838.05140980703,
    "C2H3": 45528957005.64735,
    "C3H2": 12581604539.872498,
    "CHPlus": 213.9464910251028,
    "C3H": 9007304580.932793,
    "C4H2": 10337517.330715427,
    "C2H": 3043474715.0363045,
    "C3H3": 142692697.92808697,
    "C3H4": 1379139099.5847101,
    "C3": 5277130235.269357,
    "C3H5": 6969214686.998654,
    "C4H": 24050141.175937537,
    "C3H6": 13463101848.126257,
    "CH2Plus": 40320.17253481987,
    "C2H5Plus": 39954880.40761259,
    "C2H4Plus": 13582.697997275283,
    "C2H3Plus": 9055.131998183522,
    "HMinus": 582996131.0714115,
    "C2HPlus": 65820.45645282876,
    "H2Plus": 5087870.343539589,
    "C2H2Star": 113061652.25553113
  }
}