{
  "pressure_mTorr": 500.0,
  "n_total": 1.2070595635737908e+16,
  "Te": 1.4623126505118473,
  "Ne": 2116268484.6614656,
  "E_field": 18.083935323988214,
  "n_i_total": 7742060471.796209,
  "Ni_over_Ne": 3.658354565080001,
  "charge_imbalance_pct": 265.8354565080001,
  "rate_values": {
    "loss_C2_11_3": 208.16566690289392,
    "e_CH4_CH3_HMinus_cm3_8_1": 1.4429212819876478e-14,
    "loss_C2H2Star_11_25": 9734.19534638778,
    "e_CH4Plus_CH2_H2_cm3_6_9": 2.7362229070495187e-06,
    "e_CH_CHPlus_2e_cm3_2_10": 1.649235202801295e-11,
    "loss_C3H4_11_18": 1041.579167903254,
    "e_CH4Plus_CH_H2_H_cm3_6_11": 4.38242467563873e-07,
    "loss_C3H6_11_16": 345.13942398190966,
    "loss_C3_11_14": 652.4596681141301,
    "loss_C4H_11_15": 616.1144571809077,
    "loss_C2H_11_12": 512.8179851237703,
    "loss_CH_11_9": 1312.8346316815132,
    "ArStar_CH4_CH3_H_cm3_3_1": 2.9593592680703137e-10,
    "e_CH4Plus_C_2H2_cm3_6_13": 4.961775351581695e-08,
    "loss_C3H3_11_13": 880.6732606398689,
    "loss_C4H2_11_11": 887.7530959110859,
    "stick_ArStar_9_5": 209.9172357030692,
    "loss_C3H_11_10": 797.5800729161208,
    "e_CH4Plus_CH3_H_cm3_6_4": 4.450680035432716e-07,
    "e_CH4_CH_H2_H_vib_cm3_1_3": 2.1996213378875733e-11,
    "stick_CH_9_3": 5245.508452188575,
    "stick_C2_9_9": 5305.972849320497,
    "stick_C_9_10": 4134.627710004579,
    "stick_H_9_1": 493.0393782565198,
    "loss_CH2_11_1": 3466.8940562769612,
    "stick_CH3_9_2": 3265.5068395718517,
    "e_Ar_ArStar_cm3_1_7": 1.1703422535419704e-10,
    "C2H2_H_C2_H2_H_cm3_7_50": 8.570963279439773e-12,
    "e_CH4_CH2_H2_cm3_1_2": 2.4305554943055818e-11,
    "C_CH3_C2_H2_H_cm3_7_8": 8.014611339195098e-11,
    "CH2_CH3_C2H2_H_H2_cm3_7_62": 1.148263051599734e-11,
    "C2H2_C_C2_CH2_cm3_7_19": 9.050529406220383e-11,
    "C_H_CH_cm3_7_12": 8.907908888858032e-11,
    "CH_CH3_C2H4_cm3_7_5": 8.277004648253514e-11,
    "e_CH4_CH3_H_cm3_1_1": 9.893992692628497e-11,
    "CH2_CH2_C2H2_H2_cm3_7_15": 1.1627717565777962e-10,
    "CH2_C2H3_C2H2_CH3_cm3_7_53": 1.0735968600000161e-10,
    "CH_CH_C2_H2_cm3_5_4": 1.6084330841434917e-10,
    "CH3_CH3_C2H2_H2_H2_cm3_7_49": 1.0090916391725914e-11,
    "CH3_C2H5_C2H2_CH3_H2_cm3_7_61": 1.010077414857033e-11,
    "CH_C_C2_H_cm3_7_9": 8.089633956345325e-11,
    "CH_CH4_CH2_CH3_cm3_7_39": 1.1536337804666092e-11,
    "CH2_H_CH_H2_cm3_7_1": 1.699638551845738e-11,
    "C2_H_CH_C_cm3_7_6": 1.0791995417890146e-10,
    "CH_H_C_H2_cm3_7_3": 1.1747199842828787e-10,
    "C2HPlus_e_C2_H_cm3_6_18": 2.669522249144807e-07,
    "C_CH_C2_H_cm3_7_4": 1.1464612912789724e-10,
    "e_C2H2_C2_H2_cm3_1_16": 8.983535251402006e-11,
    "C2H_H_C2_H2_cm3_7_47": 9.835069490307353e-11,
    "CH_CH4_C2H4_H_cm3_7_20": 6.035151808796464e-11
  },
  "target_densities": {
    "H": 10231286094492.3,
    "CH": 2724928676.5247054,
    "C2": 18134458626.615475
  },
  "all_densities": {
    "e": 2116268484.6614656,
    "Ar": 1.0260006290377222e+16,
    "CH4": 1810589345360686.2,
    "ArPlus": 261299864.6053046,
    "CH4Plus": 2104867598.825597,
    "CH3Plus": 173976428.32269755,
    "CH5Plus": 3308648879.7965016,
    "ArHPlus": 197208916.136089,
    "CH3Minus": 196488.68347502252,
    "H": 10231286094492.3,
    "C2": 18134458626.615475,
    "CH": 2724928676.5247054,
    "H2": 30339473839858.605,
    "ArStar": 1062460959.665888,
    "C2H4": 176582606744.58344,
    "C2H6": 2137991676114.9478,
    "CH2": 462621341830.8477,
    "C2H2": 1317659082892.871,
    "C2H5": 194352171915.56586,
    "CH3": 13879095065033.064,
    "C": 11772109209.512184,
    "H3Plus": 2371098.1995975627,
    "C2H3": 1975532326.0520914,
    "C3H2": 358954889.4386218,
    "CHPlus": 460.56168449997836,
    "C3H": 175331324.18074387,
    "C4H2": 22348.949187209124,
    "C2H": 514807980.5097354,
    "C3H3": 252651.81602946747,
    "C3H4": 23097282.31067276,
    "C3": 193925647.69612408,
    "C3H5": 52959580.65975849,
    "C4H": 52415.13820581439,
    "C3H6": 641779486.6633121,
    "CH2Plus": 404636.9516588641,
    "C2H5Plus": 1577895020.2142184,
    "C2H4Plus": 67462.60519208387,
    "C2H3Plus": 44975.070128055915,
    "HMinus": 82872361.38194764,
    "C2HPlus": 324093.37066023005,
    "H2Plus": 114951037.13687974,
    "C2H2Star": 8629134.410636248
  }
}