{
  "pressure_mTorr": 500.0,
  "n_total": 1.2070595635737908e+16,
  "Te": 1.299631323049879,
  "Ne": 1613955360.337131,
  "E_field": 69.40423094036825,
  "n_i_total": 1405975590.1190534,
  "Ni_over_Ne": 0.8711366030751719,
  "charge_imbalance_pct": 12.88633969248281,
  "rate_values": {
    "loss_C2_11_3": 1507.8421407500125,
    "e_CH4_CH3_HMinus_cm3_8_1": 5.090916789808812e-13,
    "loss_C2H2Star_11_25": 3556.0880183196164,
    "stick_H_9_1": 3887.613048278914,
    "e_CH4Plus_CH2_H2_cm3_6_9": 2.3499841596002132e-06,
    "loss_C3H4_11_18": 699.1640342069873,
    "e_CH4Plus_CH_H2_H_cm3_6_11": 7.413085777465706e-07,
    "loss_C4H2_11_11": 255.59927550065083,
    "loss_CH_11_9": 9270.286049367081,
    "stick_ArStar_9_5": 433.0821398074897,
    "e_CH4Plus_C_2H2_cm3_6_13": 9.740612338361933e-08,
    "loss_C3H6_11_16": 573.7421965396854,
    "loss_C3H3_11_13": 213.64718656313778,
    "loss_C3_11_14": 459.8324008294366,
    "loss_C4H_11_15": 211.98250623097658,
    "loss_C2H_11_12": 658.6293402732435,
    "loss_C3H_11_10": 353.36257605341643,
    "ArStar_CH4_CH3_H_cm3_3_1": 4.1995367624446476e-10,
    "e_CH4Plus_CH3_H_cm3_6_4": 4.5189545712715225e-07,
    "e_CH4_CH_H2_H_vib_cm3_1_3": 2.7185422335033053e-11,
    "stick_C2_9_9": 5413.564140468725,
    "stick_CH_9_3": 2426.8690663440493,
    "stick_C_9_10": 4273.061559247142,
    "loss_CH2_11_1": 4846.052101611055,
    "stick_CH3_9_2": 4102.681521234829,
    "e_Ar_ArStar_cm3_1_7": 9.506648503961525e-11,
    "stick_C4H_9_24": 1896.4847912030405,
    "stick_C2H2_9_11": 1989.124135690972,
    "stick_C2H6_9_14": 842.5871454170365,
    "stick_C4H2_9_20": 855.0495978832175,
    "stick_C3H4_9_22": 715.0564943473305,
    "stick_C2H5_9_17": 1110.3122768875046,
    "stick_C3H6_9_25": 845.1819002627238,
    "stick_H2_9_16": 823.9326148793484,
    "loss_C_11_8": 823.6901476385505,
    "stick_C3_9_23": 689.5089659673587,
    "stick_C3H3_9_21": 1342.0094578214396,
    "stick_C3H_9_19": 618.994207509934,
    "stick_C2H4_9_12": 625.0170729993749,
    "e_CH4_CH4Plus_cm3_2_2": 1.9656058985075054e-11
  },
  "target_densities": {
    "H": 28624363543064.316,
    "CH": 11839501189.910837,
    "C2": 88775203935.767
  },
  "all_densities": {
    "e": 1613955360.337131,
    "Ar": 1.0260006290377222e+16,
    "CH4": 1810589345360686.2,
    "ArPlus": 159809978.09790188,
    "CH4Plus": 308393695.2357391,
    "CH3Plus": 97378603.37426981,
    "CH5Plus": 487164262.4161472,
    "ArHPlus": 104157163.8386498,
    "CH3Minus": 70624.31276168457,
    "H": 28624363543064.316,
    "C2": 88775203935.767,
    "CH": 11839501189.910837,
    "H2": 81441141966764.58,
    "ArStar": 595960108.7994195,
    "C2H4": 275960447218.72,
    "C2H6": 5973730641852.201,
    "CH2": 1267551191595.3926,
    "C2H2": 2858803035729.362,
    "C2H5": 1503093013395.0574,
    "CH3": 28341065509606.64,
    "C": 64261225436.54012,
    "H3Plus": 773478.7448605588,
    "C2H3": 16438444119.12294,
    "C3H2": 3380677640.6289577,
    "CHPlus": 1630.2095530946156,
    "C3H": 3476670340.768961,
    "C4H2": 3706125.6372638666,
    "C2H": 1055743257.5627644,
    "C3H3": 12510664.188731212,
    "C3H4": 254129916.4430678,
    "C3": 3127783550.390429,
    "C3H5": 1779587152.0637457,
    "C4H": 1898323.8202291394,
    "C3H6": 8988185603.713482,
    "CH2Plus": 161690.87599230887,
    "C2H5Plus": 231125478.8766354,
    "C2H4Plus": 20992.834449577993,
    "C2H3Plus": 13995.222966385329,
    "HMinus": 420045136.5543715,
    "C2HPlus": 142585.37258089802,
    "H2Plus": 16832035.019307274,
    "C2H2Star": 28746182.199637305
  }
}