{
  "pressure_mTorr": 500.0,
  "n_total": 1.2070595635737908e+16,
  "Te": 1.0323778841876277,
  "Ne": 1746376591.257933,
  "E_field": 246.95648009988673,
  "n_i_total": 349388770.48716944,
  "Ni_over_Ne": 0.20006496435886212,
  "charge_imbalance_pct": 79.9935035641138,
  "rate_values": {
    "loss_C2_11_3": 736.8745542460956,
    "e_CH4_CH3_HMinus_cm3_8_1": 5.766798626553579e-13,
    "loss_C2H2Star_11_25": 2232.0099161415997,
    "e_CH4Plus_CH2_H2_cm3_6_9": 1.13902407018252e-06,
    "loss_C3H4_11_18": 407.92581120809643,
    "e_CH4Plus_CH_H2_H_cm3_6_11": 9.452074515217442e-07,
    "loss_C4H_11_15": 955.7976869955266,
    "stick_ArStar_9_5": 305.2447991593767,
    "loss_C4H2_11_11": 260.4848300056785,
    "loss_C2H_11_12": 946.1381889519316,
    "loss_C3H3_11_13": 182.9627853277412,
    "e_CH4Plus_C_2H2_cm3_6_13": 9.201125801348799e-08,
    "loss_C3H6_11_16": 490.33425189548166,
    "loss_CH_11_9": 6919.261822893759,
    "ArStar_CH4_CH3_H_cm3_3_1": 1.602278460982801e-10,
    "stick_H_9_1": 3833.5702420334774,
    "loss_C3_11_14": 507.17641096478025,
    "loss_C3H_11_10": 584.1097372915157,
    "e_CH4Plus_CH3_H_cm3_6_4": 5.056344353630521e-07,
    "e_CH4_CH_H2_H_vib_cm3_1_3": 5.238597841050207e-11,
    "stick_C2_9_9": 5892.376294970407,
    "stick_CH_9_3": 3907.910801650373,
    "stick_C_9_10": 5658.903353289867,
    "loss_CH2_11_1": 5181.645836538336,
    "stick_CH3_9_2": 5323.324291061534,
    "e_Ar_ArStar_cm3_1_7": 7.977996436334544e-11,
    "stick_C2H4_9_12": 1048.5849416266078,
    "stick_C3H4_9_22": 895.7194803375719,
    "stick_C3H_9_19": 1222.5153744362206,
    "stick_C3H3_9_21": 939.6049318902158,
    "stick_C4H2_9_20": 703.6949075306919,
    "stick_C3_9_23": 1216.0672326066888,
    "stick_C2H2_9_11": 1972.8752132810873,
    "stick_C2H5_9_17": 1960.8957329695477,
    "stick_C4H_9_24": 895.2352708371216,
    "loss_C_11_8": 1617.5603867420816,
    "stick_C3H6_9_25": 1375.0484591331328,
    "stick_C2H6_9_14": 567.7577611883644,
    "stick_H2_9_16": 445.04127140846936,
    "e_CH4_CH4Plus_cm3_2_2": 2.5174410418563906e-11
  },
  "target_densities": {
    "H": 28733640592330.543,
    "CH": 10193891602.170134,
    "C2": 68791763553.68782
  },
  "all_densities": {
    "e": 1746376591.257933,
    "Ar": 1.0260006290377222e+16,
    "CH4": 1810589345360686.2,
    "ArPlus": 101332333.17393321,
    "CH4Plus": 74723911.28113748,
    "CH3Plus": 41973417.44272693,
    "CH5Plus": 58746920.51138022,
    "ArHPlus": 44283048.4138144,
    "CH3Minus": 13911.09877465832,
    "H": 28733640592330.543,
    "C2": 68791763553.68782,
    "CH": 10193891602.170134,
    "H2": 92375147610969.23,
    "ArStar": 658063383.3886569,
    "C2H4": 182967054866.85168,
    "C2H6": 5858493061684.127,
    "CH2": 1018755694662.9878,
    "C2H2": 2166090200756.3591,
    "C2H5": 748236131247.9531,
    "CH3": 25029133273987.133,
    "C": 44664015493.94924,
    "H3Plus": 9100.488198525827,
    "C2H3": 12700833629.497719,
    "C3H2": 2205840261.0520406,
    "CHPlus": 45.9226288975456,
    "C3H": 1221528275.9517522,
    "C4H2": 1291473.6069703202,
    "C2H": 591041825.9557062,
    "C3H3": 11533462.016631184,
    "C3H4": 157378772.41565824,
    "C3": 1362744052.8339982,
    "C3H5": 762743801.476878,
    "C4H": 1214786.3936034865,
    "C3H6": 4979780914.129454,
    "CH2Plus": 15742.234021044005,
    "C2H5Plus": 28012814.121148672,
    "C2H4Plus": 1993.2748454126076,
    "C2H3Plus": 1328.849896941738,
    "HMinus": 511692733.31254554,
    "C2HPlus": 15990.02993154833,
    "H2Plus": 272124.7435061162,
    "C2H2Star": 38317696.59963235
  }
}