{
  "pressure_mTorr": 500.0,
  "n_total": 1.2070595635737908e+16,
  "Te": 0.87859771828021,
  "Ne": 2907011342.6787066,
  "E_field": 204.34256663725307,
  "n_i_total": 489961314.70126456,
  "Ni_over_Ne": 0.16854468625835592,
  "charge_imbalance_pct": 83.14553137416442,
  "rate_values": {
    "loss_C2_11_3": 441.4243761466644,
    "e_CH4_CH3_HMinus_cm3_8_1": 3.311474192783861e-13,
    "loss_C2H2Star_11_25": 449.7472651410908,
    "e_CH4Plus_CH2_H2_cm3_6_9": 1.9105125779498792e-06,
    "loss_C3H4_11_18": 1255.0528442838122,
    "e_CH4Plus_CH_H2_H_cm3_6_11": 1.0080384584873045e-06,
    "stick_ArStar_9_5": 545.0808507418224,
    "stick_H_9_1": 3849.896492116495,
    "e_CH4Plus_C_2H2_cm3_6_13": 4.7045282110172906e-08,
    "loss_C3_11_14": 370.5785631428018,
    "loss_C4H2_11_11": 442.9779829501056,
    "loss_C2H_11_12": 138.4540104071658,
    "loss_C3H_11_10": 154.8119069786885,
    "loss_C3H3_11_13": 976.9284645814658,
    "loss_C3H6_11_16": 133.92867357465008,
    "loss_C4H_11_15": 938.6240428012919,
    "loss_CH_11_9": 3403.1043890390274,
    "ArStar_CH4_CH3_H_cm3_3_1": 2.567108640045151e-10,
    "e_CH4Plus_CH3_H_cm3_6_4": 4.314696793631834e-07,
    "e_CH4_CH_H2_H_vib_cm3_1_3": 3.0407421209491845e-11,
    "stick_C_9_10": 2068.394608474686,
    "stick_CH_9_3": 5465.413025021684,
    "stick_C2_9_9": 4103.157457695725,
    "loss_CH2_11_1": 2036.9738677933437,
    "stick_CH3_9_2": 5639.313213260736,
    "e_Ar_ArStar_cm3_1_7": 6.189674317903076e-11,
    "stick_C4H2_9_20": 1160.4975524343952,
    "stick_C3_9_23": 1165.393641602309,
    "stick_H2_9_16": 963.7786406096591,
    "stick_C2H2_9_11": 1988.7899455116851,
    "stick_C2H6_9_14": 566.4827578397892,
    "loss_C_11_8": 1477.3629382876743,
    "stick_C3H_9_19": 1405.072307510736,
    "stick_C2H4_9_12": 1540.8980601805933,
    "stick_C3H6_9_25": 1586.847548413807,
    "stick_C3H4_9_22": 955.9937320444617,
    "stick_C2H5_9_17": 882.9869785951934,
    "stick_C3H3_9_21": 1331.3615984844182,
    "stick_C4H_9_24": 634.7306492042408,
    "e_CH4_CH4Plus_cm3_2_2": 3.036070600260268e-11
  },
  "target_densities": {
    "H": 21627368687050.043,
    "CH": 11734159068.871271,
    "C2": 97820538027.20796
  },
  "all_densities": {
    "e": 2907011342.6787066,
    "Ar": 1.0260006290377222e+16,
    "CH4": 1810589345360686.2,
    "ArPlus": 119040758.50921354,
    "CH4Plus": 128739087.78855072,
    "CH3Plus": 52907042.49957456,
    "CH5Plus": 90052461.16874225,
    "ArHPlus": 56458016.20729266,
    "CH3Minus": 23223.330691276453,
    "H": 21627368687050.043,
    "C2": 97820538027.20796,
    "CH": 11734159068.871271,
    "H2": 86386649895413.6,
    "ArStar": 786998503.7464256,
    "C2H4": 209348448556.73727,
    "C2H6": 6670577795052.304,
    "CH2": 1619120774924.3098,
    "C2H2": 2751712662407.5366,
    "C2H5": 2066973881396.0115,
    "CH3": 26694461332621.85,
    "C": 73259865467.04872,
    "H3Plus": 1171.7327255474195,
    "C2H3": 42107675283.082146,
    "C3H2": 3225119003.311641,
    "CHPlus": 16.142724495260104,
    "C3H": 2068407563.167285,
    "C4H2": 1513650.9930998932,
    "C2H": 1413931892.2446735,
    "C3H3": 21405375.680377062,
    "C3H4": 122212748.69261706,
    "C3": 2251649964.270296,
    "C3H5": 2425420031.5503063,
    "C4H": 2405310.1054193377,
    "C3H6": 8732344503.477552,
    "CH2Plus": 38113.277519471776,
    "C2H5Plus": 42656889.56383377,
    "C2H4Plus": 3247.8475329301536,
    "C2H3Plus": 2165.231688620102,
    "HMinus": 479145187.71441287,
    "C2HPlus": 28113.003416852694,
    "H2Plus": 34231.72844918212,
    "C2H2Star": 288908093.39891636
  }
}