{
  "pressure_mTorr": 500.0,
  "n_total": 1.2070595635737908e+16,
  "Te": 1.2757807404857138,
  "Ne": 1791050902.8447993,
  "E_field": 99.00254004413404,
  "n_i_total": 1158450129.7203476,
  "Ni_over_Ne": 0.6467991098858966,
  "charge_imbalance_pct": 35.32008901141034,
  "rate_values": {
    "loss_C2_11_3": 1638.2182342094598,
    "e_CH4_CH3_HMinus_cm3_8_1": 8.252233709192934e-13,
    "loss_C2H2Star_11_25": 972.1757267640546,
    "stick_H_9_1": 3760.9129701691854,
    "e_CH4Plus_CH2_H2_cm3_6_9": 2.035520657964786e-06,
    "loss_C3H4_11_18": 1186.8355151185378,
    "e_CH4Plus_CH_H2_H_cm3_6_11": 1.0282115145984601e-06,
    "loss_C4H2_11_11": 174.72979555113784,
    "loss_CH_11_9": 7598.4219362444055,
    "stick_ArStar_9_5": 260.8782517022249,
    "e_CH4Plus_C_2H2_cm3_6_13": 7.560068508856934e-08,
    "loss_C3H6_11_16": 458.1266389033826,
    "loss_C3H3_11_13": 794.3523820954307,
    "loss_C3_11_14": 688.7029532996828,
    "loss_C4H_11_15": 679.3666591185064,
    "loss_C2H_11_12": 194.0846925604077,
    "loss_C3H_11_10": 323.81690505243233,
    "ArStar_CH4_CH3_H_cm3_3_1": 1.2058450485100846e-10,
    "e_CH4Plus_CH3_H_cm3_6_4": 8.101002617003826e-07,
    "e_CH4_CH_H2_H_vib_cm3_1_3": 2.4581624999989688e-11,
    "stick_C2_9_9": 5389.708077454949,
    "stick_CH_9_3": 3860.965484835307,
    "stick_C_9_10": 4171.084774575818,
    "loss_CH2_11_1": 5410.586122110595,
    "stick_CH3_9_2": 5188.493755660467,
    "e_Ar_ArStar_cm3_1_7": 8.498664840725379e-11,
    "stick_C4H_9_24": 1484.5016362054046,
    "stick_C2H2_9_11": 1356.4401348220972,
    "stick_C2H6_9_14": 983.2205140003597,
    "stick_C4H2_9_20": 1353.775186288031,
    "stick_C3H4_9_22": 905.1331800480584,
    "stick_C2H5_9_17": 605.0422980794906,
    "stick_C3H6_9_25": 763.1548993278086,
    "stick_H2_9_16": 889.9782195775495,
    "loss_C_11_8": 687.4438050513046,
    "stick_C3_9_23": 1127.425349628278,
    "stick_C3H3_9_21": 518.5374095069658,
    "stick_C3H_9_19": 1458.0287735552367,
    "stick_C2H4_9_12": 788.3274436783669,
    "e_CH4_CH4Plus_cm3_2_2": 1.1428767861536585e-11
  },
  "target_densities": {
    "H": 28955693223288.41,
    "CH": 11579354032.355408,
    "C2": 88601736792.16609
  },
  "all_densities": {
    "e": 1791050902.8447993,
    "Ar": 1.0260006290377222e+16,
    "CH4": 1810589345360686.2,
    "ArPlus": 179784500.97793916,
    "CH4Plus": 229732375.56516454,
    "CH3Plus": 102543244.05771828,
    "CH5Plus": 356407476.8229732,
    "ArHPlus": 108042780.53855672,
    "CH3Minus": 48472.92800229266,
    "H": 28955693223288.41,
    "C2": 88601736792.16609,
    "CH": 11579354032.355408,
    "H2": 79177526829616.06,
    "ArStar": 744695590.9453214,
    "C2H4": 228677087976.28693,
    "C2H6": 4396220995867.6045,
    "CH2": 1052079679040.3503,
    "C2H2": 2881961636050.905,
    "C2H5": 1562612168401.6375,
    "CH3": 25552411085883.96,
    "C": 61293769266.845985,
    "H3Plus": 437666.6953414093,
    "C2H3": 14690994529.370365,
    "C3H2": 3333265702.7843184,
    "CHPlus": 1056.6968082191743,
    "C3H": 1871631320.8378913,
    "C4H2": 1417874.4550737292,
    "C2H": 1186465235.2795985,
    "C3H3": 12957083.513868451,
    "C3H4": 139233740.14017466,
    "C3": 1950476504.9246008,
    "C3H5": 1809403951.3189125,
    "C4H": 1783706.6950819187,
    "C3H6": 8381777250.555054,
    "CH2Plus": 99072.18893228439,
    "C2H5Plus": 170565714.02904156,
    "C2H4Plus": 13534.763671866001,
    "C2H3Plus": 9023.175781244001,
    "HMinus": 688793476.0548093,
    "C2HPlus": 112054.65661223076,
    "H2Plus": 10701629.551806882,
    "C2H2Star": 132456554.79083253
  }
}