{
  "pressure_mTorr": 500.0,
  "n_total": 1.2070595635737908e+16,
  "Te": 1.2115808734289444,
  "Ne": 1804531639.5403652,
  "E_field": 232.87690994764984,
  "n_i_total": 566191662.2669921,
  "Ni_over_Ne": 0.31376100582598127,
  "charge_imbalance_pct": 68.62389941740187,
  "rate_values": {
    "loss_C2_11_3": 1687.5409570187292,
    "e_CH4_CH3_HMinus_cm3_8_1": 8.864447848722506e-14,
    "loss_C2H2Star_11_25": 8502.870335659189,
    "e_CH4Plus_CH2_H2_cm3_6_9": 1.570809338388253e-06,
    "loss_C3H4_11_18": 1019.882673012953,
    "e_CH4Plus_CH_H2_H_cm3_6_11": 8.337313029428404e-07,
    "stick_ArStar_9_5": 268.23622455001714,
    "stick_H_9_1": 1171.988311677519,
    "e_CH4Plus_C_2H2_cm3_6_13": 2.4831670619649336e-08,
    "loss_C3_11_14": 161.38798485875037,
    "loss_C4H2_11_11": 368.2392679201168,
    "loss_C2H_11_12": 991.7883302476725,
    "loss_C3H_11_10": 710.6257217903318,
    "loss_C3H3_11_13": 267.67658651239094,
    "loss_C3H6_11_16": 745.3743521032646,
    "loss_C4H_11_15": 727.8871916655478,
    "loss_CH_11_9": 7962.582245694423,
    "ArStar_CH4_CH3_H_cm3_3_1": 3.0394641356080073e-10,
    "e_CH4Plus_CH3_H_cm3_6_4": 4.784830811620675e-07,
    "e_CH4_CH_H2_H_vib_cm3_1_3": 4.022624863383148e-11,
    "stick_C_9_10": 2779.748303541862,
    "stick_CH_9_3": 5684.730794305028,
    "stick_C2_9_9": 4306.743048337443,
    "loss_CH2_11_1": 1628.6193849448046,
    "stick_CH3_9_2": 2446.078343009546,
    "e_Ar_ArStar_cm3_1_7": 1.0612393031351107e-10,
    "stick_C4H2_9_20": 1739.8405753448494,
    "stick_C3_9_23": 1200.3704152223336,
    "stick_H2_9_16": 970.3643053294066,
    "stick_C2H2_9_11": 1089.6663533667463,
    "stick_C2H6_9_14": 1508.3788286963868,
    "loss_C_11_8": 653.2053307357137,
    "stick_C3H_9_19": 1325.8447248765876,
    "stick_C2H4_9_12": 626.8496841685444,
    "stick_C3H6_9_25": 546.7049310097872,
    "stick_C3H4_9_22": 721.863843466965,
    "stick_C2H5_9_17": 1444.0762574478028,
    "stick_C3H3_9_21": 1935.1446960930118,
    "stick_C4H_9_24": 1449.1044778564226,
    "e_CH4_CH4Plus_cm3_2_2": 2.2652931061397493e-11
  },
  "target_densities": {
    "H": 26274369929791.22,
    "CH": 23587176777.861797,
    "C2": 336869771965.9108
  },
  "all_densities": {
    "e": 1804531639.5403652,
    "Ar": 1.0260006290377222e+16,
    "CH4": 1810589345360686.2,
    "ArPlus": 158433894.6924473,
    "CH4Plus": 102786762.65830566,
    "CH3Plus": 73424110.60895464,
    "CH5Plus": 104397917.17458722,
    "ArHPlus": 71101570.43814623,
    "CH3Minus": 32085.58345010726,
    "H": 26274369929791.22,
    "C2": 336869771965.9108,
    "CH": 23587176777.861797,
    "H2": 113679073375517.56,
    "ArStar": 802364526.4146411,
    "C2H4": 758942126793.176,
    "C2H6": 8833201702268.615,
    "CH2": 3050362333355.134,
    "C2H2": 9853892671588.92,
    "C2H5": 4270223218384.7236,
    "CH3": 42157263097464.77,
    "C": 158362335427.8988,
    "H3Plus": 150354.25764450955,
    "C2H3": 153025910110.41068,
    "C3H2": 23187857230.724384,
    "CHPlus": 579.1992766950059,
    "C3H": 11399950150.779207,
    "C4H2": 12755334.686412254,
    "C2H": 6640627199.040319,
    "C3H3": 163855743.62611672,
    "C3H4": 1130556721.853951,
    "C3": 18235035091.761864,
    "C3H5": 10072250993.297043,
    "C4H": 25123480.960357305,
    "C3H6": 36553515184.7421,
    "CH2Plus": 87439.18581940254,
    "C2H5Plus": 52053463.5890659,
    "C2H4Plus": 19244.74529508642,
    "C2H3Plus": 12829.830196724282,
    "HMinus": 223610111.67979088,
    "C2HPlus": 164578.68751186406,
    "H2Plus": 3558917.199740758,
    "C2H2Star": 55791140.741890654
  }
}