{
  "pressure_mTorr": 500.0,
  "n_total": 1.2070595635737908e+16,
  "Te": 3.9876390050139765,
  "Ne": 2384381465.4235954,
  "E_field": 287.8112119832302,
  "n_i_total": 30797157539.550396,
  "Ni_over_Ne": 12.916204049623055,
  "charge_imbalance_pct": 1191.6204049623054,
  "rate_values": {
    "loss_C2_11_3": 1478.7451155896285,
    "e_CH4_CH3_HMinus_cm3_8_1": 8.066840817059947e-14,
    "loss_C2H2Star_11_25": 1386.8303624480955,
    "e_CH4Plus_CH2_H2_cm3_6_9": 8.264615103037443e-07,
    "loss_C3H4_11_18": 1461.5214008507369,
    "e_CH4Plus_CH_H2_H_cm3_6_11": 6.444375759427907e-07,
    "stick_ArStar_9_5": 662.8410894153055,
    "loss_C4H_11_15": 504.54404464379974,
    "loss_C4H2_11_11": 172.88084280901813,
    "loss_C3H6_11_16": 981.5115863065473,
    "loss_CH_11_9": 6706.625258402487,
    "loss_C2H_11_12": 419.28031562909837,
    "e_CH4Plus_C_2H2_cm3_6_13": 7.694010087794583e-08,
    "ArStar_CH4_CH3_H_cm3_3_1": 2.297680013372818e-10,
    "loss_C3H3_11_13": 251.2318247021313,
    "loss_C3H_11_10": 274.72759335445807,
    "stick_H_9_1": 3281.995767105399,
    "loss_C3_11_14": 375.37435618421057,
    "e_CH4Plus_CH3_H_cm3_6_4": 1.6057080978199298e-07,
    "e_CH4_CH_H2_H_vib_cm3_1_3": 3.515557707142009e-11,
    "stick_C2_9_9": 4588.190314703734,
    "stick_C_9_10": 4397.1618326796115,
    "stick_CH_9_3": 3106.0854796243134,
    "loss_CH2_11_1": 5489.632038813838,
    "stick_CH3_9_2": 5048.5975356887375,
    "e_Ar_ArStar_cm3_1_7": 1.5651371588928804e-10,
    "stick_C4H_9_24": 871.1113892835453,
    "stick_C2H2_9_11": 1735.961430453817,
    "stick_H2_9_16": 282.0220685102635,
    "stick_C2H4_9_12": 1093.7740242961836,
    "stick_C3_9_23": 1413.9351051857238,
    "stick_C3H3_9_21": 909.739183789568,
    "stick_C4H2_9_20": 1167.3104847624243,
    "stick_C3H6_9_25": 816.7483041268664,
    "stick_C3H4_9_22": 1603.5957662076362,
    "stick_C3H_9_19": 1408.7097755753218,
    "stick_C2H5_9_17": 1380.6781755708323,
    "loss_C_11_8": 1731.784670708234,
    "stick_C2H6_9_14": 1257.181654815013,
    "e_CH4_CH3Plus_H_cm3_2_1": 2.915807324294646e-11
  },
  "target_densities": {
    "H": 30542585108340.863,
    "CH": 15467489152.437996,
    "C2": 104431042959.17326
  },
  "all_densities": {
    "e": 2384381465.4235954,
    "Ar": 1.0260006290377222e+16,
    "CH4": 1810589345360686.2,
    "ArPlus": 252044298.97178602,
    "CH4Plus": 152709579.3709274,
    "CH3Plus": 98949687.41153483,
    "CH5Plus": 667958782.6984318,
    "ArHPlus": 101234404.92123576,
    "CH3Minus": 40119.418255729484,
    "H": 30542585108340.863,
    "C2": 104431042959.17326,
    "CH": 15467489152.437996,
    "H2": 64126931473175.13,
    "ArStar": 1670601747.0795012,
    "C2H4": 246991339109.21088,
    "C2H6": 4082784480715.21,
    "CH2": 1285755359737.4746,
    "C2H2": 2782681746867.8413,
    "C2H5": 1305839189715.861,
    "CH3": 26923267302381.035,
    "C": 68255358486.06213,
    "H3Plus": 620732219.9275492,
    "C2H3": 68020418473.17888,
    "C3H2": 4297462877.392647,
    "CHPlus": 333139.2340825477,
    "C3H": 2554392013.463729,
    "C4H2": 2948088.824818805,
    "C2H": 16532351974.129593,
    "C3H3": 90622855.96993954,
    "C3H4": 137103060.51016966,
    "C3": 2586007215.7242465,
    "C3H5": 2019805350.1758504,
    "C4H": 4831948.378912622,
    "C3H6": 6811677206.5332775,
    "CH2Plus": 40189.025205178696,
    "C2H5Plus": 56687836.5467874,
    "C2H4Plus": 6696.0111126848,
    "C2H3Plus": 4464.007408456533,
    "HMinus": 463106224.07505745,
    "C2HPlus": 49710.18681155295,
    "H2Plus": 28846406531.237522,
    "C2H2Star": 201124223.13904917
  }
}