{
  "pressure_mTorr": 500.0,
  "n_total": 1.2070595635737908e+16,
  "Te": 2.2309003437417703,
  "Ne": 2247795981.90812,
  "E_field": 33.72865110653228,
  "n_i_total": 16218457335.342278,
  "Ni_over_Ne": 7.215271077037282,
  "charge_imbalance_pct": 621.5271077037282,
  "rate_values": {
    "loss_C2_11_3": 967.2019103332173,
    "e_CH4_CH3_HMinus_cm3_8_1": 1.0614547159911817e-13,
    "loss_C2H2Star_11_25": 4503.270071885414,
    "e_CH4Plus_CH2_H2_cm3_6_9": 3.557072509274495e-07,
    "loss_C3H4_11_18": 607.637701514619,
    "e_CH4Plus_CH_H2_H_cm3_6_11": 8.431455992664048e-07,
    "loss_C4H2_11_11": 601.9592120984308,
    "ArStar_CH4_CH3_H_cm3_3_1": 1.0750904208676184e-10,
    "e_CH4Plus_C_2H2_cm3_6_13": 1.3709545983864455e-08,
    "stick_ArStar_9_5": 411.6841766931011,
    "stick_H_9_1": 3490.2046965281233,
    "loss_C3H_11_10": 393.8490144190594,
    "loss_C4H_11_15": 136.00697594750994,
    "loss_C3_11_14": 714.1517173162413,
    "loss_C3H3_11_13": 718.0973166900374,
    "loss_C3H6_11_16": 466.3314306262512,
    "loss_C2H_11_12": 307.5860956217241,
    "loss_CH_11_9": 9816.380552768105,
    "e_CH4Plus_CH3_H_cm3_6_4": 8.960408279468537e-07,
    "e_CH4_CH_H2_H_vib_cm3_1_3": 7.366823693646273e-11,
    "stick_C2_9_9": 5467.905371514549,
    "stick_C_9_10": 5723.846724864552,
    "stick_CH_9_3": 6021.435785337302,
    "loss_CH2_11_1": 4917.599055275745,
    "stick_CH3_9_2": 4992.458739340931,
    "e_Ar_ArStar_cm3_1_7": 9.798118915963785e-11,
    "stick_C4H_9_24": 960.7041431114458,
    "stick_C2H5_9_17": 1427.6015465394348,
    "stick_C2H6_9_14": 1413.786455672247,
    "stick_C3H4_9_22": 1004.6923513090665,
    "stick_H2_9_16": 923.2088703139386,
    "stick_C2H2_9_11": 1568.6287721329707,
    "stick_C2H4_9_12": 1726.0138759355284,
    "stick_C4H2_9_20": 1516.0891266475264,
    "stick_C3_9_23": 675.3379946213062,
    "loss_C_11_8": 833.0492891955869,
    "stick_C3H3_9_21": 1263.2223360050848,
    "stick_C3H_9_19": 1216.6026039135058,
    "stick_C3H6_9_25": 766.962055830507,
    "e_CH4_CH4Plus_cm3_2_2": 1.638740363932705e-11
  },
  "target_densities": {
    "H": 22298572025081.355,
    "CH": 13080905218.874216,
    "C2": 98746761104.40535
  },
  "all_densities": {
    "e": 2247795981.90812,
    "Ar": 1.0260006290377222e+16,
    "CH4": 1810589345360686.2,
    "ArPlus": 265931790.7672278,
    "CH4Plus": 994086661.5155773,
    "CH3Plus": 172301252.5954552,
    "CH5Plus": 5188450291.102313,
    "ArHPlus": 193868767.7234986,
    "CH3Minus": 345342.828052848,
    "H": 22298572025081.355,
    "C2": 98746761104.40535,
    "CH": 13080905218.874216,
    "H2": 89767926334660.2,
    "ArStar": 1087614375.119588,
    "C2H4": 193514378407.9557,
    "C2H6": 4451491012446.843,
    "CH2": 1398750741509.1228,
    "C2H2": 3557045823680.3926,
    "C2H5": 1464515647349.2258,
    "CH3": 29223097641014.938,
    "C": 50256339635.01215,
    "H3Plus": 461150121.7042151,
    "C2H3": 44986954516.926125,
    "C3H2": 4646859415.118099,
    "CHPlus": 204719.74296144434,
    "C3H": 2886868248.606737,
    "C4H2": 1782907.8424980887,
    "C2H": 5721186130.860494,
    "C3H3": 29700916.120285794,
    "C3H4": 172698980.69639868,
    "C3": 3534590641.597936,
    "C3H5": 1915719037.4533446,
    "C4H": 5542492.140204657,
    "C3H6": 9244577517.234642,
    "CH2Plus": 649639.1691027551,
    "C2H5Plus": 841215847.8182832,
    "C2H4Plus": 42148.77862909157,
    "C2H3Plus": 28099.185752727713,
    "HMinus": 236931426.4808098,
    "C2HPlus": 504706.0624735879,
    "H2Plus": 8100023289.176787,
    "C2H2Star": 51545131.99126195
  }
}