{
  "pressure_mTorr": 500.0,
  "n_total": 1.2070595635737908e+16,
  "Te": 3.7803786935526347,
  "Ne": 2015143012.1765003,
  "E_field": 404.89304886486946,
  "n_i_total": 14202897415.896921,
  "Ni_over_Ne": 7.048084096302805,
  "charge_imbalance_pct": 604.8084096302805,
  "rate_values": {
    "loss_C2_11_3": 628.477592897623,
    "e_CH4_CH3_HMinus_cm3_8_1": 1.1982934251145206e-13,
    "loss_C2H2Star_11_25": 5209.172348755496,
    "e_CH4Plus_CH2_H2_cm3_6_9": 5.987747953851895e-07,
    "loss_C3H4_11_18": 630.6520596489725,
    "e_CH4Plus_CH_H2_H_cm3_6_11": 7.0610614721697e-07,
    "stick_ArStar_9_5": 528.9717403743716,
    "loss_C4H_11_15": 650.6431231505287,
    "loss_C4H2_11_11": 483.1481107663156,
    "loss_C3H6_11_16": 327.2808007665807,
    "loss_CH_11_9": 8476.076598482683,
    "loss_C2H_11_12": 936.9602074224299,
    "e_CH4Plus_C_2H2_cm3_6_13": 2.5656131012735683e-08,
    "ArStar_CH4_CH3_H_cm3_3_1": 3.9244205982924745e-10,
    "loss_C3H3_11_13": 191.03821529373272,
    "loss_C3H_11_10": 696.6887228079881,
    "stick_H_9_1": 3252.290461182247,
    "loss_C3_11_14": 356.91078047877136,
    "e_CH4Plus_CH3_H_cm3_6_4": 3.4006316082268564e-07,
    "e_CH4_CH_H2_H_vib_cm3_1_3": 3.7545409090656276e-11,
    "stick_C2_9_9": 6234.7448272574875,
    "stick_C_9_10": 3209.373368350502,
    "stick_CH_9_3": 5936.406433257633,
    "loss_CH2_11_1": 4988.081621788286,
    "stick_CH3_9_2": 5426.106677671937,
    "e_Ar_ArStar_cm3_1_7": 5.70687440422182e-11,
    "stick_C4H_9_24": 738.4482157101412,
    "stick_C2H2_9_11": 1774.3525336128187,
    "stick_H2_9_16": 830.5177086716167,
    "stick_C2H4_9_12": 787.807229971859,
    "stick_C3_9_23": 513.8800301405917,
    "stick_C3H3_9_21": 930.3642441191107,
    "stick_C4H2_9_20": 1260.2610149649233,
    "stick_C3H6_9_25": 1473.0414664413734,
    "stick_C3H4_9_22": 1711.219416689728,
    "stick_C3H_9_19": 1263.260358067861,
    "stick_C2H5_9_17": 1284.944620907139,
    "loss_C_11_8": 1629.1896009190561,
    "stick_C2H6_9_14": 422.42652745882253,
    "e_CH4_CH3Plus_H_cm3_2_1": 3.291153838809027e-11
  },
  "target_densities": {
    "H": 30373159405204.246,
    "CH": 13301094358.695683,
    "C2": 85444667138.4436
  },
  "all_densities": {
    "e": 2015143012.1765003,
    "Ar": 1.0260006290377222e+16,
    "CH4": 1810589345360686.2,
    "ArPlus": 112912691.24868046,
    "CH4Plus": 55661279.336242706,
    "CH3Plus": 42494419.05225693,
    "CH5Plus": 180793854.8685158,
    "ArHPlus": 37184663.39239209,
    "CH3Minus": 23071.708737159643,
    "H": 30373159405204.246,
    "C2": 85444667138.4436,
    "CH": 13301094358.695683,
    "H2": 62772890206919.766,
    "ArStar": 456361507.8822383,
    "C2H4": 242770609347.2514,
    "C2H6": 7087726500064.028,
    "CH2": 1251240586131.6343,
    "C2H2": 2532056333306.3203,
    "C2H5": 1290986406645.9697,
    "CH3": 25760150250393.33,
    "C": 70121357106.91264,
    "H3Plus": 233836298.27647862,
    "C2H3": 63080777799.83751,
    "C3H2": 3363438280.0907235,
    "CHPlus": 144837.51960652406,
    "C3H": 1717201731.2582374,
    "C4H2": 1310114.8733979084,
    "C2H": 9813351051.96472,
    "C3H3": 74820896.87718986,
    "C3H4": 151674688.2388135,
    "C3": 4128676478.0372963,
    "C3H5": 1717153201.059152,
    "C4H": 3220624.064205121,
    "C3H6": 8715102931.00391,
    "CH2Plus": 11939.188503365263,
    "C2H5Plus": 17357421.22453564,
    "C2H4Plus": 3954.207096800134,
    "C2H3Plus": 2636.138064533423,
    "HMinus": 196258612.21920308,
    "C2HPlus": 27187.75447796746,
    "H2Plus": 13522466233.69007,
    "C2H2Star": 13309596.63778267
  }
}