{
  "pressure_mTorr": 500.0,
  "n_total": 1.2070595635737908e+16,
  "Te": 1.0100259943891654,
  "Ne": 1861757974.1790512,
  "E_field": 184.17117535445487,
  "n_i_total": 301588711.126364,
  "Ni_over_Ne": 0.16199136263098354,
  "charge_imbalance_pct": 83.80086373690165,
  "rate_values": {
    "loss_C2_11_3": 717.3074164218849,
    "e_CH4_CH3_HMinus_cm3_8_1": 7.093495161461872e-13,
    "loss_C2H2Star_11_25": 4095.7427734903367,
    "stick_H_9_1": 3794.363740735493,
    "e_CH4Plus_CH2_H2_cm3_6_9": 2.9513848496973553e-06,
    "loss_C3H4_11_18": 244.178359954602,
    "e_CH4Plus_CH_H2_H_cm3_6_11": 1.1595974913809547e-06,
    "loss_C4H2_11_11": 553.9519397157251,
    "loss_CH_11_9": 6016.768618125718,
    "stick_ArStar_9_5": 231.88018764991463,
    "e_CH4Plus_C_2H2_cm3_6_13": 4.7749498681857624e-08,
    "loss_C3H6_11_16": 638.9013875232025,
    "loss_C3H3_11_13": 882.0664413406064,
    "loss_C3_11_14": 244.61719847923695,
    "loss_C4H_11_15": 350.3102203117485,
    "loss_C2H_11_12": 133.0475872202532,
    "loss_C3H_11_10": 438.91916423461464,
    "ArStar_CH4_CH3_H_cm3_3_1": 3.859863471609233e-10,
    "e_CH4Plus_CH3_H_cm3_6_4": 6.143112616380927e-07,
    "e_CH4_CH_H2_H_vib_cm3_1_3": 2.432559753177309e-11,
    "stick_C2_9_9": 3242.1448454097253,
    "stick_CH_9_3": 4676.714137327184,
    "stick_C_9_10": 2615.6493125630936,
    "loss_CH2_11_1": 5929.758813438287,
    "stick_CH3_9_2": 5569.672422079417,
    "e_Ar_ArStar_cm3_1_7": 5.305289161828237e-11,
    "stick_C4H_9_24": 1838.1931649919973,
    "stick_C2H2_9_11": 1663.1686942324811,
    "stick_C2H6_9_14": 1088.8211197237833,
    "stick_C4H2_9_20": 1150.855326212555,
    "stick_C3H4_9_22": 1252.233178261585,
    "stick_C2H5_9_17": 1504.3000779663248,
    "stick_C3H6_9_25": 1408.376935371581,
    "stick_H2_9_16": 850.5856599106068,
    "loss_C_11_8": 1169.1720114112802,
    "stick_C3_9_23": 1628.7229910800304,
    "stick_C3H3_9_21": 532.8360914515703,
    "stick_C3H_9_19": 1225.565207308896,
    "stick_C2H4_9_12": 503.8558441535315,
    "e_CH4_CH4Plus_cm3_2_2": 1.7229426886404007e-11
  },
  "target_densities": {
    "H": 28820387719278.223,
    "CH": 10623360762.617407,
    "C2": 103206066219.0404
  },
  "all_densities": {
    "e": 1861757974.1790512,
    "Ar": 1.0260006290377222e+16,
    "CH4": 1810589345360686.2,
    "ArPlus": 71640755.32451811,
    "CH4Plus": 68971944.96317586,
    "CH3Plus": 33236952.416884273,
    "CH5Plus": 62460423.25354178,
    "ArHPlus": 35272160.595933825,
    "CH3Minus": 18831.649445574785,
    "H": 28820387719278.223,
    "C2": 103206066219.0404,
    "CH": 10623360762.617407,
    "H2": 79194718707529.14,
    "ArStar": 393264574.2111542,
    "C2H4": 230846139070.8604,
    "C2H6": 3773597854681.624,
    "CH2": 925977458555.9567,
    "C2H2": 2309898723499.3105,
    "C2H5": 801771744077.0345,
    "CH3": 24498220949769.496,
    "C": 68660349740.85916,
    "H3Plus": 7713.036363541242,
    "C2H3": 13010721442.809069,
    "C3H2": 2451284658.3584995,
    "CHPlus": 53.828790755047976,
    "C3H": 1473323284.9357347,
    "C4H2": 918088.8120695823,
    "C2H": 829389388.1083336,
    "C3H3": 9768700.27903077,
    "C3H4": 180271130.5489872,
    "C3": 1426952678.5630188,
    "C3H5": 851751048.6603293,
    "C4H": 1189894.4928521297,
    "C3H6": 3377645286.340435,
    "CH2Plus": 15192.95883024151,
    "C2H5Plus": 29725272.002872843,
    "C2H4Plus": 2838.9706397674836,
    "C2H3Plus": 1892.6470931783226,
    "HMinus": 564832536.083277,
    "C2HPlus": 18869.68571822245,
    "H2Plus": 234641.44200152854,
    "C2H2Star": 13307495.92744152
  }
}