{
  "pressure_mTorr": 500.0,
  "n_total": 1.2070595635737908e+16,
  "Te": 1.4801655584470927,
  "Ne": 2823751290.980729,
  "E_field": 194.46974875644491,
  "n_i_total": 1489111105.092446,
  "Ni_over_Ne": 0.5273520758888283,
  "charge_imbalance_pct": 47.26479241111718,
  "rate_values": {
    "loss_C2_11_3": 131.52674077842698,
    "e_CH4_CH3_HMinus_cm3_8_1": 5.365679127504031e-13,
    "loss_C2H2Star_11_25": 538.8595189299785,
    "e_CH4Plus_CH2_H2_cm3_6_9": 1.3031407862550774e-06,
    "e_CH_CHPlus_2e_cm3_2_10": 1.751534488880682e-11,
    "loss_C3H4_11_18": 1134.657403972462,
    "e_CH4Plus_CH_H2_H_cm3_6_11": 7.900507614818346e-07,
    "loss_C3H3_11_13": 160.66695142568307,
    "e_CH4Plus_C_2H2_cm3_6_13": 5.997182268345417e-08,
    "loss_C2H_11_12": 211.36115260520444,
    "loss_C3_11_14": 344.0679073556761,
    "ArStar_CH4_CH3_H_cm3_3_1": 7.409751179681688e-11,
    "loss_C4H_11_15": 777.9358284468854,
    "loss_C3H6_11_16": 754.034540400763,
    "loss_C4H2_11_11": 482.3061689304003,
    "loss_CH_11_9": 4710.68833101579,
    "stick_ArStar_9_5": 580.3005346830901,
    "loss_C3H_11_10": 435.9109349230742,
    "e_CH4Plus_CH3_H_cm3_6_4": 1.5398113831965118e-07,
    "e_CH4_CH_H2_H_vib_cm3_1_3": 8.673035375859063e-11,
    "stick_H_9_1": 125.14022288655954,
    "stick_CH_9_3": 2711.4718641630297,
    "stick_C_9_10": 5409.328434093563,
    "stick_C2_9_9": 1292.1435036299677,
    "loss_CH2_11_1": 1666.9975935381765,
    "stick_CH3_9_2": 2088.265114189893,
    "e_Ar_ArStar_cm3_1_7": 1.6112412803926816e-10,
    "stick_C4H_9_24": 1859.4536797083874,
    "stick_H2_9_16": 297.47646006921775,
    "stick_C2H4_9_12": 986.7916186643924,
    "stick_C3H6_9_25": 1872.4488686240888,
    "stick_C2H2_9_11": 1098.6427709917693,
    "stick_C2H5_9_17": 864.6611601826629,
    "stick_C3H4_9_22": 972.7369398579596,
    "loss_C_11_8": 1492.3923459623961,
    "stick_C3_9_23": 1397.83144049551,
    "stick_C4H2_9_20": 1401.640301348025,
    "stick_C3H_9_19": 759.0287044134103,
    "stick_C3H3_9_21": 1542.4287866295722,
    "stick_C2H6_9_14": 700.9927784367984
  },
  "target_densities": {
    "H": 10884409307417.273,
    "CH": 6076165292.751024,
    "C2": 77863008191.59042
  },
  "all_densities": {
    "e": 2823751290.980729,
    "Ar": 1.0260006290377222e+16,
    "CH4": 1810589345360686.2,
    "ArPlus": 367009010.30424684,
    "CH4Plus": 309714530.7425987,
    "CH3Plus": 170422867.3879969,
    "CH5Plus": 296681711.5641989,
    "ArHPlus": 174176443.53828737,
    "CH3Minus": 32395.774502089665,
    "H": 10884409307417.273,
    "C2": 77863008191.59042,
    "CH": 6076165292.751024,
    "H2": 38303045431074.88,
    "ArStar": 2339869903.735792,
    "C2H4": 324963091779.5305,
    "C2H6": 2601492696513.688,
    "CH2": 887232173921.2739,
    "C2H2": 1638817949239.5115,
    "C2H5": 808688636498.8002,
    "CH3": 17688317850940.0,
    "C": 20224472894.047028,
    "H3Plus": 410214.2429803447,
    "C2H3": 5466997622.669155,
    "C3H2": 995168193.7866993,
    "CHPlus": 138.71096720191937,
    "C3H": 832901309.0407376,
    "C4H2": 268630.0330779723,
    "C2H": 1346480211.0158024,
    "C3H3": 1950470.573565427,
    "C3H4": 103064830.36855914,
    "C3": 625980242.4108799,
    "C3H5": 491372582.57361585,
    "C4H": 229272.40822179193,
    "C3H6": 1156553324.0593624,
    "CH2Plus": 70689.59737983279,
    "C2H5Plus": 144273221.76088902,
    "C2H4Plus": 15438.878970877553,
    "C2H3Plus": 10292.585980585036,
    "HMinus": 726917076.6511585,
    "C2HPlus": 51262.90175196498,
    "H2Plus": 26275282.876197252,
    "C2H2Star": 426970740.5086218
  }
}