{
  "pressure_mTorr": 500.0,
  "n_total": 1.2070595635737908e+16,
  "Te": 1.3237045302076966,
  "Ne": 2512814107.2058215,
  "E_field": 258.69865545514864,
  "n_i_total": 831825287.1736972,
  "Ni_over_Ne": 0.33103335610395135,
  "charge_imbalance_pct": 66.89666438960487,
  "rate_values": {
    "loss_C2_11_3": 1137.8204355416256,
    "e_CH4_CH3_HMinus_cm3_8_1": 3.0019822914129383e-13,
    "loss_C2H2Star_11_25": 3053.5365606858104,
    "e_CH4Plus_CH2_H2_cm3_6_9": 9.897427314364658e-07,
    "e_CH_CHPlus_2e_cm3_2_10": 1.4617609365520957e-11,
    "loss_C3H4_11_18": 615.4249352636236,
    "e_CH4Plus_CH_H2_H_cm3_6_11": 3.950624806319482e-07,
    "loss_C3H_11_10": 344.41087660187236,
    "stick_ArStar_9_5": 563.4284981270746,
    "loss_C3_11_14": 716.071132982697,
    "ArStar_CH4_CH3_H_cm3_3_1": 1.7263645743059404e-10,
    "loss_C4H_11_15": 960.5958433370172,
    "loss_C3H3_11_13": 203.02211019326785,
    "loss_C3H6_11_16": 613.1981030519568,
    "loss_C4H2_11_11": 571.1317849398308,
    "e_CH4Plus_C_2H2_cm3_6_13": 7.798661617227719e-08,
    "loss_C2H_11_12": 735.9632366678513,
    "loss_CH_11_9": 5661.698844170146,
    "e_CH4Plus_CH3_H_cm3_6_4": 5.755929958523101e-07,
    "e_CH4_CH_H2_H_vib_cm3_1_3": 2.5596207025400715e-11,
    "stick_C_9_10": 6177.529842016511,
    "stick_C2_9_9": 5961.466669890836,
    "stick_H_9_1": 451.4999503103593,
    "stick_CH_9_3": 2712.8773681896737,
    "loss_CH2_11_1": 2986.8390745196048,
    "stick_CH3_9_2": 3807.750326011945,
    "e_Ar_ArStar_cm3_1_7": 1.1943008362550772e-10,
    "stick_C3H3_9_21": 1860.6275821751542,
    "stick_H2_9_16": 642.1467843819171,
    "stick_C4H_9_24": 1620.2742356481401,
    "stick_C2H6_9_14": 1548.0174860169745,
    "stick_C3H6_9_25": 1909.8752176654452,
    "stick_C2H2_9_11": 1937.941665870569,
    "stick_C2H5_9_17": 1657.6574671110368,
    "stick_C2H4_9_12": 1421.0613584273412,
    "stick_C3H4_9_22": 867.474256792093,
    "stick_C3_9_23": 1199.9598333406925,
    "stick_C4H2_9_20": 1268.6246484378623,
    "stick_C3H_9_19": 1097.9355263701418,
    "loss_C_11_8": 1895.2653921859678
  },
  "target_densities": {
    "H": 41218161514701.5,
    "CH": 14758639203.979929,
    "C2": 213634039013.3459
  },
  "all_densities": {
    "e": 2512814107.2058215,
    "Ar": 1.0260006290377222e+16,
    "CH4": 1810589345360686.2,
    "ArPlus": 240167456.04000217,
    "CH4Plus": 161111168.69454104,
    "CH3Plus": 105748686.27944912,
    "CH5Plus": 137019693.382616,
    "ArHPlus": 103788969.63617995,
    "CH3Minus": 40873.41373183064,
    "H": 41218161514701.5,
    "C2": 213634039013.3459,
    "CH": 14758639203.979929,
    "H2": 129520324882715.42,
    "ArStar": 1390136815.0116372,
    "C2H4": 808281796941.3911,
    "C2H6": 7121719533647.151,
    "CH2": 2356609584003.957,
    "C2H2": 5398547136361.491,
    "C2H5": 2801231115762.3887,
    "CH3": 38215211658506.63,
    "C": 124495966734.04497,
    "H3Plus": 711469.1089341274,
    "C2H3": 25856045275.208023,
    "C3H2": 7955779293.505896,
    "CHPlus": 188.2207874268725,
    "C3H": 5518353002.1826,
    "C4H2": 4426856.70134534,
    "C2H": 1867420293.4453301,
    "C3H3": 18491512.627834037,
    "C3H4": 884891800.340922,
    "C3": 4487459040.560214,
    "C3H5": 4134235936.4499216,
    "C4H": 4549491.938219456,
    "C3H6": 8692719025.239487,
    "CH2Plus": 87581.19358491895,
    "C2H5Plus": 67437048.35500792,
    "C2H4Plus": 25690.980328892027,
    "C2H3Plus": 17127.320219261346,
    "HMinus": 717589274.994545,
    "C2HPlus": 113040.00150871936,
    "H2Plus": 15597167.96053771,
    "C2H2Star": 147462831.49423763
  }
}