{
  "pressure_mTorr": 500.0,
  "n_total": 1.2070595635737908e+16,
  "Te": 1.3681855408894004,
  "Ne": 2054790116.8847332,
  "E_field": 47.19023678682217,
  "n_i_total": 2339729924.8734837,
  "Ni_over_Ne": 1.1386710037425856,
  "charge_imbalance_pct": 13.867100374258545,
  "rate_values": {
    "loss_C2_11_3": 705.4463109066107,
    "e_CH4_CH3_HMinus_cm3_8_1": 5.147646402966312e-14,
    "loss_C2H2Star_11_25": 8542.290490172112,
    "e_CH4Plus_CH2_H2_cm3_6_9": 1.4489306680445102e-06,
    "e_CH_CHPlus_2e_cm3_2_10": 1.3764877747791358e-11,
    "loss_C3H4_11_18": 1287.8486481411637,
    "e_CH4Plus_CH_H2_H_cm3_6_11": 1.2112042894291843e-07,
    "loss_C3H6_11_16": 393.57253478282206,
    "loss_C3_11_14": 537.5550072698521,
    "loss_C4H_11_15": 954.5620871487697,
    "loss_C2H_11_12": 560.8444967834514,
    "loss_CH_11_9": 2653.3407391621977,
    "ArStar_CH4_CH3_H_cm3_3_1": 4.78826602890935e-10,
    "e_CH4Plus_C_2H2_cm3_6_13": 9.876820880220786e-08,
    "loss_C3H3_11_13": 954.0777362455672,
    "loss_C4H2_11_11": 323.712541085189,
    "stick_ArStar_9_5": 569.0365248377282,
    "loss_C3H_11_10": 491.0390519454423,
    "e_CH4Plus_CH3_H_cm3_6_4": 6.732483649256193e-07,
    "e_CH4_CH_H2_H_vib_cm3_1_3": 3.520626872881614e-11,
    "stick_CH_9_3": 3037.184086547613,
    "stick_C2_9_9": 1711.2614819027124,
    "stick_C_9_10": 5982.006648407691,
    "stick_H_9_1": 183.48908919783963,
    "loss_CH2_11_1": 1588.8958214771003,
    "stick_CH3_9_2": 2520.0582981095213,
    "e_Ar_ArStar_cm3_1_7": 6.956828762717555e-11,
    "C2H2_H_C2_H2_H_cm3_7_50": 9.078194799055596e-12,
    "e_CH4_CH2_H2_cm3_1_2": 2.4132052803120885e-11,
    "C_CH3_C2_H2_H_cm3_7_8": 1.0797821168787492e-10,
    "CH2_CH3_C2H2_H_H2_cm3_7_62": 1.0698182732067277e-11,
    "C2H2_C_C2_CH2_cm3_7_19": 9.783933596435115e-11,
    "C_H_CH_cm3_7_12": 9.026012155643819e-11,
    "CH_CH3_C2H4_cm3_7_5": 9.064479131961127e-11,
    "e_CH4_CH3_H_cm3_1_1": 6.794680949116893e-11,
    "CH2_CH2_C2H2_H2_cm3_7_15": 1.1856894958283556e-10,
    "CH2_C2H3_C2H2_CH3_cm3_7_53": 1.1536351819563294e-10,
    "CH_CH_C2_H2_cm3_5_4": 1.3433771078629942e-10,
    "CH3_CH3_C2H2_H2_H2_cm3_7_49": 1.0974546071163187e-11,
    "CH3_C2H5_C2H2_CH3_H2_cm3_7_61": 1.1092128916674021e-11,
    "CH_C_C2_H_cm3_7_9": 1.1166304648988545e-10,
    "CH_CH4_CH2_CH3_cm3_7_39": 1.1557412834287258e-11,
    "CH2_H_CH_H2_cm3_7_1": 1.2127610797969541e-11,
    "C2_H_CH_C_cm3_7_6": 1.1571851404909287e-10,
    "CH_H_C_H2_cm3_7_3": 9.621863849767466e-11,
    "C2HPlus_e_C2_H_cm3_6_18": 2.024777706889864e-07,
    "C_CH_C2_H_cm3_7_4": 1.0521641725181065e-10,
    "e_C2H2_C2_H2_cm3_1_16": 7.078337809661008e-11,
    "C2H_H_C2_H2_cm3_7_47": 8.73639079101603e-11,
    "CH_CH4_C2H4_H_cm3_7_20": 6.261294940778044e-11
  },
  "target_densities": {
    "H": 10600007664598.082,
    "CH": 3284585214.6607823,
    "C2": 53678831973.656235
  },
  "all_densities": {
    "e": 2054790116.8847332,
    "Ar": 1.0260006290377222e+16,
    "CH4": 1810589345360686.2,
    "ArPlus": 183435799.70476276,
    "CH4Plus": 616722514.0734633,
    "CH3Plus": 118666722.98009884,
    "CH5Plus": 855761543.9848759,
    "ArHPlus": 125781194.88135147,
    "CH3Minus": 79125.4715536671,
    "H": 10600007664598.082,
    "C2": 53678831973.656235,
    "CH": 3284585214.6607823,
    "H2": 32119498267007.33,
    "ArStar": 538207538.1995714,
    "C2H4": 233002673025.7741,
    "C2H6": 2820876431506.442,
    "CH2": 727425224631.1696,
    "C2H2": 1931076140344.498,
    "C2H5": 345551179434.70496,
    "CH3": 15941955234069.99,
    "C": 17178573460.105272,
    "H3Plus": 488185.23185485683,
    "C2H3": 2662564025.345932,
    "C3H2": 634070148.1526068,
    "CHPlus": 175.31352638102766,
    "C3H": 364241557.329795,
    "C4H2": 76022.9331937248,
    "C2H": 695311404.1992139,
    "C3H3": 396783.57468625024,
    "C3H4": 33171751.550006602,
    "C3": 374556839.2251921,
    "C3H5": 113499229.48798269,
    "C4H": 94470.34609823083,
    "C3H6": 1027217167.21369,
    "CH2Plus": 166305.86307238572,
    "C2H5Plus": 413650397.09444636,
    "C2H4Plus": 33174.829504245594,
    "C2H3Plus": 22116.553002830402,
    "HMinus": 79540868.30343804,
    "C2HPlus": 179765.14593005646,
    "H2Plus": 24822029.21759482,
    "C2H2Star": 7300054.266006133
  }
}