{
  "pressure_mTorr": 500.0,
  "n_total": 1.2070595635737908e+16,
  "Te": 1.0680284233902197,
  "Ne": 2140964956.1886706,
  "E_field": 232.87690994764984,
  "n_i_total": 690494980.853941,
  "Ni_over_Ne": 0.3225157790920384,
  "charge_imbalance_pct": 67.74842209079615,
  "rate_values": {
    "loss_C2_11_3": 1687.5409570187292,
    "e_CH4_CH3_HMinus_cm3_8_1": 8.864447848722506e-14,
    "loss_C2H2Star_11_25": 8502.870335659189,
    "e_CH4Plus_CH2_H2_cm3_6_9": 1.570809338388253e-06,
    "e_CH_CHPlus_2e_cm3_2_10": 1.676941725165062e-11,
    "loss_C3H4_11_18": 1033.8398401090697,
    "e_CH4Plus_CH_H2_H_cm3_6_11": 4.369434282680032e-07,
    "loss_C3H3_11_13": 301.2823423335525,
    "e_CH4Plus_C_2H2_cm3_6_13": 2.4831670619649336e-08,
    "loss_C2H_11_12": 161.38798485875037,
    "loss_C3_11_14": 368.2392679201168,
    "ArStar_CH4_CH3_H_cm3_3_1": 4.958941651238363e-10,
    "loss_C4H_11_15": 710.6257217903318,
    "loss_C3H6_11_16": 267.67658651239094,
    "loss_C4H2_11_11": 745.3743521032646,
    "loss_CH_11_9": 7278.871916655477,
    "stick_ArStar_9_5": 568.5283723425819,
    "loss_C3H_11_10": 607.8928271216014,
    "e_CH4Plus_CH3_H_cm3_6_4": 4.784830811620675e-07,
    "e_CH4_CH_H2_H_vib_cm3_1_3": 4.022624863383148e-11,
    "stick_H_9_1": 222.37986428334895,
    "stick_CH_9_3": 5684.730794305028,
    "stick_C_9_10": 4306.743048337443,
    "stick_C2_9_9": 1683.35340056398,
    "loss_CH2_11_1": 2512.7182676917982,
    "stick_CH3_9_2": 3382.0897003458654,
    "e_Ar_ArStar_cm3_1_7": 1.557184536988526e-10,
    "stick_C4H_9_24": 1200.3704152223336,
    "stick_H2_9_16": 970.3643053294066,
    "stick_C2H4_9_12": 1089.6663533667463,
    "stick_C3H6_9_25": 1885.4735358704838,
    "stick_C2H2_9_11": 653.2053307357137,
    "stick_C2H5_9_17": 1325.8447248765876,
    "stick_C3H4_9_22": 626.8496841685444,
    "loss_C_11_8": 546.7049310097872,
    "stick_C3_9_23": 721.863843466965,
    "stick_C4H2_9_20": 1444.0762574478028,
    "stick_C3H_9_19": 1935.1446960930118,
    "stick_C3H3_9_21": 1449.1044778564226,
    "stick_C2H6_9_14": 934.630889918204
  },
  "target_densities": {
    "H": 10639959883036.215,
    "CH": 2622001984.501066,
    "C2": 31302384980.82742
  },
  "all_densities": {
    "e": 2140964956.1886706,
    "Ar": 1.0260006290377222e+16,
    "CH4": 1810589345360686.2,
    "ArPlus": 201310139.21411225,
    "CH4Plus": 135538737.98394006,
    "CH3Plus": 83422636.7284079,
    "CH5Plus": 123071179.17971128,
    "ArHPlus": 87962877.23864754,
    "CH3Minus": 10739.564962532406,
    "H": 10639959883036.215,
    "C2": 31302384980.82742,
    "CH": 2622001984.501066,
    "H2": 27817267428355.65,
    "ArStar": 1242210433.4250345,
    "C2H4": 131710015510.76956,
    "C2H6": 1391336957148.4846,
    "CH2": 522683880725.6335,
    "C2H2": 1243872825471.9905,
    "C2H5": 299331026184.668,
    "CH3": 14131003220335.31,
    "C": 13471492334.446259,
    "H3Plus": 1945.9337183548218,
    "C2H3": 1909983552.1262732,
    "C3H2": 326058209.1583031,
    "CHPlus": 36.30098138887187,
    "C3H": 128236439.72554348,
    "C4H2": 15357.10364869429,
    "C2H": 303541985.3339243,
    "C3H3": 286107.0825188201,
    "C3H4": 22874734.18114914,
    "C3": 314244295.9890623,
    "C3H5": 78484654.46789402,
    "C4H": 44737.15330541604,
    "C3H6": 293161529.4873685,
    "CH2Plus": 17023.113716173342,
    "C2H5Plus": 58962098.76420793,
    "C2H4Plus": 2664.2189881606414,
    "C2H3Plus": 1776.1459921070948,
    "HMinus": 171627123.28464115,
    "C2HPlus": 17550.66040884288,
    "H2Plus": 186315.37110892622,
    "C2H2Star": 10903272.005749539
  }
}