{
  "pressure_mTorr": 500.0,
  "n_total": 1.2070595635737908e+16,
  "Te": 1.3987346143580108,
  "Ne": 2397614483.9604836,
  "E_field": 205.72753632393523,
  "n_i_total": 667957089.819135,
  "Ni_over_Ne": 0.27859236515612573,
  "charge_imbalance_pct": 72.14076348438742,
  "rate_values": {
    "loss_C2_11_3": 685.1714384923555,
    "e_CH4_CH3_HMinus_cm3_8_1": 8.935591307483402e-13,
    "loss_C2H2Star_11_25": 617.0290857436648,
    "e_CH4Plus_CH2_H2_cm3_6_9": 2.9473343586976596e-06,
    "e_CH_CHPlus_2e_cm3_2_10": 9.33138663618171e-12,
    "loss_C3H4_11_18": 922.6321255095917,
    "e_CH4Plus_CH_H2_H_cm3_6_11": 6.734288837269307e-07,
    "loss_C3H6_11_16": 204.8873409133808,
    "loss_C3_11_14": 483.3178418358485,
    "loss_C4H_11_15": 582.1380315484672,
    "loss_C2H_11_12": 551.8841871791343,
    "loss_CH_11_9": 1515.2729505780467,
    "ArStar_CH4_CH3_H_cm3_3_1": 2.936017711654708e-10,
    "e_CH4Plus_C_2H2_cm3_6_13": 2.458409040706158e-08,
    "loss_C3H3_11_13": 230.6359924220004,
    "loss_C4H2_11_11": 222.7708119165253,
    "stick_ArStar_9_5": 288.3796980206962,
    "loss_C3H_11_10": 953.9700661011406,
    "e_CH4Plus_CH3_H_cm3_6_4": 2.403055854647665e-07,
    "e_CH4_CH_H2_H_vib_cm3_1_3": 5.7371951028000555e-11,
    "stick_CH_9_3": 4972.7776469751025,
    "stick_C2_9_9": 3688.3495385243054,
    "stick_C_9_10": 4902.828394033129,
    "stick_H_9_1": 338.9515446805925,
    "loss_CH2_11_1": 3422.3178271874935,
    "stick_CH3_9_2": 2710.4109884749164,
    "e_Ar_ArStar_cm3_1_7": 5.1662526657363163e-11,
    "C2H2_H_C2_H2_H_cm3_7_50": 8.709256830410254e-12,
    "e_CH4_CH2_H2_cm3_1_2": 5.2252436387460935e-11,
    "C_CH3_C2_H2_H_cm3_7_8": 9.546911994256379e-11,
    "CH2_CH3_C2H2_H_H2_cm3_7_62": 1.0023388075154101e-11,
    "C2H2_C_C2_CH2_cm3_7_19": 1.0275485009101652e-10,
    "C_H_CH_cm3_7_12": 1.180580899152582e-10,
    "CH_CH3_C2H4_cm3_7_5": 8.561894619180865e-11,
    "e_CH4_CH3_H_cm3_1_1": 8.841765202033614e-11,
    "CH2_CH2_C2H2_H2_cm3_7_15": 1.1544367891548144e-10,
    "CH2_C2H3_C2H2_CH3_cm3_7_53": 1.0924134586638854e-10,
    "CH_CH_C2_H2_cm3_5_4": 1.2778924702121583e-10,
    "CH3_CH3_C2H2_H2_H2_cm3_7_49": 1.093404583874457e-11,
    "CH3_C2H5_C2H2_CH3_H2_cm3_7_61": 8.642761593836076e-12,
    "CH_C_C2_H_cm3_7_9": 1.1374160624177768e-10,
    "CH_CH4_CH2_CH3_cm3_7_39": 8.342242552380392e-12,
    "CH2_H_CH_H2_cm3_7_1": 2.0444340552887864e-11,
    "C2_H_CH_C_cm3_7_6": 9.407604422747313e-11,
    "CH_H_C_H2_cm3_7_3": 8.465272671616709e-11,
    "C2HPlus_e_C2_H_cm3_6_18": 2.7782080397290997e-07,
    "C_CH_C2_H_cm3_7_4": 9.71222234272977e-11,
    "e_C2H2_C2_H2_cm3_1_16": 7.033293687661301e-11,
    "C2H_H_C2_H2_cm3_7_47": 8.30536164130445e-11,
    "CH_CH4_C2H4_H_cm3_7_20": 7.585873615574858e-11
  },
  "target_densities": {
    "H": 10413423660611.41,
    "CH": 3703312222.1996794,
    "C2": 30094403649.19383
  },
  "all_densities": {
    "e": 2397614483.9604836,
    "Ar": 1.0260006290377222e+16,
    "CH4": 1810589345360686.2,
    "ArPlus": 164700822.7954909,
    "CH4Plus": 142701441.89915425,
    "CH3Plus": 81829798.52482642,
    "CH5Plus": 128022670.75046398,
    "ArHPlus": 75750248.07410473,
    "CH3Minus": 20975.58582369855,
    "H": 10413423660611.41,
    "C2": 30094403649.19383,
    "CH": 3703312222.1996794,
    "H2": 31430310280507.715,
    "ArStar": 532022287.37878793,
    "C2H4": 290535607590.2258,
    "C2H6": 2583914304386.3896,
    "CH2": 523825457732.76807,
    "C2H2": 1709961929888.6892,
    "C2H5": 242565091578.95383,
    "CH3": 15259160461877.07,
    "C": 11810688753.22229,
    "H3Plus": 115536.89298837492,
    "C2H3": 2936063770.31319,
    "C3H2": 633017865.1655997,
    "CHPlus": 36.15690650849655,
    "C3H": 287275183.185966,
    "C4H2": 72235.93028998314,
    "C2H": 781758376.128468,
    "C3H3": 734357.4586466975,
    "C3H4": 54474867.57348777,
    "C3": 378200737.44913876,
    "C3H5": 89829426.83233245,
    "C4H": 127952.30253242518,
    "C3H6": 1181549669.0147407,
    "CH2Plus": 18942.969872988047,
    "C2H5Plus": 65515854.82746409,
    "C2H4Plus": 11079.515787300292,
    "C2H3Plus": 7386.3438582001945,
    "HMinus": 807384227.2201921,
    "C2HPlus": 42939.00139925323,
    "H2Plus": 9240332.066818096,
    "C2H2Star": 88463044.4453275
  }
}