{
  "pressure_mTorr": 500.0,
  "n_total": 1.2070595635737908e+16,
  "Te": 1.2115808734289444,
  "Ne": 1804531639.5403652,
  "E_field": 232.87690994764984,
  "n_i_total": 549605474.7542473,
  "Ni_over_Ne": 0.30456959729131605,
  "charge_imbalance_pct": 69.5430402708684,
  "rate_values": {
    "loss_C2_11_3": 1687.5409570187292,
    "e_CH4_CH3_HMinus_cm3_8_1": 8.864447848722506e-14,
    "loss_C2H2Star_11_25": 8502.870335659189,
    "e_CH4Plus_CH2_H2_cm3_6_9": 1.570809338388253e-06,
    "loss_C3H4_11_18": 1019.882673012953,
    "e_CH4Plus_CH_H2_H_cm3_6_11": 8.337313029428404e-07,
    "loss_C3H6_11_16": 375.68098676472994,
    "loss_C4H2_11_11": 301.2823423335525,
    "stick_H_9_1": 965.9519871043594,
    "loss_C4H_11_15": 161.38798485875037,
    "loss_C2H_11_12": 368.2392679201168,
    "loss_CH_11_9": 9917.883302476725,
    "loss_C3H3_11_13": 710.6257217903318,
    "loss_C3H_11_10": 267.67658651239094,
    "ArStar_CH4_CH3_H_cm3_3_1": 3.7268717605163236e-10,
    "e_CH4Plus_C_2H2_cm3_6_13": 7.278871916655477e-08,
    "stick_ArStar_9_5": 568.5283723425819,
    "loss_C3_11_14": 607.8928271216014,
    "e_CH4Plus_CH3_H_cm3_6_4": 4.784830811620675e-07,
    "e_CH4_CH_H2_H_vib_cm3_1_3": 4.022624863383148e-11,
    "stick_CH_9_3": 2779.748303541862,
    "stick_C_9_10": 5684.730794305028,
    "stick_C2_9_9": 4306.743048337443,
    "loss_CH2_11_1": 1628.6193849448046,
    "stick_CH3_9_2": 2446.078343009546,
    "e_Ar_ArStar_cm3_1_7": 1.0612393031351107e-10,
    "loss_C_11_8": 1739.8405753448494,
    "stick_C2H4_9_12": 1200.3704152223336,
    "stick_C4H2_9_20": 1940.7286106588133,
    "stick_C3H3_9_21": 1089.6663533667463,
    "stick_C3H4_9_22": 1885.4735358704838,
    "stick_C3H6_9_25": 653.2053307357137,
    "stick_C2H5_9_17": 1325.8447248765876,
    "stick_C4H_9_24": 626.8496841685444,
    "stick_C2H6_9_14": 437.36394480782974,
    "stick_C3_9_23": 721.863843466965,
    "stick_H2_9_16": 722.0381287239014,
    "stick_C2H2_9_11": 1935.1446960930118,
    "stick_C3H_9_19": 1449.1044778564226,
    "e_CH4_CH3Plus_H_cm3_2_1": 2.2652931061397493e-11
  },
  "target_densities": {
    "H": 26720565236074.023,
    "CH": 20752708576.43759,
    "C2": 254102472425.22586
  },
  "all_densities": {
    "e": 1804531639.5403652,
    "Ar": 1.0260006290377222e+16,
    "CH4": 1810589345360686.2,
    "ArPlus": 154680633.9888462,
    "CH4Plus": 115604882.61119764,
    "CH3Plus": 63536245.37794321,
    "CH5Plus": 96605410.55301696,
    "ArHPlus": 69619735.52286284,
    "CH3Minus": 32477.370073009093,
    "H": 26720565236074.023,
    "C2": 254102472425.22586,
    "CH": 20752708576.43759,
    "H2": 126058063667147.34,
    "ArStar": 762241195.0163502,
    "C2H4": 584221560124.3112,
    "C2H6": 19359637808465.695,
    "CH2": 3086968960370.1885,
    "C2H2": 7390683285795.294,
    "C2H5": 4590906673532.25,
    "CH3": 42672395340294.734,
    "C": 108455504871.50961,
    "H3Plus": 183047.43991643668,
    "C2H3": 124607441381.76576,
    "C3H2": 15305905740.95176,
    "CHPlus": -259.25209643737094,
    "C3H": 8923183006.487322,
    "C4H2": 8259558.958028079,
    "C2H": 5240023793.445007,
    "C3H3": 143640132.2394139,
    "C3H4": 459034858.40003455,
    "C3": 12327317407.318552,
    "C3H5": 9527374829.74373,
    "C4H": 40297363.83093307,
    "C3H6": 69282862696.28426,
    "CH2Plus": 76571.96472316835,
    "C2H5Plus": 45237775.7152906,
    "C2H4Plus": 14814.298381349885,
    "C2H3Plus": 9876.198920899922,
    "HMinus": 218065940.25871786,
    "C2HPlus": 123438.42129507654,
    "H2Plus": 3913042.6618529605,
    "C2H2Star": 39752340.35588924
  }
}