{
  "pressure_mTorr": 500.0,
  "n_total": 1.2070595635737908e+16,
  "Te": 2.11402875270588,
  "Ne": 2597393357.6509795,
  "E_field": 356.47739067439045,
  "n_i_total": 1021857972.8494878,
  "Ni_over_Ne": 0.39341671905006786,
  "charge_imbalance_pct": 60.658328094993216,
  "rate_values": {
    "loss_C2_11_3": 168.87771504917816,
    "e_CH4_CH3_HMinus_cm3_8_1": 9.060070549609984e-14,
    "loss_C2H2Star_11_25": 6744.923519386415,
    "e_CH4Plus_CH2_H2_cm3_6_9": 9.361559203663297e-07,
    "e_CH_CHPlus_2e_cm3_2_10": 2.9525528267381145e-12,
    "loss_C3H4_11_18": 884.3133614084268,
    "e_CH4Plus_CH_H2_H_cm3_6_11": 3.191346234398426e-07,
    "loss_CH_11_9": 3410.51167276045,
    "loss_C3_11_14": 816.0728148532357,
    "loss_C3H6_11_16": 771.039592735979,
    "loss_C2H_11_12": 957.5997482323335,
    "stick_ArStar_9_5": 292.50022885589783,
    "e_CH4Plus_C_2H2_cm3_6_13": 3.655435905998567e-08,
    "loss_C4H_11_15": 666.076035887128,
    "loss_C4H2_11_11": 721.4052916345154,
    "ArStar_CH4_CH3_H_cm3_3_1": 2.6141254649757994e-10,
    "loss_C3H3_11_13": 553.2624122645864,
    "loss_C3H_11_10": 417.7246505505467,
    "e_CH4Plus_CH3_H_cm3_6_4": 7.371946014080767e-07,
    "e_CH4_CH_H2_H_vib_cm3_1_3": 2.1171680824182816e-11,
    "stick_CH_9_3": 5081.140066395312,
    "stick_H_9_1": 461.33063037114624,
    "stick_C2_9_9": 4820.222470616525,
    "stick_C_9_10": 3751.8575155711183,
    "loss_CH2_11_1": 2268.3724181706903,
    "stick_CH3_9_2": 2583.5615096736537,
    "e_Ar_ArStar_cm3_1_7": 1.652394620368565e-10,
    "e_C2H4_C2H2_H_H_cm3_1_17": 5.950214612865548e-11,
    "CH2_H_CH_H2_cm3_7_1": 1.036472724692855e-11,
    "CH_CH4_C2H4_H_cm3_7_20": 4.834010247262385e-11,
    "C2H_H_C2_H2_cm3_7_47": 9.715789927736362e-11,
    "e_CH4_CH3_H_cm3_1_1": 1.0048458595878435e-10,
    "e_C2H4_C2H2_H2_cm3_1_15": 4.2207082296711344e-11,
    "CH2_CH2_C2H2_H2_cm3_7_15": 1.0537952301601608e-10,
    "CH_H_C_H2_cm3_7_3": 8.316967070826144e-11,
    "C_H_CH_cm3_7_12": 1.0621592142684439e-10,
    "C_CH_C2_H_cm3_7_4": 9.608615879342269e-11,
    "C2H2_H_C2_H2_H_cm3_7_50": 1.1607421790212972e-11,
    "CH3_CH3_C2H2_H2_H2_cm3_7_49": 1.134861550025004e-11,
    "CH3_C2H5_C2H2_CH3_H2_cm3_7_61": 1.1207442738787985e-11,
    "C2H2_C_C2_CH2_cm3_7_19": 1.186968266525228e-10,
    "C_CH3_C2_H2_H_cm3_7_8": 1.1900810893665598e-10,
    "e_C2H4_C2H2_H2_cm3_1_6": 3.055739499651397e-11,
    "CH_CH_C2_H2_cm3_5_4": 1.7746297178979312e-10,
    "CH_C_C2_H_cm3_7_9": 1.100414548375659e-10,
    "CH_CH4_CH2_CH3_cm3_7_39": 1.1166471286775534e-11,
    "C2_H_CH_C_cm3_7_6": 1.0033825721296042e-10,
    "e_C2H2_C2_H2_cm3_1_16": 4.8338125952739186e-11,
    "C2HPlus_e_C2_H_cm3_6_18": 2.1505657663660343e-07,
    "CH_CH3_C2H4_cm3_7_5": 9.957327421363033e-11,
    "CH2_C2H3_C2H2_CH3_cm3_7_53": 9.420443173450926e-11,
    "CH2_CH3_C2H2_H_H2_cm3_7_62": 8.413066400580192e-12,
    "e_CH4_CH2_H2_cm3_1_2": 2.3382652118922978e-11
  },
  "target_densities": {
    "H": 10351373665562.3,
    "CH": 3702461839.5925984,
    "C2": 38517062997.15202
  },
  "all_densities": {
    "e": 2597393357.6509795,
    "Ar": 1.0260006290377222e+16,
    "CH4": 1810589345360686.2,
    "ArPlus": 260993761.09301162,
    "CH4Plus": 132325187.86058587,
    "CH3Plus": 99913110.5636226,
    "CH5Plus": 92020350.16715848,
    "ArHPlus": 91992795.79633221,
    "CH3Minus": 20466.001062532177,
    "H": 10351373665562.3,
    "C2": 38517062997.15202,
    "CH": 3702461839.5925984,
    "H2": 30925340058176.047,
    "ArStar": 1889475340.5496893,
    "C2H4": 205395286618.26346,
    "C2H6": 2695627588885.502,
    "CH2": 639346793769.5841,
    "C2H2": 1841180154794.5955,
    "C2H5": 299758988440.05054,
    "CH3": 15603665977500.574,
    "C": 16371093801.563143,
    "H3Plus": 2728557.2192678205,
    "C2H3": 3165189011.891719,
    "C3H2": 681437626.6133584,
    "CHPlus": 7.158626122398429,
    "C3H": 408663756.2579367,
    "C4H2": 76750.42616503702,
    "C2H": 2746480516.764611,
    "C3H3": 649877.2143156837,
    "C3H4": 39193637.023287036,
    "C3": 343749509.8780903,
    "C3H5": 110984621.57741658,
    "C4H": 131675.1924946643,
    "C3H6": 857930464.1155754,
    "CH2Plus": 16291.81208132917,
    "C2H5Plus": 46169069.66967451,
    "C2H4Plus": 4897.473320100568,
    "C2H3Plus": 3264.982213400379,
    "HMinus": 237579390.96611387,
    "C2HPlus": 28936.547920473397,
    "H2Plus": 295661742.5056732,
    "C2H2Star": 30946513.981913794
  }
}