{
  "pressure_mTorr": 500.0,
  "n_total": 1.2070595635737908e+16,
  "Te": 1.051108133639706,
  "Ne": 2393904497.0939097,
  "E_field": 27.654505743246176,
  "n_i_total": 5912717525.446954,
  "Ni_over_Ne": 2.4699053502864134,
  "charge_imbalance_pct": 146.99053502864135,
  "rate_values": {
    "loss_C2_11_3": 1447.2502683445696,
    "e_CH4_CH3_HMinus_cm3_8_1": 7.502404542591788e-14,
    "loss_C2H2Star_11_25": 4879.554631148483,
    "e_CH4Plus_CH2_H2_cm3_6_9": 1.6360303106623977e-06,
    "e_CH_CHPlus_2e_cm3_2_10": 1.2852766220626169e-11,
    "loss_C3H4_11_18": 1427.3339905930002,
    "e_CH4Plus_CH_H2_H_cm3_6_11": 9.831644619308025e-07,
    "loss_CH_11_9": 7146.830038719581,
    "loss_C3H_11_10": 998.543669762535,
    "stick_ArStar_9_5": 197.6959826558825,
    "ArStar_CH4_CH3_H_cm3_3_1": 2.7816372040892064e-10,
    "loss_C4H2_11_11": 492.9398693111314,
    "loss_C3H6_11_16": 481.82410183877386,
    "loss_C4H_11_15": 340.71004385949016,
    "loss_C2H_11_12": 861.2168096090209,
    "loss_C3_11_14": 289.62857674172056,
    "e_CH4Plus_C_2H2_cm3_6_13": 7.439194471070955e-08,
    "loss_C3H3_11_13": 946.0513624873042,
    "e_CH4Plus_CH3_H_cm3_6_4": 1.8593951196978804e-07,
    "e_CH4_CH_H2_H_vib_cm3_1_3": 3.105626471228119e-11,
    "stick_CH_9_3": 5348.678278380603,
    "stick_H_9_1": 318.61620950709676,
    "stick_C2_9_9": 5217.484351033314,
    "stick_C_9_10": 5936.199795540599,
    "loss_CH2_11_1": 1875.5843508435469,
    "stick_CH3_9_2": 4769.943823063193,
    "e_Ar_ArStar_cm3_1_7": 1.6934337927807757e-10,
    "stick_C3_9_23": 1482.7382878109865,
    "stick_C2H4_9_12": 507.65524347822793,
    "stick_H2_9_16": 650.5283001072861,
    "stick_C3H3_9_21": 1003.8783227394879,
    "stick_C3H4_9_22": 802.3443731331096,
    "stick_C3H_9_19": 1041.7252252183964,
    "stick_C3H6_9_25": 1665.0035218464113,
    "stick_C4H_9_24": 1810.664614143836,
    "stick_C2H5_9_17": 1041.0153472249074,
    "stick_C2H6_9_14": 508.21493181924467,
    "loss_C_11_8": 1149.986499193344,
    "stick_C4H2_9_20": 632.319996413485,
    "stick_C2H2_9_11": 861.4737178790047
  },
  "target_densities": {
    "H": 41866121664074.625,
    "CH": 31642776662.319485,
    "C2": 299679343703.8293
  },
  "all_densities": {
    "e": 2393904497.0939097,
    "Ar": 1.0260006290377222e+16,
    "CH4": 1810589345360686.2,
    "ArPlus": 311249708.9872447,
    "CH4Plus": 1481904684.585261,
    "CH3Plus": 188123208.42689547,
    "CH5Plus": 2567175879.136372,
    "ArHPlus": 236683139.94702157,
    "CH3Minus": 242515.67978451436,
    "H": 41866121664074.625,
    "C2": 299679343703.8293,
    "CH": 31642776662.319485,
    "H2": 129546979180407.12,
    "ArStar": 1729508630.9098835,
    "C2H4": 868528939176.6403,
    "C2H6": 12310753249884.396,
    "CH2": 2421658134952.389,
    "C2H2": 7151615678116.761,
    "C2H5": 3539886423212.2207,
    "CH3": 35311285055810.83,
    "C": 164906533488.12582,
    "H3Plus": 297914.1666606499,
    "C2H3": 50749962004.86575,
    "C3H2": 22558316989.102715,
    "CHPlus": 3109.7159170982154,
    "C3H": 11074351767.727982,
    "C4H2": 31141538.97602334,
    "C2H": 4534361070.991209,
    "C3H3": 82355262.6285799,
    "C3H4": 1355842818.5722833,
    "C3": 13838125484.564932,
    "C3H5": 11201183549.968122,
    "C4H": 33179148.211519025,
    "C3H6": 34023877989.134487,
    "CH2Plus": 1497723.7640461687,
    "C2H5Plus": 1121190196.589607,
    "C2H4Plus": 139801.46683270368,
    "C2H3Plus": 93200.97788846909,
    "HMinus": 564347544.611181,
    "C2HPlus": 781011.9276175195,
    "H2Plus": 3577945.7555906763,
    "C2H2Star": 152089056.99668968
  }
}