{
  "pressure_mTorr": 500.0,
  "n_total": 1.2070595635737908e+16,
  "Te": 2.538815690401673,
  "Ne": 2038036590.3891795,
  "E_field": 499.46172001449634,
  "n_i_total": 1840585919.2050543,
  "Ni_over_Ne": 0.9031172099091604,
  "charge_imbalance_pct": 9.688279009083953,
  "rate_values": {
    "loss_C2_11_3": 1297.1302554034069,
    "e_CH4_CH3_HMinus_cm3_8_1": 9.363910153712515e-13,
    "loss_C2H2Star_11_25": 2646.2228295179343,
    "e_CH4Plus_CH2_H2_cm3_6_9": 5.070879653074313e-07,
    "loss_C3H4_11_18": 1498.5224107073054,
    "e_CH4Plus_CH_H2_H_cm3_6_11": 8.846516586246205e-07,
    "ArStar_CH4_CH3_H_cm3_3_1": 4.2173572865165645e-10,
    "stick_ArStar_9_5": 120.13364409826335,
    "loss_C3H6_11_16": 330.4841395717176,
    "loss_C3H_11_10": 784.8255905497255,
    "loss_CH_11_9": 6961.483713249993,
    "loss_C4H_11_15": 533.9043118636248,
    "e_CH4Plus_C_2H2_cm3_6_13": 2.942619771168846e-08,
    "loss_C2H_11_12": 211.2448420759959,
    "loss_C3H3_11_13": 156.2256694128136,
    "loss_C3_11_14": 412.62279719390847,
    "loss_C4H2_11_11": 718.2069628216402,
    "stick_H_9_1": 3631.745067630087,
    "e_CH4Plus_CH3_H_cm3_6_4": 4.833574328446561e-07,
    "e_CH4_CH_H2_H_vib_cm3_1_3": 2.308757300791753e-11,
    "stick_C2_9_9": 5179.085165262673,
    "stick_CH_9_3": 4987.7031173271425,
    "stick_C_9_10": 5162.022057743145,
    "loss_CH2_11_1": 5621.253463020581,
    "stick_CH3_9_2": 3179.5666984635677,
    "e_Ar_ArStar_cm3_1_7": 8.522849575380182e-11,
    "stick_C3H4_9_22": 523.5487732598182,
    "stick_H2_9_16": 993.843947666112,
    "stick_C2H2_9_11": 1907.0874788127603,
    "stick_C3H_9_19": 1673.8527839248886,
    "stick_C3H6_9_25": 1021.5830599046103,
    "stick_C2H4_9_12": 1408.6518296854008,
    "stick_C4H2_9_20": 664.4003240853431,
    "stick_C3H3_9_21": 1928.4695174786734,
    "stick_C3_9_23": 1428.1305281678515,
    "stick_C2H5_9_17": 765.0087764936479,
    "stick_C2H6_9_14": 519.3021374686209,
    "stick_C4H_9_24": 1690.3609425796278,
    "loss_C_11_8": 1327.5228494832547,
    "e_CH4_CH3Plus_H_cm3_2_1": 1.8590123502644914e-11
  },
  "target_densities": {
    "H": 29293169767913.87,
    "CH": 13945499547.199171,
    "C2": 125975421645.25928
  },
  "all_densities": {
    "e": 2038036590.3891795,
    "Ar": 1.0260006290377222e+16,
    "CH4": 1810589345360686.2,
    "ArPlus": 120316676.2175729,
    "CH4Plus": 49296280.0682178,
    "CH3Plus": 35121232.65566227,
    "CH5Plus": 38170364.300482795,
    "ArHPlus": 35137335.75837866,
    "CH3Minus": 23464.309329312946,
    "H": 29293169767913.87,
    "C2": 125975421645.25928,
    "CH": 13945499547.199171,
    "H2": 77400612142437.53,
    "ArStar": 673617493.625139,
    "C2H4": 242125787412.2383,
    "C2H6": 9958974721231.564,
    "CH2": 1402161517857.9734,
    "C2H2": 3761690804568.4946,
    "C2H5": 2255197729446.3955,
    "CH3": 31952933294103.332,
    "C": 67943590196.12675,
    "H3Plus": 28325976.152241014,
    "C2H3": 21985351560.00728,
    "C3H2": 5238560307.1422,
    "CHPlus": 25766.005811394192,
    "C3H": 2132402535.342814,
    "C4H2": 2150821.7751112,
    "C2H": 6633589602.776639,
    "C3H3": 14707028.257798491,
    "C3H4": 183684016.37116957,
    "C3": 3040724523.5771875,
    "C3H5": 3144985891.483931,
    "C4H": 3284425.733185005,
    "C3H6": 18005573881.91374,
    "CH2Plus": 8964.126903259486,
    "C2H5Plus": 11662962.052990288,
    "C2H4Plus": 3233.382326965857,
    "C2H3Plus": 2155.588217977239,
    "HMinus": 843100419.2566942,
    "C2HPlus": 33122.661784703225,
    "H2Plus": 1522481850.2344642,
    "C2H2Star": 57454135.07813565
  }
}