{
  "pressure_mTorr": 500.0,
  "n_total": 1.2070595635737908e+16,
  "Te": 1.4801655584470927,
  "Ne": 2746776781.5534062,
  "E_field": 194.46974875644491,
  "n_i_total": 872112274.9533932,
  "Ni_over_Ne": 0.31750387611045,
  "charge_imbalance_pct": 68.249612388955,
  "rate_values": {
    "loss_C2_11_3": 131.52674077842698,
    "e_CH4_CH3_HMinus_cm3_8_1": 5.365679127504031e-13,
    "loss_C2H2Star_11_25": 538.8595189299785,
    "e_CH4Plus_CH2_H2_cm3_6_9": 1.3031407862550774e-06,
    "loss_C3H4_11_18": 1063.3951185137312,
    "e_CH4Plus_CH_H2_H_cm3_6_11": 9.129451031212199e-07,
    "loss_CH_11_9": 6645.869866669556,
    "loss_C3_11_14": 160.66695142568307,
    "loss_C2H_11_12": 599.7182268345418,
    "e_CH4Plus_C_2H2_cm3_6_13": 2.113611526052044e-08,
    "loss_C3H3_11_13": 344.0679073556761,
    "loss_C3H_11_10": 148.19502359363372,
    "ArStar_CH4_CH3_H_cm3_3_1": 3.889679142234427e-10,
    "stick_ArStar_9_5": 538.3806618461448,
    "loss_C4H2_11_11": 482.3061689304003,
    "stick_H_9_1": 1832.4577607651422,
    "loss_C3H6_11_16": 812.745846895084,
    "loss_C4H_11_15": 435.9109349230742,
    "e_CH4Plus_CH3_H_cm3_6_4": 1.5398113831965118e-07,
    "e_CH4_CH_H2_H_vib_cm3_1_3": 8.673035375859063e-11,
    "stick_CH_9_3": 1564.2527860819941,
    "stick_C2_9_9": 2711.4718641630297,
    "stick_C_9_10": 5409.328434093563,
    "loss_CH2_11_1": 1250.7106245065488,
    "stick_CH3_9_2": 1637.1281329495603,
    "e_Ar_ArStar_cm3_1_7": 6.691712467242101e-11,
    "stick_C3_9_23": 1797.7585147064447,
    "stick_C4H_9_24": 1859.4536797083874,
    "stick_C2H4_9_12": 594.9529201384355,
    "stick_C3H4_9_22": 986.7916186643924,
    "stick_C3H6_9_25": 1872.4488686240888,
    "stick_C2H2_9_11": 1098.6427709917693,
    "stick_C2H6_9_14": 691.7289281461303,
    "loss_C_11_8": 972.7369398579596,
    "stick_H2_9_16": 746.1961729811981,
    "stick_C2H5_9_17": 1397.83144049551,
    "stick_C3H_9_19": 1401.640301348025,
    "stick_C3H3_9_21": 759.0287044134103,
    "stick_C4H2_9_20": 1542.4287866295722,
    "e_CH4_CH3Plus_H_cm3_2_1": 1.712349575633756e-11
  },
  "target_densities": {
    "H": 34963864291875.887,
    "CH": 47391124459.27224,
    "C2": 617509999195.1775
  },
  "all_densities": {
    "e": 2746776781.5534062,
    "Ar": 1.0260006290377222e+16,
    "CH4": 1810589345360686.2,
    "ArPlus": 202379409.3265694,
    "CH4Plus": 182014062.4388393,
    "CH3Plus": 83753356.39150608,
    "CH5Plus": 161178272.26101965,
    "ArHPlus": 97512921.72177356,
    "CH3Minus": 75522.58823468343,
    "H": 34963864291875.887,
    "C2": 617509999195.1775,
    "CH": 47391124459.27224,
    "H2": 111950457801830.67,
    "ArStar": 724088382.234544,
    "C2H4": 1310650838970.9417,
    "C2H6": 15008769297195.848,
    "CH2": 3126868582879.1665,
    "C2H2": 9834048742071.05,
    "C2H5": 4473511356901.033,
    "CH3": 42424352485805.03,
    "C": 229803530330.66034,
    "H3Plus": 3171966.22973472,
    "C2H3": 87612303284.98135,
    "C3H2": 46384839815.73081,
    "CHPlus": 11531.957668881023,
    "C3H": 29979048713.628387,
    "C4H2": 70169225.10557535,
    "C2H": 12452830624.411922,
    "C3H3": 376399086.43026584,
    "C3H4": 3332600757.6068654,
    "C3": 26785579711.822193,
    "C3H5": 21200473348.486473,
    "C4H": 95768214.89354745,
    "C3H6": 50226400679.32853,
    "CH2Plus": 122434.04749219722,
    "C2H5Plus": 71386582.6899966,
    "C2H4Plus": 60571.65071491791,
    "C2H3Plus": 40381.10047661194,
    "HMinus": 722469598.1487051,
    "C2HPlus": 299230.52536162623,
    "H2Plus": 70181554.61223957,
    "C2H2Star": 792865694.4134458
  }
}