{
  "pressure_mTorr": 500.0,
  "n_total": 1.2070595635737908e+16,
  "Te": 1.0311441022209669,
  "Ne": 2756534338.0264215,
  "E_field": 58.22736808165919,
  "n_i_total": 1709166206.963516,
  "Ni_over_Ne": 0.6200416890823921,
  "charge_imbalance_pct": 37.99583109176079,
  "rate_values": {
    "loss_C2_11_3": 1992.9702825400677,
    "e_CH4_CH3_HMinus_cm3_8_1": 8.562811602798524e-13,
    "loss_C2H2Star_11_25": 3857.9433323834705,
    "e_CH4Plus_CH2_H2_cm3_6_9": 1.37937150366376e-06,
    "e_CH_CHPlus_2e_cm3_2_10": 4.195926435963764e-12,
    "loss_C3H4_11_18": 1099.1086178493983,
    "e_CH4Plus_CH_H2_H_cm3_6_11": 1.8529771301067168e-07,
    "loss_C3H6_11_16": 869.1850164966702,
    "loss_C3_11_14": 165.46132296790154,
    "loss_C4H_11_15": 484.56674811945834,
    "loss_C2H_11_12": 227.4549810657058,
    "loss_CH_11_9": 5284.7927246406625,
    "ArStar_CH4_CH3_H_cm3_3_1": 3.0651548180691465e-10,
    "e_CH4Plus_C_2H2_cm3_6_13": 7.98715737631433e-08,
    "loss_C3H3_11_13": 425.5684222379961,
    "loss_C4H2_11_11": 952.4547683406586,
    "stick_ArStar_9_5": 614.6272521168535,
    "loss_C3H_11_10": 944.9796339530951,
    "e_CH4Plus_CH3_H_cm3_6_4": 3.176101293420532e-07,
    "e_CH4_CH_H2_H_vib_cm3_1_3": 9.310018854504627e-11,
    "stick_CH_9_3": 1637.34585916969,
    "stick_C2_9_9": 3890.2047348107444,
    "stick_C_9_10": 2534.6862705159792,
    "stick_H_9_1": 269.7441550871389,
    "loss_CH2_11_1": 3118.4271138041595,
    "stick_CH3_9_2": 5102.167244688776,
    "e_Ar_ArStar_cm3_1_7": 6.869986035180595e-11,
    "C2H2_H_C2_H2_H_cm3_7_50": 1.0050689758840772e-11,
    "e_CH4_CH2_H2_cm3_1_2": 2.5293173448683282e-11,
    "C_CH3_C2_H2_H_cm3_7_8": 8.217621896790165e-11,
    "CH2_CH3_C2H2_H_H2_cm3_7_62": 9.874740021446864e-12,
    "C2H2_C_C2_CH2_cm3_7_19": 1.1884130447339808e-10,
    "C_H_CH_cm3_7_12": 1.1597385012670218e-10,
    "CH_CH3_C2H4_cm3_7_5": 1.0709110602054791e-10,
    "e_CH4_CH3_H_cm3_1_1": 1.044607345537343e-10,
    "CH2_CH2_C2H2_H2_cm3_7_15": 1.0539829345989958e-10,
    "CH2_C2H3_C2H2_CH3_cm3_7_53": 9.975024307166402e-11,
    "CH_CH_C2_H2_cm3_5_4": 1.6500976540273743e-10,
    "CH3_CH3_C2H2_H2_H2_cm3_7_49": 1.1049406475573329e-11,
    "CH3_C2H5_C2H2_CH3_H2_cm3_7_61": 8.971115756425229e-12,
    "CH_C_C2_H_cm3_7_9": 1.0401062792453939e-10,
    "CH_CH4_CH2_CH3_cm3_7_39": 9.857264837674291e-12,
    "CH2_H_CH_H2_cm3_7_1": 2.1966016570859998e-11,
    "C2_H_CH_C_cm3_7_6": 9.909070251009092e-11,
    "CH_H_C_H2_cm3_7_3": 9.579859022552378e-11,
    "C2HPlus_e_C2_H_cm3_6_18": 1.9782733079612343e-07,
    "C_CH_C2_H_cm3_7_4": 9.775078420800143e-11,
    "e_C2H2_C2_H2_cm3_1_16": 4.759173224241725e-11,
    "C2H_H_C2_H2_cm3_7_47": 8.018777675812015e-11,
    "CH_CH4_C2H4_H_cm3_7_20": 4.765235458391851e-11
  },
  "target_densities": {
    "H": 10576640327630.207,
    "CH": 5523565625.814215,
    "C2": 14004619183.26801
  },
  "all_densities": {
    "e": 2756534338.0264215,
    "Ar": 1.0260006290377222e+16,
    "CH4": 1810589345360686.2,
    "ArPlus": 173353938.8507969,
    "CH4Plus": 431857060.2173877,
    "CH3Plus": 99306213.8254606,
    "CH5Plus": 608522093.478116,
    "ArHPlus": 115210008.1855466,
    "CH3Minus": 40585.11470988773,
    "H": 10576640327630.207,
    "C2": 14004619183.26801,
    "CH": 5523565625.814215,
    "H2": 30832078844324.32,
    "ArStar": 806234817.3846827,
    "C2H4": 277613214877.6067,
    "C2H6": 1336293808708.1997,
    "CH2": 350527584002.72437,
    "C2H2": 882169919595.1195,
    "C2H5": 118168976324.12837,
    "CH3": 10972423389890.861,
    "C": 12235829750.881773,
    "H3Plus": 10526.777318742093,
    "C2H3": 3160161320.1249204,
    "C3H2": 487003344.9067309,
    "CHPlus": 97.8484859058956,
    "C3H": 221938166.46954936,
    "C4H2": 55660.168144612035,
    "C2H": 482268426.1115698,
    "C3H3": 1041757.4244181083,
    "C3H4": 71804099.61676937,
    "C3": 355179914.0444288,
    "C3H5": 65271409.56616094,
    "C4H": 155081.6616598778,
    "C3H6": 583188213.4307861,
    "CH2Plus": 54351.79285064643,
    "C2H5Plus": 280197488.71745354,
    "C2H4Plus": 19968.366021360896,
    "C2H3Plus": 13312.244014240594,
    "HMinus": 886607888.8541152,
    "C2HPlus": 42717.91587081886,
    "H2Plus": 578428.7441925367,
    "C2H2Star": 11061377.154873196
  }
}