{
  "pressure_mTorr": 500.0,
  "n_total": 1.2070595635737908e+16,
  "Te": 0.4604215054504812,
  "Ne": 1749629005.7962117,
  "E_field": 433.72290847649083,
  "n_i_total": 265213005.0859348,
  "Ni_over_Ne": 0.1515824235922764,
  "charge_imbalance_pct": 84.84175764077236,
  "rate_values": {
    "loss_C2_11_3": 1493.5201148930646,
    "e_CH4_CH3_HMinus_cm3_8_1": 1.9954123499921676e-13,
    "loss_C2H2Star_11_25": 9997.671503989237,
    "e_CH4Plus_CH2_H2_cm3_6_9": 3.2192561889707715e-07,
    "loss_C3H4_11_18": 1355.1060716524717,
    "e_CH4Plus_CH_H2_H_cm3_6_11": 1.0535550470259932e-06,
    "stick_ArStar_9_5": 396.9904425159731,
    "stick_H_9_1": 3786.381462918863,
    "e_CH4Plus_C_2H2_cm3_6_13": 5.371932645770411e-08,
    "loss_C3_11_14": 957.2922914784003,
    "loss_C4H2_11_11": 741.9446550683667,
    "loss_C2H_11_12": 527.8039160373548,
    "loss_C3H_11_10": 848.277742546971,
    "loss_C3H3_11_13": 240.5456511181509,
    "loss_C3H6_11_16": 458.01531332328506,
    "loss_C4H_11_15": 150.9017221455013,
    "loss_CH_11_9": 9153.232290128099,
    "ArStar_CH4_CH3_H_cm3_3_1": 4.911542237973055e-10,
    "e_CH4Plus_CH3_H_cm3_6_4": 4.457134947419719e-07,
    "e_CH4_CH_H2_H_vib_cm3_1_3": 3.5735325281853464e-11,
    "stick_C_9_10": 4864.578146344563,
    "stick_CH_9_3": 5754.54456790651,
    "stick_C2_9_9": 4086.095790508105,
    "loss_CH2_11_1": 3795.6251154366364,
    "stick_CH3_9_2": 4434.906724986691,
    "e_Ar_ArStar_cm3_1_7": 1.7244557576451532e-10,
    "stick_C4H2_9_20": 1191.5975141489105,
    "stick_C3_9_23": 1736.5881597108614,
    "stick_H2_9_16": 716.7687213949009,
    "stick_C2H2_9_11": 1320.6234421477939,
    "stick_C2H6_9_14": 726.7756229459111,
    "loss_C_11_8": 967.9588770159935,
    "stick_C3H_9_19": 1085.2194722245138,
    "stick_C2H4_9_12": 1394.4050102523463,
    "stick_C3H6_9_25": 1979.5418032768227,
    "stick_C3H4_9_22": 1238.8259611382557,
    "stick_C2H5_9_17": 918.1054410594768,
    "stick_C3H3_9_21": 1920.6778161715124,
    "stick_C4H_9_24": 1575.5795016303405,
    "e_CH4_CH4Plus_cm3_2_2": 2.2488883203420592e-11
  },
  "target_densities": {
    "H": 21716822310652.598,
    "CH": 9985668070.928726,
    "C2": 129352614400.9291
  },
  "all_densities": {
    "e": 1749629005.7962117,
    "Ar": 1.0260006290377222e+16,
    "CH4": 1810589345360686.2,
    "ArPlus": 106493706.0422335,
    "CH4Plus": 48755425.43292476,
    "CH3Plus": 34785142.60228716,
    "CH5Plus": 27031814.510860886,
    "ArHPlus": 34900355.4811993,
    "CH3Minus": 7314.764834256459,
    "H": 21716822310652.598,
    "C2": 129352614400.9291,
    "CH": 9985668070.928726,
    "H2": 96354040332193.52,
    "ArStar": 1115568133.2432857,
    "C2H4": 194667312540.26834,
    "C2H6": 7440222900608.347,
    "CH2": 1563226807670.8933,
    "C2H2": 4307213522385.7725,
    "C2H5": 2170004962251.7612,
    "CH3": 30229882160197.336,
    "C": 59627977256.7491,
    "H3Plus": 2.4317296277467506e-05,
    "C2H3": 39935932985.4987,
    "C3H2": 4296749862.724709,
    "CHPlus": 4.720905121232033e-05,
    "C3H": 2223339278.1070285,
    "C4H2": 1148230.8683871399,
    "C2H": 1593282778.898891,
    "C3H3": 18451908.233078398,
    "C3H4": 82433597.21785192,
    "C3": 1692493409.2031038,
    "C3H5": 2166894926.531431,
    "C4H": 2485165.6260206294,
    "C3H6": 5740262359.995407,
    "CH2Plus": 11398.450867490239,
    "C2H5Plus": 13221238.979684224,
    "C2H4Plus": 856.6293727728828,
    "C2H3Plus": 571.0862485152552,
    "HMinus": 318224628.8813824,
    "C2HPlus": 12495.869225264923,
    "H2Plus": 0.0009593270638827855,
    "C2H2Star": 28836655.49561733
  }
}