{
  "pressure_mTorr": 500.0,
  "n_total": 1.2070595635737908e+16,
  "Te": 1.051108133639706,
  "Ne": 2393904497.0939097,
  "E_field": 27.654505743246176,
  "n_i_total": 5335733031.915191,
  "Ni_over_Ne": 2.2288829977939915,
  "charge_imbalance_pct": 122.88829977939912,
  "rate_values": {
    "loss_C2_11_3": 1447.2502683445696,
    "e_CH4_CH3_HMinus_cm3_8_1": 7.502404542591788e-14,
    "loss_C2H2Star_11_25": 4879.554631148483,
    "e_CH4Plus_CH2_H2_cm3_6_9": 1.6360303106623977e-06,
    "e_CH_CHPlus_2e_cm3_2_10": 1.2852766220626169e-11,
    "loss_C3H4_11_18": 1427.3339905930002,
    "e_CH4Plus_CH_H2_H_cm3_6_11": 9.831644619308025e-07,
    "loss_C3H6_11_16": 714.6830038719581,
    "loss_C3H_11_10": 998.543669762535,
    "loss_C3H3_11_13": 276.8851297701436,
    "loss_C3_11_14": 556.3274408178412,
    "loss_C4H_11_15": 492.9398693111314,
    "loss_C4H2_11_11": 481.82410183877386,
    "loss_C2H_11_12": 340.71004385949016,
    "loss_CH_11_9": 8612.168096090209,
    "stick_ArStar_9_5": 206.79480379358847,
    "e_CH4Plus_C_2H2_cm3_6_13": 7.439194471070955e-08,
    "ArStar_CH4_CH3_H_cm3_3_1": 4.730256812436522e-10,
    "e_CH4Plus_CH3_H_cm3_6_4": 1.8593951196978804e-07,
    "e_CH4_CH_H2_H_vib_cm3_1_3": 3.105626471228119e-11,
    "stick_C_9_10": 5348.678278380603,
    "stick_CH_9_3": 3982.7026188387094,
    "stick_H_9_1": 417.3987480826651,
    "stick_C2_9_9": 5936.199795540599,
    "loss_CH2_11_1": 1875.5843508435469,
    "stick_CH3_9_2": 4769.943823063193,
    "e_Ar_ArStar_cm3_1_7": 1.6934337927807757e-10,
    "stick_C2H5_9_17": 1482.7382878109865,
    "stick_C2H2_9_11": 507.65524347822793,
    "stick_H2_9_16": 650.5283001072861,
    "stick_C2H6_9_14": 803.1026581915903,
    "stick_C4H_9_24": 802.3443731331096,
    "stick_C3H_9_19": 1041.7252252183964,
    "stick_C3H4_9_22": 1665.0035218464113,
    "stick_C3_9_23": 1810.664614143836,
    "loss_C_11_8": 1041.0153472249074,
    "stick_C3H6_9_25": 635.2686647740559,
    "stick_C2H4_9_12": 1149.986499193344,
    "stick_C3H3_9_21": 632.319996413485,
    "stick_C4H2_9_20": 861.4737178790047
  },
  "target_densities": {
    "H": 10424141945132.645,
    "CH": 2268733287.246785,
    "C2": 11468470196.399065
  },
  "all_densities": {
    "e": 2393904497.0939097,
    "Ar": 1.0260006290377222e+16,
    "CH4": 1810589345360686.2,
    "ArPlus": 285600845.7192153,
    "CH4Plus": 1418488289.3602617,
    "CH3Plus": 171353444.33625326,
    "CH5Plus": 2233880062.952874,
    "ArHPlus": 209150506.19182453,
    "CH3Minus": 78694.04536661455,
    "H": 10424141945132.645,
    "C2": 11468470196.399065,
    "CH": 2268733287.246785,
    "H2": 30026056030968.074,
    "ArStar": 1534254316.6309147,
    "C2H4": 110776090996.97816,
    "C2H6": 1002702964027.6627,
    "CH2": 463711666970.0915,
    "C2H2": 890103286168.9523,
    "C2H5": 201667853183.07983,
    "CH3": 11432969840925.129,
    "C": 8313769277.593815,
    "H3Plus": 24794.150508478022,
    "C2H3": 1343002260.639383,
    "C3H2": 201894890.8759798,
    "CHPlus": 222.9613440783527,
    "C3H": 98966485.78164546,
    "C4H2": 16714.7267954196,
    "C2H": 169308003.00346532,
    "C3H3": 335118.42881370627,
    "C3H4": 8939953.820417013,
    "C3": 87513802.6024987,
    "C3H5": 45753057.148405075,
    "C4H": 35362.5593862739,
    "C3H6": 286853707.5905693,
    "CH2Plus": 261226.58395633937,
    "C2H5Plus": 1015588256.3269855,
    "C2H4Plus": 17830.908462361494,
    "C2H3Plus": 11887.272308240992,
    "HMinus": 171090793.14815855,
    "C2HPlus": 97206.18593036091,
    "H2Plus": 1258458.9652660144,
    "C2H2Star": 16792247.39488961
  }
}