{
  "pressure_mTorr": 500.0,
  "n_total": 1.2070595635737908e+16,
  "Te": 1.071400323943677,
  "Ne": 2101565906.9454215,
  "E_field": 20.47077484012334,
  "n_i_total": 7034430939.683786,
  "Ni_over_Ne": 3.347233087687539,
  "charge_imbalance_pct": 234.72330876875392,
  "rate_values": {
    "loss_C2_11_3": 942.8347889679861,
    "e_CH4_CH3_HMinus_cm3_8_1": 5.4787330313406007e-14,
    "loss_C2H2Star_11_25": 6949.291782557203,
    "e_CH4Plus_CH2_H2_cm3_6_9": 9.20116192528615e-07,
    "e_CH_CHPlus_2e_cm3_2_10": 9.62858340433845e-12,
    "loss_C3H4_11_18": 994.3866408975586,
    "e_CH4Plus_CH_H2_H_cm3_6_11": 1.1767144423365963e-06,
    "loss_CH_11_9": 9706.737377001698,
    "loss_C3H_11_10": 931.2545974047091,
    "stick_ArStar_9_5": 238.82391686051332,
    "ArStar_CH4_CH3_H_cm3_3_1": 3.4194229825966624e-10,
    "loss_C4H2_11_11": 663.7360486999683,
    "loss_C3H6_11_16": 793.6192825473073,
    "loss_C4H_11_15": 981.3556640967978,
    "loss_C2H_11_12": 538.083565600037,
    "loss_C3_11_14": 412.7513446620445,
    "e_CH4Plus_C_2H2_cm3_6_13": 3.158106782520696e-08,
    "loss_C3H3_11_13": 598.9694771667467,
    "e_CH4Plus_CH3_H_cm3_6_4": 2.319559581394686e-07,
    "e_CH4_CH_H2_H_vib_cm3_1_3": 6.257443830939807e-11,
    "stick_CH_9_3": 1438.012821509721,
    "stick_H_9_1": 340.41648433366527,
    "stick_C2_9_9": 5915.776574286652,
    "stick_C_9_10": 5317.124673437356,
    "loss_CH2_11_1": 3922.49170260605,
    "stick_CH3_9_2": 5697.891794750234,
    "e_Ar_ArStar_cm3_1_7": 1.5609072308030327e-10,
    "stick_C3_9_23": 580.1193931780545,
    "stick_C2H4_9_12": 1068.1749504051165,
    "stick_H2_9_16": 975.7640850339806,
    "stick_C3H3_9_21": 849.8028270990167,
    "stick_C3H4_9_22": 1022.2933695175425,
    "stick_C3H_9_19": 946.9886499609851,
    "stick_C3H6_9_25": 1055.8608599195086,
    "stick_C4H_9_24": 1377.5321543443258,
    "stick_C2H5_9_17": 1636.5327169259447,
    "stick_C2H6_9_14": 766.565545482136,
    "loss_C_11_8": 603.3404722145854,
    "stick_C4H2_9_20": 1137.3728340810728,
    "stick_C2H2_9_11": 1916.5693513294564
  },
  "target_densities": {
    "H": 41812604581911.555,
    "CH": 24142336338.03941,
    "C2": 158350450458.49207
  },
  "all_densities": {
    "e": 2101565906.9454215,
    "Ar": 1.0260006290377222e+16,
    "CH4": 1810589345360686.2,
    "ArPlus": 281801060.9539625,
    "CH4Plus": 1789128747.6664217,
    "CH3Plus": 173812495.55674767,
    "CH5Plus": 3169397842.5206504,
    "ArHPlus": 217323783.68401513,
    "CH3Minus": 271191.3713690394,
    "H": 41812604581911.555,
    "C2": 158350450458.49207,
    "CH": 24142336338.03941,
    "H2": 112784131761726.2,
    "ArStar": 1339114444.6715174,
    "C2H4": 469042770970.29913,
    "C2H6": 8381521697276.779,
    "CH2": 1804798432714.508,
    "C2H2": 3890076784761.8906,
    "C2H5": 1890785913674.813,
    "CH3": 32627825663833.293,
    "C": 120794050546.10004,
    "H3Plus": 339463.3245135897,
    "C2H3": 37186667824.17573,
    "C3H2": 9368935412.865376,
    "CHPlus": 2095.279463453241,
    "C3H": 4993761121.701329,
    "C4H2": 6693713.064464128,
    "C2H": 2020571244.820439,
    "C3H3": 61967849.555019565,
    "C3H4": 617657094.9645176,
    "C3": 10229069899.668533,
    "C3H5": 4564798947.116448,
    "C4H": 9588755.688103933,
    "C3H6": 19159456833.20507,
    "CH2Plus": 1393213.998890308,
    "C2H5Plus": 1395882837.0279682,
    "C2H4Plus": 109184.60777451043,
    "C2H3Plus": 72789.73851634028,
    "HMinus": 418999707.91579956,
    "C2HPlus": 620921.392500338,
    "H2Plus": 4546503.932361849,
    "C2H2Star": 44976594.8216301
  }
}