{
  "pressure_mTorr": 500.0,
  "n_total": 1.2070595635737908e+16,
  "Te": 1.1342710724628402,
  "Ne": 2164840535.8384323,
  "E_field": 60.89979273972102,
  "n_i_total": 1881976125.1684086,
  "Ni_over_Ne": 0.8693370684873694,
  "charge_imbalance_pct": 13.066293151263064,
  "rate_values": {
    "loss_C2_11_3": 962.4179886385554,
    "e_CH4_CH3_HMinus_cm3_8_1": 6.315956933354789e-13,
    "loss_C2H2Star_11_25": 9316.609192521844,
    "e_CH4Plus_CH2_H2_cm3_6_9": 1.1145643804452772e-06,
    "e_CH_CHPlus_2e_cm3_2_10": 1.0012554572914175e-11,
    "loss_C3H4_11_18": 1177.7198669724746,
    "e_CH4Plus_CH_H2_H_cm3_6_11": 4.754281592049928e-07,
    "loss_C3_11_14": 679.8474284834722,
    "loss_C3H3_11_13": 955.5521886385925,
    "loss_C3H_11_10": 426.0152011049513,
    "loss_C2H_11_12": 293.973131181298,
    "ArStar_CH4_CH3_H_cm3_3_1": 3.371725967515241e-10,
    "e_CH4Plus_C_2H2_cm3_6_13": 7.519693347578675e-08,
    "loss_C4H2_11_11": 921.8258769378479,
    "loss_CH_11_9": 4513.555085524181,
    "loss_C3H6_11_16": 550.7170502599448,
    "loss_C4H_11_15": 880.177436048552,
    "stick_ArStar_9_5": 445.030324964391,
    "e_CH4Plus_CH3_H_cm3_6_4": 7.11460966570292e-07,
    "e_CH4_CH_H2_H_vib_cm3_1_3": 5.954853929550021e-11,
    "stick_C2_9_9": 2692.349976256093,
    "stick_C_9_10": 5576.061980403169,
    "stick_H_9_1": 265.0378044349101,
    "stick_CH_9_3": 3375.325449839116,
    "loss_CH2_11_1": 4894.33998048789,
    "stick_CH3_9_2": 4949.475257116184,
    "e_Ar_ArStar_cm3_1_7": 5.927882564627103e-11,
    "e_C2H4_C2H2_H2_cm3_1_15": 8.310489991061007e-11,
    "CH_CH_C2_H2_cm3_5_4": 1.24559732820769e-10,
    "C_CH3_C2_H2_H_cm3_7_8": 8.933357793131315e-11,
    "C2HPlus_e_C2_H_cm3_6_18": 2.722407176479021e-07,
    "C_CH_C2_H_cm3_7_4": 1.0559212245636719e-10,
    "e_C2H4_C2H2_H2_cm3_1_6": 2.1350798696921875e-11,
    "e_CH4_CH2_H2_cm3_1_2": 5.168729656272573e-11,
    "CH2_CH3_C2H2_H_H2_cm3_7_62": 1.196040342919671e-11,
    "CH_CH4_C2H4_H_cm3_7_20": 6.835118999955086e-11,
    "C2H2_C_C2_CH2_cm3_7_19": 9.815973031518939e-11,
    "C2_H_CH_C_cm3_7_6": 8.795706310082302e-11,
    "CH2_CH2_C2H2_H2_cm3_7_15": 1.1255840594873356e-10,
    "CH2_H_CH_H2_cm3_7_1": 1.6196832500153413e-11,
    "CH_H_C_H2_cm3_7_3": 8.681167086191781e-11,
    "C2H_H_C2_H2_cm3_7_47": 9.27416932692253e-11,
    "CH3_C2H5_C2H2_CH3_H2_cm3_7_61": 8.792317594661366e-12,
    "CH2_C2H3_C2H2_CH3_cm3_7_53": 9.647953833581496e-11,
    "e_CH4_CH3_H_cm3_1_1": 9.58655034730009e-11,
    "C2H2_H_C2_H2_H_cm3_7_50": 8.581508199634041e-12,
    "C_H_CH_cm3_7_12": 1.1474204682675994e-10,
    "CH_CH3_C2H4_cm3_7_5": 1.0988915436753799e-10,
    "CH_C_C2_H_cm3_7_9": 1.0556414027378352e-10,
    "CH3_CH3_C2H2_H2_H2_cm3_7_49": 1.0935684309310262e-11,
    "e_C2H2_C2_H2_cm3_1_16": 7.798885287297942e-11,
    "CH_CH4_CH2_CH3_cm3_7_39": 9.534709160502592e-12,
    "e_C2H4_C2H2_H_H_cm3_1_17": 5.355491836313924e-11
  },
  "target_densities": {
    "H": 10528386630399.297,
    "CH": 3241251870.593668,
    "C2": 18091004107.936005
  },
  "all_densities": {
    "e": 2164840535.8384323,
    "Ar": 1.0260006290377222e+16,
    "CH4": 1810589345360686.2,
    "ArPlus": 185757225.40772995,
    "CH4Plus": 490997744.2429484,
    "CH3Plus": 116835506.1626,
    "CH5Plus": 648845704.0549004,
    "ArHPlus": 122124957.56268485,
    "CH3Minus": 35409.07674475652,
    "H": 10528386630399.297,
    "C2": 18091004107.936005,
    "CH": 3241251870.593668,
    "H2": 30680597344811.246,
    "ArStar": 534082868.476824,
    "C2H4": 224408479739.62085,
    "C2H6": 1372323619026.059,
    "CH2": 290226246095.7052,
    "C2H2": 895508677357.939,
    "C2H5": 99235827251.17558,
    "CH3": 11118052894518.84,
    "C": 6729216396.189892,
    "H3Plus": 31868.275924327263,
    "C2H3": 1892069875.7910702,
    "C3H2": 290162868.4679083,
    "CHPlus": 102.96064130055592,
    "C3H": 173149262.21051186,
    "C4H2": 25840.946826871048,
    "C2H": 270376414.50851583,
    "C3H3": 278056.2190182049,
    "C3H4": 32956885.021673366,
    "C3": 156480980.45781213,
    "C3H5": 32164831.0707783,
    "C4H": 44150.82632473233,
    "C3H6": 414373277.6224351,
    "CH2Plus": 50621.86310799021,
    "C2H5Plus": 315445694.37569875,
    "C2H4Plus": 26086.23086207286,
    "C2H3Plus": 17390.820574715246,
    "HMinus": 516804377.07193667,
    "C2HPlus": 68196.33542662131,
    "H2Plus": 1775026.875308928,
    "C2H2Star": 3080149.6548751583
  }
}