{
  "pressure_mTorr": 500.0,
  "n_total": 1.2070595635737908e+16,
  "Te": 1.0208780821001493,
  "Ne": 2394457556.420274,
  "E_field": 478.938183361897,
  "n_i_total": 293767547.68361175,
  "Ni_over_Ne": 0.12268647105309134,
  "charge_imbalance_pct": 87.73135289469086,
  "rate_values": {
    "loss_C2_11_3": 1377.909044107771,
    "e_CH4_CH3_HMinus_cm3_8_1": 3.2000994418076767e-13,
    "loss_C2H2Star_11_25": 6738.0016721430065,
    "e_CH4Plus_CH2_H2_cm3_6_9": 1.9335959933159287e-06,
    "e_CH_CHPlus_2e_cm3_2_10": 1.7829167221469497e-11,
    "loss_C3H4_11_18": 1194.8231186095895,
    "e_CH4Plus_CH_H2_H_cm3_6_11": 6.144320590363429e-07,
    "loss_C3_11_14": 522.8390007979485,
    "loss_CH_11_9": 1561.585987313832,
    "loss_C2H_11_12": 860.644624400669,
    "ArStar_CH4_CH3_H_cm3_3_1": 4.4220445164630144e-10,
    "loss_C4H2_11_11": 701.1456689999594,
    "loss_C3H3_11_13": 441.80881237385836,
    "stick_ArStar_9_5": 503.26460801049046,
    "loss_C3H6_11_16": 238.74470124394327,
    "loss_C3H_11_10": 270.46179951845835,
    "e_CH4Plus_C_2H2_cm3_6_13": 3.351732546798434e-08,
    "loss_C4H_11_15": 237.84428311947784,
    "e_CH4Plus_CH3_H_cm3_6_4": 6.178754471714814e-07,
    "e_CH4_CH_H2_H_vib_cm3_1_3": 2.5745902718209352e-11,
    "stick_C2_9_9": 5322.899865006681,
    "stick_CH_9_3": 2348.3834916397136,
    "stick_H_9_1": 328.930031704264,
    "stick_C_9_10": 1891.9195543115325,
    "loss_CH2_11_1": 2945.1440511638357,
    "stick_CH3_9_2": 2758.8909643881207,
    "e_Ar_ArStar_cm3_1_7": 1.3304253998973826e-10,
    "e_C2H4_C2H2_H_H_cm3_1_17": 3.0531913472347145e-11,
    "C_CH3_C2_H2_H_cm3_7_8": 9.723200873910453e-11,
    "C2_H_CH_C_cm3_7_6": 8.557507992136575e-11,
    "CH3_CH3_C2H2_H2_H2_cm3_7_49": 1.1982478767147289e-11,
    "CH2_H_CH_H2_cm3_7_1": 1.035670625059534e-11,
    "C2H2_H_C2_H2_H_cm3_7_50": 9.247758522580021e-12,
    "CH3_C2H5_C2H2_CH3_H2_cm3_7_61": 1.1529721952236472e-11,
    "e_CH4_CH3_H_cm3_1_1": 5.4570576080533485e-11,
    "C2HPlus_e_C2_H_cm3_6_18": 1.9250519795190464e-07,
    "CH_CH4_C2H4_H_cm3_7_20": 5.961289567941729e-11,
    "e_C2H4_C2H2_H2_cm3_1_15": 5.4096499844909304e-11,
    "e_CH4_CH2_H2_cm3_1_2": 3.892251420227381e-11,
    "C_CH_C2_H_cm3_7_4": 1.198535638239198e-10,
    "CH_CH4_CH2_CH3_cm3_7_39": 8.95781891673454e-12,
    "CH2_CH3_C2H2_H_H2_cm3_7_62": 8.750259886480436e-12,
    "C2H2_C_C2_CH2_cm3_7_19": 1.1656166330496435e-10,
    "CH_C_C2_H_cm3_7_9": 1.18645935921325e-10,
    "e_C2H4_C2H2_H2_cm3_1_6": 2.8280710566437852e-11,
    "CH_CH_C2_H2_cm3_5_4": 1.2943906798059362e-10,
    "CH2_C2H3_C2H2_CH3_cm3_7_53": 1.1878438563055396e-10,
    "C_H_CH_cm3_7_12": 8.042150885599057e-11,
    "e_C2H2_C2_H2_cm3_1_16": 8.412360424040715e-11,
    "CH_H_C_H2_cm3_7_3": 1.094255349837498e-10,
    "C2H_H_C2_H2_cm3_7_47": 1.0485307791646314e-10,
    "CH2_CH2_C2H2_H2_cm3_7_15": 9.500414177282996e-11,
    "CH_CH3_C2H4_cm3_7_5": 1.1942817963016432e-10
  },
  "target_densities": {
    "H": 10420341481393.738,
    "CH": 2121794481.388858,
    "C2": 24275147811.531075
  },
  "all_densities": {
    "e": 2394457556.420274,
    "Ar": 1.0260006290377222e+16,
    "CH4": 1810589345360686.2,
    "ArPlus": 127250437.52323383,
    "CH4Plus": 47362436.761898264,
    "CH3Plus": 40251575.69180974,
    "CH5Plus": 27260008.253642004,
    "ArHPlus": 37727596.305767745,
    "CH3Minus": 5861.825957528995,
    "H": 10420341481393.738,
    "C2": 24275147811.531075,
    "CH": 2121794481.388858,
    "H2": 31434839986074.145,
    "ArStar": 1229692292.488079,
    "C2H4": 142713781429.50278,
    "C2H6": 2547650569263.115,
    "CH2": 543055370870.0005,
    "C2H2": 1833052399214.3296,
    "C2H5": 245397223759.397,
    "CH3": 15146157399906.172,
    "C": 18504331484.96276,
    "H3Plus": 452.55796054984364,
    "C2H3": 1643197930.326819,
    "C3H2": 388853539.74548703,
    "CHPlus": 17.003148886683437,
    "C3H": 255765569.64515558,
    "C4H2": 27813.503769839757,
    "C2H": 225862824.1183139,
    "C3H3": 206082.8785674028,
    "C3H4": 13624308.552440962,
    "C3": 225196659.8363093,
    "C3H5": 52068247.51208354,
    "C4H": 55453.87404188737,
    "C3H6": 651355613.1477079,
    "CH2Plus": 4149.444378503733,
    "C2H5Plus": 13842799.100356208,
    "C2H4Plus": 974.7759236818868,
    "C2H3Plus": 649.8506157879245,
    "HMinus": 377333560.2994827,
    "C2HPlus": 8408.704360273794,
    "H2Plus": 58041.710516268424,
    "C2H2Star": 20072037.82414973
  }
}