{
  "pressure_mTorr": 500.0,
  "n_total": 1.2070595635737908e+16,
  "Te": 1.408240984825665,
  "Ne": 2238873628.698381,
  "E_field": 99.47125931310893,
  "n_i_total": 1154983497.2143645,
  "Ni_over_Ne": 0.515877038529343,
  "charge_imbalance_pct": 48.4122961470657,
  "rate_values": {
    "loss_C2_11_3": 471.7740150074019,
    "e_CH4_CH3_HMinus_cm3_8_1": 1.2698451255904073e-13,
    "loss_C2H2Star_11_25": 4335.044306849055,
    "e_CH4Plus_CH2_H2_cm3_6_9": 2.1165241120639863e-06,
    "e_CH_CHPlus_2e_cm3_2_10": 1.0195577261987504e-11,
    "loss_C3H4_11_18": 750.9607384695846,
    "e_CH4Plus_CH_H2_H_cm3_6_11": 7.351102191879122e-07,
    "loss_C3_11_14": 326.4563496261912,
    "ArStar_CH4_CH3_H_cm3_3_1": 3.228515342292742e-10,
    "loss_CH_11_9": 2822.1815087939262,
    "loss_C2H_11_12": 993.930678345256,
    "loss_C4H2_11_11": 482.7309238840437,
    "loss_C3H3_11_13": 383.90333094308113,
    "loss_C3H_11_10": 476.3514972131081,
    "loss_C4H_11_15": 320.94803303923413,
    "stick_ArStar_9_5": 132.13816902573018,
    "loss_C3H6_11_16": 942.674218477977,
    "e_CH4Plus_C_2H2_cm3_6_13": 8.835308381157646e-08,
    "e_CH4Plus_CH3_H_cm3_6_4": 5.020307593357018e-07,
    "e_CH4_CH_H2_H_vib_cm3_1_3": 2.5289954892305515e-11,
    "stick_CH_9_3": 3704.577576527903,
    "stick_C2_9_9": 4851.751277910496,
    "stick_C_9_10": 1782.3810630970827,
    "stick_H_9_1": 493.25270016567146,
    "loss_CH2_11_1": 4420.352450591954,
    "stick_CH3_9_2": 4822.927227410568,
    "e_Ar_ArStar_cm3_1_7": 4.380840241938892e-11,
    "stick_C3H3_9_21": 1001.2086476772955,
    "stick_C4H2_9_20": 1111.1049704361023,
    "stick_C4H_9_24": 1906.0640021394765,
    "loss_C_11_8": 1534.2604703268112,
    "stick_C2H5_9_17": 1659.8862026088298,
    "stick_C3H6_9_25": 1460.5857754165384,
    "stick_C3_9_23": 1636.0219215300383,
    "stick_H2_9_16": 532.2249422724569,
    "stick_C3H4_9_22": 522.8356412325902,
    "stick_C2H6_9_14": 1428.3261247716707,
    "stick_C2H2_9_11": 973.1592103381928,
    "stick_C2H4_9_12": 1606.1896963399731,
    "stick_C3H_9_19": 574.3980812059351
  },
  "target_densities": {
    "H": 10189871482956.338,
    "CH": 2621708880.0144005,
    "C2": 10382055694.865763
  },
  "all_densities": {
    "e": 2238873628.698381,
    "Ar": 1.0260006290377222e+16,
    "CH4": 1810589345360686.2,
    "ArPlus": 166457327.7577925,
    "CH4Plus": 280599023.2700457,
    "CH3Plus": 98589775.42617346,
    "CH5Plus": 329546838.97997135,
    "ArHPlus": 98116874.88008648,
    "CH3Minus": 29419.502430466706,
    "H": 10189871482956.338,
    "C2": 10382055694.865763,
    "CH": 2621708880.0144005,
    "H2": 30652494582354.836,
    "ArStar": 412624485.86128235,
    "C2H4": 103701555998.17413,
    "C2H6": 627981625866.6724,
    "CH2": 304533627914.0634,
    "C2H2": 623058963529.8148,
    "C2H5": 117981367961.24594,
    "CH3": 11007011166156.521,
    "C": 9137411350.996399,
    "H3Plus": 291328.7253256594,
    "C2H3": 1519924368.9507825,
    "C3H2": 163305107.9007149,
    "CHPlus": 53.87277355188258,
    "C3H": 155419691.4102695,
    "C4H2": 25565.065170853522,
    "C2H": 164761512.61302778,
    "C3H3": 287687.8748097724,
    "C3H4": 23478071.06539428,
    "C3": 86009445.17364183,
    "C3H5": 30931280.0060245,
    "C4H": 19224.792896130773,
    "C3H6": 114799318.99404316,
    "CH2Plus": 27441.757880689267,
    "C2H5Plus": 163034064.7681034,
    "C2H4Plus": 7635.700962105092,
    "C2H3Plus": 5090.467308070062,
    "HMinus": 132977531.86966498,
    "C2HPlus": 30137.745447058358,
    "H2Plus": 18277903.8624944,
    "C2H2Star": 3558294.212793684
  }
}