{
  "pressure_mTorr": 500.0,
  "n_total": 1.2070595635737908e+16,
  "Te": 1.1748599822628094,
  "Ne": 2146020355.2935853,
  "E_field": 207.87647379388272,
  "n_i_total": 799155842.731378,
  "Ni_over_Ne": 0.3723896843569547,
  "charge_imbalance_pct": 62.761031564304524,
  "rate_values": {
    "loss_C2_11_3": 321.6011567800715,
    "e_CH4_CH3_HMinus_cm3_8_1": 9.727209905277885e-13,
    "loss_C2H2Star_11_25": 4722.985759030689,
    "stick_H_9_1": 3812.5087088353785,
    "e_CH4Plus_CH2_H2_cm3_6_9": 2.4432746915816734e-06,
    "loss_C3H4_11_18": 208.6961405375621,
    "e_CH4Plus_CH_H2_H_cm3_6_11": 1.0578901234387797e-06,
    "loss_C4H2_11_11": 645.3895195285249,
    "loss_CH_11_9": 6697.512669293512,
    "stick_ArStar_9_5": 466.81411716241337,
    "e_CH4Plus_C_2H2_cm3_6_13": 4.4403709148221946e-08,
    "loss_C3H6_11_16": 445.2228921151895,
    "loss_C3H3_11_13": 611.1075275958862,
    "loss_C3_11_14": 338.1128174690265,
    "loss_C4H_11_15": 165.4402205655377,
    "loss_C2H_11_12": 982.2765587733686,
    "loss_C3H_11_10": 423.7855480584365,
    "ArStar_CH4_CH3_H_cm3_3_1": 2.2716530463827643e-10,
    "e_CH4Plus_CH3_H_cm3_6_4": 2.413661756264342e-07,
    "e_CH4_CH_H2_H_vib_cm3_1_3": 4.010801379656949e-11,
    "stick_C2_9_9": 6054.260453520104,
    "stick_CH_9_3": 5617.66056308859,
    "stick_C_9_10": 5038.461589120805,
    "loss_CH2_11_1": 5954.990390521346,
    "stick_CH3_9_2": 3636.432937205185,
    "e_Ar_ArStar_cm3_1_7": 1.1175460356062584e-10,
    "stick_C4H_9_24": 866.182366940509,
    "stick_C2H2_9_11": 1931.075103088313,
    "stick_C2H6_9_14": 1435.168290299456,
    "stick_C4H2_9_20": 1240.614960631722,
    "stick_C3H4_9_22": 617.8352038705017,
    "stick_C2H5_9_17": 1330.709339028098,
    "stick_C3H6_9_25": 1906.6581874248693,
    "stick_H2_9_16": 516.3795345241831,
    "loss_C_11_8": 1122.147909530745,
    "stick_C3_9_23": 1555.9564533782175,
    "stick_C3H3_9_21": 1267.3011731468018,
    "stick_C3H_9_19": 1306.8289409615995,
    "stick_C2H4_9_12": 881.6457414024951,
    "e_CH4_CH4Plus_cm3_2_2": 3.472339148012548e-11
  },
  "target_densities": {
    "H": 28840761306017.203,
    "CH": 13710010283.379065,
    "C2": 106388345789.86992
  },
  "all_densities": {
    "e": 2146020355.2935853,
    "Ar": 1.0260006290377222e+16,
    "CH4": 1810589345360686.2,
    "ArPlus": 205560608.07125747,
    "CH4Plus": 163161940.8784698,
    "CH3Plus": 97313274.7898266,
    "CH5Plus": 156633897.24011627,
    "ArHPlus": 96535098.34768896,
    "CH3Minus": 29235.61509880031,
    "H": 28840761306017.203,
    "C2": 106388345789.86992,
    "CH": 13710010283.379065,
    "H2": 93011733856851.5,
    "ArStar": 1071451301.9550999,
    "C2H4": 274434251116.3515,
    "C2H6": 4657969477063.676,
    "CH2": 1257187470554.7622,
    "C2H2": 3226041108364.2285,
    "C2H5": 1405256883076.9885,
    "CH3": 30040763039205.89,
    "C": 62036720431.90181,
    "H3Plus": 94349.5224833764,
    "C2H3": 20182735567.77012,
    "C3H2": 4416850170.901397,
    "CHPlus": 335.5492800964364,
    "C3H": 2553662084.607987,
    "C4H2": 1856344.1290063106,
    "C2H": 1207788879.3798225,
    "C3H3": 14730847.023411065,
    "C3H4": 500736732.2980734,
    "C3": 2489150113.227359,
    "C3H5": 1926608631.7774727,
    "C4H": 5869885.1689157905,
    "C3H6": 5168255570.072949,
    "CH2Plus": 53506.827437294654,
    "C2H5Plus": 77133658.31303842,
    "C2H4Plus": 9270.504507127116,
    "C2H3Plus": 6180.336338084745,
    "HMinus": 984357439.7114617,
    "C2HPlus": 71762.28730638362,
    "H2Plus": 2581960.0636280267,
    "C2H2Star": 43911366.09855358
  }
}