{
  "pressure_mTorr": 500.0,
  "n_total": 1.2070595635737908e+16,
  "Te": 1.1987639005013977,
  "Ne": 2561145989.437388,
  "E_field": 287.8112119832302,
  "n_i_total": 586271179.344514,
  "Ni_over_Ne": 0.2289097075146823,
  "charge_imbalance_pct": 77.10902924853178,
  "rate_values": {
    "loss_C2_11_3": 1478.7451155896285,
    "e_CH4_CH3_HMinus_cm3_8_1": 8.066840817059947e-14,
    "loss_C2H2Star_11_25": 1386.8303624480955,
    "e_CH4Plus_CH2_H2_cm3_6_9": 8.264615103037443e-07,
    "e_CH_CHPlus_2e_cm3_2_10": 2.434036687172692e-11,
    "loss_C3H4_11_18": 792.9205511999156,
    "e_CH4Plus_CH_H2_H_cm3_6_11": 1.1124263902222781e-06,
    "loss_CH_11_9": 5045.440446437997,
    "loss_C3H_11_10": 172.88084280901813,
    "stick_ArStar_9_5": 700.7992726228747,
    "ArStar_CH4_CH3_H_cm3_3_1": 3.3533126292012437e-10,
    "loss_C4H2_11_11": 419.28031562909837,
    "loss_C3H6_11_16": 769.4010087794584,
    "loss_C4H_11_15": 459.5360026745635,
    "loss_C2H_11_12": 251.2318247021313,
    "loss_C3_11_14": 274.72759335445807,
    "e_CH4Plus_C_2H2_cm3_6_13": 8.437007113381487e-08,
    "loss_C3H3_11_13": 375.37435618421057,
    "e_CH4Plus_CH3_H_cm3_6_4": 1.6057080978199298e-07,
    "e_CH4_CH_H2_H_vib_cm3_1_3": 3.515557707142009e-11,
    "stick_CH_9_3": 4588.190314703734,
    "stick_H_9_1": 351.7729466143689,
    "stick_C2_9_9": 3106.0854796243134,
    "stick_C_9_10": 5680.260909745175,
    "loss_CH2_11_1": 5233.533787310953,
    "stick_CH3_9_2": 5044.952624346505,
    "e_Ar_ArStar_cm3_1_7": 7.463706299979755e-11,
    "stick_C3_9_23": 1735.961430453817,
    "stick_C2H4_9_12": 564.044137020527,
    "stick_H2_9_16": 546.8870121480918,
    "stick_C3H3_9_21": 1413.9351051857238,
    "stick_C3H4_9_22": 909.739183789568,
    "stick_C3H_9_19": 1167.3104847624243,
    "stick_C3H6_9_25": 816.7483041268664,
    "stick_C4H_9_24": 1603.5957662076362,
    "stick_C2H5_9_17": 1408.7097755753218,
    "stick_C2H6_9_14": 1104.5425404566658,
    "loss_C_11_8": 1731.784670708234,
    "stick_C4H2_9_20": 1571.4770685187661,
    "stick_C2H2_9_11": 1511.8700656485807
  },
  "target_densities": {
    "H": 41661337791738.38,
    "CH": 28643850920.03194,
    "C2": 252235466692.29697
  },
  "all_densities": {
    "e": 2561145989.437388,
    "Ar": 1.0260006290377222e+16,
    "CH4": 1810589345360686.2,
    "ArPlus": 179761555.30929062,
    "CH4Plus": 114439075.03188185,
    "CH3Plus": 79518359.53734386,
    "CH5Plus": 89369049.50227275,
    "ArHPlus": 73051626.43053584,
    "CH3Minus": 29724.63406371903,
    "H": 41661337791738.38,
    "C2": 252235466692.29697,
    "CH": 28643850920.03194,
    "H2": 132668109034056.12,
    "ArStar": 781873171.7141377,
    "C2H4": 655162065799.5004,
    "C2H6": 7387134997620.793,
    "CH2": 1747530198069.7588,
    "C2H2": 4916815182290.328,
    "C2H5": 2111515752866.9229,
    "CH3": 34475752574813.242,
    "C": 130157165222.2174,
    "H3Plus": 183855.53600753576,
    "C2H3": 46759075782.3349,
    "C3H2": 14043426327.274893,
    "CHPlus": 557.368105241347,
    "C3H": 10486275420.66573,
    "C4H2": 15088092.212930076,
    "C2H": 3305843690.5952835,
    "C3H3": 74853457.42497966,
    "C3H4": 1212397319.9771857,
    "C3": 7723049633.906916,
    "C3H5": 6048194244.041916,
    "C4H": 19497436.673318066,
    "C3H6": 24968562123.10627,
    "CH2Plus": 43896.18764726415,
    "C2H5Plus": 45616568.20584896,
    "C2H4Plus": 19077.79964397764,
    "C2H3Plus": 12718.533095985094,
    "HMinus": 330867824.77179325,
    "C2HPlus": 94337.65206952469,
    "H2Plus": 4160502.2507706266,
    "C2H2Star": 166321389.49669608
  }
}