{
  "pressure_mTorr": 500.0,
  "n_total": 1.2070595635737908e+16,
  "Te": 1.2792454303853933,
  "Ne": 2359147363.132925,
  "E_field": 179.57538075981932,
  "n_i_total": 1264843344.5535748,
  "Ni_over_Ne": 0.5361442715786414,
  "charge_imbalance_pct": 46.38557284213586,
  "rate_values": {
    "loss_C2_11_3": 587.5468304713222,
    "e_CH4_CH3_HMinus_cm3_8_1": 1.871035502317008e-13,
    "loss_C2H2Star_11_25": 7358.764884907152,
    "e_CH4Plus_CH2_H2_cm3_6_9": 5.217928354374152e-07,
    "e_CH_CHPlus_2e_cm3_2_10": 5.1500419725817444e-12,
    "loss_C3H4_11_18": 223.88383024945665,
    "e_CH4Plus_CH_H2_H_cm3_6_11": 5.614725821260739e-07,
    "loss_CH_11_9": 8865.678275568966,
    "loss_C3_11_14": 660.9651992167937,
    "loss_C3H6_11_16": 992.1612806049059,
    "loss_C2H_11_12": 478.4402606361359,
    "stick_ArStar_9_5": 324.6503227703495,
    "e_CH4Plus_C_2H2_cm3_6_13": 8.611437826504812e-08,
    "loss_C4H_11_15": 596.137239112247,
    "loss_C4H2_11_11": 231.5618641386733,
    "ArStar_CH4_CH3_H_cm3_3_1": 2.2126509429766412e-10,
    "loss_C3H3_11_13": 628.8735891328434,
    "loss_C3H_11_10": 551.1786741636837,
    "e_CH4Plus_CH3_H_cm3_6_4": 2.4269571784189807e-07,
    "e_CH4_CH_H2_H_vib_cm3_1_3": 9.614745525501648e-11,
    "stick_CH_9_3": 3046.629400698674,
    "stick_H_9_1": 113.1697534477396,
    "stick_C2_9_9": 5157.995654441408,
    "stick_C_9_10": 4847.049168251449,
    "loss_CH2_11_1": 2425.404282090196,
    "stick_CH3_9_2": 4892.205502648671,
    "e_Ar_ArStar_cm3_1_7": 1.7062818589876406e-10,
    "e_C2H4_C2H2_H_H_cm3_1_17": 3.433591907402766e-11,
    "CH2_H_CH_H2_cm3_7_1": 2.1416397137968524e-11,
    "CH_CH4_C2H4_H_cm3_7_20": 5.6343175274752125e-11,
    "C2H_H_C2_H2_cm3_7_47": 1.038411751625961e-10,
    "e_CH4_CH3_H_cm3_1_1": 8.18345482149147e-11,
    "e_C2H4_C2H2_H2_cm3_1_15": 4.2463984697817766e-11,
    "CH2_CH2_C2H2_H2_cm3_7_15": 9.706931147990298e-11,
    "CH_H_C_H2_cm3_7_3": 1.1754695064873902e-10,
    "C_H_CH_cm3_7_12": 9.039377385444696e-11,
    "C_CH_C2_H_cm3_7_4": 1.0784754866501231e-10,
    "C2H2_H_C2_H2_H_cm3_7_50": 8.571294384304666e-12,
    "CH3_CH3_C2H2_H2_H2_cm3_7_49": 9.456795600528084e-12,
    "CH3_C2H5_C2H2_CH3_H2_cm3_7_61": 1.1126895916890123e-11,
    "C2H2_C_C2_CH2_cm3_7_19": 8.366073568132235e-11,
    "C_CH3_C2_H2_H_cm3_7_8": 1.017314200109718e-10,
    "e_C2H4_C2H2_H2_cm3_1_6": 1.3344796162583036e-11,
    "CH_CH_C2_H2_cm3_5_4": 1.7527451758565475e-10,
    "CH_C_C2_H_cm3_7_9": 1.1478378672707198e-10,
    "CH_CH4_CH2_CH3_cm3_7_39": 9.271563058312874e-12,
    "C2_H_CH_C_cm3_7_6": 1.0258919584684728e-10,
    "e_C2H2_C2_H2_cm3_1_16": 6.385132662982819e-11,
    "C2HPlus_e_C2_H_cm3_6_18": 2.6620887451894907e-07,
    "CH_CH3_C2H4_cm3_7_5": 1.1871874711106398e-10,
    "CH2_C2H3_C2H2_CH3_cm3_7_53": 9.45350793900891e-11,
    "CH2_CH3_C2H2_H_H2_cm3_7_62": 1.1296757757866352e-11,
    "e_CH4_CH2_H2_cm3_1_2": 3.948350224867448e-11
  },
  "target_densities": {
    "H": 10886548460074.713,
    "CH": 5281478755.466173,
    "C2": 12526786773.951828
  },
  "all_densities": {
    "e": 2359147363.132925,
    "Ar": 1.0260006290377222e+16,
    "CH4": 1810589345360686.2,
    "ArPlus": 299683844.6243071,
    "CH4Plus": 272971239.773033,
    "CH3Plus": 142525608.4312441,
    "CH5Plus": 268844406.04446703,
    "ArHPlus": 146477106.8080774,
    "CH3Minus": 16155.661793697971,
    "H": 10886548460074.713,
    "C2": 12526786773.951828,
    "CH": 5281478755.466173,
    "H2": 31754489279313.465,
    "ArStar": 1830705032.8977087,
    "C2H4": 311248596463.5054,
    "C2H6": 1505812858134.8594,
    "CH2": 439623250059.3208,
    "C2H2": 883257377172.441,
    "C2H5": 155491910919.93866,
    "CH3": 11649278512034.898,
    "C": 10252168484.432344,
    "H3Plus": 47935.459916735126,
    "C2H3": 3211811317.341065,
    "C3H2": 466244261.3983587,
    "CHPlus": 32.068547317861395,
    "C3H": 258915879.99123684,
    "C4H2": 92298.45561808774,
    "C2H": 373926445.9008032,
    "C3H3": 902834.1947651542,
    "C3H4": 122685254.95484182,
    "C3": 251036753.13150227,
    "C3H5": 82122722.41704947,
    "C4H": 133384.40443450306,
    "C3H6": 601419612.5041715,
    "CH2Plus": 31722.6289227133,
    "C2H5Plus": 130638700.37695266,
    "C2H4Plus": 13379.233526085618,
    "C2H3Plus": 8919.489017390411,
    "HMinus": 309918609.4876883,
    "C2HPlus": 24993.439303033792,
    "H2Plus": 3575456.176260481,
    "C2H2Star": 13184145.038116839
  }
}