{
  "pressure_mTorr": 500.0,
  "n_total": 1.2070595635737908e+16,
  "Te": 1.3414018953946154,
  "Ne": 2137962287.9956381,
  "E_field": 422.17461901759657,
  "n_i_total": 379296296.3173645,
  "Ni_over_Ne": 0.17741019027653604,
  "charge_imbalance_pct": 82.2589809723464,
  "rate_values": {
    "loss_C2_11_3": 1715.9929642856237,
    "e_CH4_CH3_HMinus_cm3_8_1": 6.395019871429421e-14,
    "loss_C2H2Star_11_25": 2504.818774037034,
    "e_CH4Plus_CH2_H2_cm3_6_9": 6.653124212461679e-07,
    "e_CH_CHPlus_2e_cm3_2_10": 1.0550803050827431e-11,
    "loss_C3H4_11_18": 1096.4162102374103,
    "e_CH4Plus_CH_H2_H_cm3_6_11": 5.311825323303119e-07,
    "loss_C4H_11_15": 760.674645422787,
    "stick_ArStar_9_5": 381.53863087289733,
    "loss_C3H_11_10": 571.1737947619936,
    "loss_C3H3_11_13": 851.1880995861695,
    "loss_C3_11_14": 172.88413381323596,
    "ArStar_CH4_CH3_H_cm3_3_1": 3.405223404430317e-10,
    "loss_C3H6_11_16": 232.87809685419205,
    "loss_C2H_11_12": 376.16343757135286,
    "e_CH4Plus_C_2H2_cm3_6_13": 2.0805367332743838e-08,
    "loss_C4H2_11_11": 516.3355129314688,
    "loss_CH_11_9": 9423.66557042586,
    "e_CH4Plus_CH3_H_cm3_6_4": 7.709115099805873e-07,
    "e_CH4_CH_H2_H_vib_cm3_1_3": 9.192384918048016e-11,
    "stick_C2_9_9": 3417.996392221413,
    "stick_CH_9_3": 5285.493578813733,
    "stick_C_9_10": 5112.047138764735,
    "stick_H_9_1": 469.0577442668564,
    "loss_CH2_11_1": 2976.71581101924,
    "stick_CH3_9_2": 4889.043941970526,
    "e_Ar_ArStar_cm3_1_7": 8.891386767618747e-11,
    "stick_C4H2_9_20": 652.4516860883116,
    "stick_C3H4_9_22": 1390.2198904999989,
    "stick_C2H5_9_17": 1778.5483958722366,
    "stick_C2H6_9_14": 580.4158296616556,
    "stick_C2H2_9_11": 1881.2416289100802,
    "stick_C3H3_9_21": 539.6537056534977,
    "stick_H2_9_16": 277.7137739496925,
    "stick_C3_9_23": 906.4471571905995,
    "stick_C3H6_9_25": 1577.1693254872175,
    "stick_C2H4_9_12": 1289.690374802495,
    "loss_C_11_8": 1615.0933349228808,
    "stick_C4H_9_24": 1077.4657243530482,
    "stick_C3H_9_19": 898.0138255904615
  },
  "target_densities": {
    "H": 41166804426246.17,
    "CH": 14926007185.549986,
    "C2": 214403803147.7831
  },
  "all_densities": {
    "e": 2137962287.9956381,
    "Ar": 1.0260006290377222e+16,
    "CH4": 1810589345360686.2,
    "ArPlus": 140869453.40619257,
    "CH4Plus": 65060635.784819975,
    "CH3Plus": 53620104.62301721,
    "CH5Plus": 40304912.457768366,
    "ArHPlus": 46773733.49014266,
    "CH3Minus": 19592.91818102868,
    "H": 41166804426246.17,
    "C2": 214403803147.7831,
    "CH": 14926007185.549986,
    "H2": 146885741232855.53,
    "ArStar": 773426568.6767219,
    "C2H4": 806576467119.3241,
    "C2H6": 11012039653208.658,
    "CH2": 2073736172797.8108,
    "C2H2": 4455709662524.438,
    "C2H5": 2160122056384.707,
    "CH3": 34533906873844.492,
    "C": 131228195760.8857,
    "H3Plus": 434750.95785030315,
    "C2H3": 24009473322.153667,
    "C3H2": 6640683554.913288,
    "CHPlus": 71.69033001462773,
    "C3H": 4522122041.673889,
    "C4H2": 5774979.9231591,
    "C2H": 1668385297.0531094,
    "C3H3": 25766091.440203253,
    "C3H4": 532561348.82071984,
    "C3": 6754769407.692411,
    "C3H5": 3224199733.5427227,
    "C4H": 5392346.095392121,
    "C3H6": 15367526238.59841,
    "CH2Plus": 23945.915792038235,
    "C2H5Plus": 21029290.71755799,
    "C2H4Plus": 13367.5018964585,
    "C2H3Plus": 8911.667930972335,
    "HMinus": 301639646.95084506,
    "C2HPlus": 48680.92008835516,
    "H2Plus": 11108437.18397768,
    "C2H2Star": 82548827.98770249
  }
}