{
  "pressure_mTorr": 500.0,
  "n_total": 1.2070595635737908e+16,
  "Te": 2.6802842339021975,
  "Ne": 1804531639.5403652,
  "E_field": 232.87690994764984,
  "n_i_total": 6160456494.537918,
  "Ni_over_Ne": 3.4138811199270833,
  "charge_imbalance_pct": 241.38811199270833,
  "rate_values": {
    "loss_C2_11_3": 1687.5409570187292,
    "e_CH4_CH3_HMinus_cm3_8_1": 8.864447848722506e-14,
    "loss_C2H2Star_11_25": 8502.870335659189,
    "e_CH4Plus_CH2_H2_cm3_6_9": 1.570809338388253e-06,
    "loss_C3H4_11_18": 1019.882673012953,
    "e_CH4Plus_CH_H2_H_cm3_6_11": 8.337313029428404e-07,
    "ArStar_CH4_CH3_H_cm3_3_1": 1.87840493382365e-10,
    "stick_ArStar_9_5": 215.11559242615644,
    "loss_C3H6_11_16": 248.31670619649339,
    "loss_C3H_11_10": 161.38798485875037,
    "loss_CH_11_9": 3682.392679201168,
    "loss_C4H_11_15": 991.7883302476725,
    "e_CH4Plus_C_2H2_cm3_6_13": 7.106257217903319e-08,
    "loss_C2H_11_12": 267.67658651239094,
    "loss_C3H3_11_13": 745.3743521032646,
    "loss_C3_11_14": 727.8871916655478,
    "loss_C4H2_11_11": 796.2582245694423,
    "stick_H_9_1": 2364.7030975030293,
    "e_CH4Plus_CH3_H_cm3_6_4": 4.784830811620675e-07,
    "e_CH4_CH_H2_H_vib_cm3_1_3": 4.022624863383148e-11,
    "stick_C2_9_9": 2779.748303541862,
    "stick_CH_9_3": 5684.730794305028,
    "stick_C_9_10": 4306.743048337443,
    "loss_CH2_11_1": 1628.6193849448046,
    "stick_CH3_9_2": 2446.078343009546,
    "e_Ar_ArStar_cm3_1_7": 1.0612393031351107e-10,
    "stick_C3H4_9_22": 1739.8405753448494,
    "stick_H2_9_16": 600.1852076111668,
    "stick_C2H2_9_11": 1940.7286106588133,
    "stick_C3H_9_19": 1089.6663533667463,
    "stick_C3H6_9_25": 1885.4735358704838,
    "stick_C2H4_9_12": 653.2053307357137,
    "stick_C4H2_9_20": 1325.8447248765876,
    "stick_C3H3_9_21": 626.8496841685444,
    "stick_C3_9_23": 546.7049310097872,
    "stick_C2H5_9_17": 721.863843466965,
    "stick_C2H6_9_14": 1155.2610059582423,
    "stick_C4H_9_24": 1935.1446960930118,
    "loss_C_11_8": 1449.1044778564226,
    "e_CH4_CH3Plus_H_cm3_2_1": 2.2652931061397493e-11
  },
  "target_densities": {
    "H": 33139833446343.24,
    "CH": 26466361940.23074,
    "C2": 271538826448.5667
  },
  "all_densities": {
    "e": 1804531639.5403652,
    "Ar": 1.0260006290377222e+16,
    "CH4": 1810589345360686.2,
    "ArPlus": 165975052.16624665,
    "CH4Plus": 123054827.1118102,
    "CH3Plus": 67864743.36667304,
    "CH5Plus": 318930448.4967734,
    "ArHPlus": 74421157.01568605,
    "CH3Minus": 52253.157490454265,
    "H": 33139833446343.24,
    "C2": 271538826448.5667,
    "CH": 26466361940.23074,
    "H2": 102534422281364.28,
    "ArStar": 879730106.4976969,
    "C2H4": 752349659897.7118,
    "C2H6": 8459075134043.976,
    "CH2": 2541342386880.898,
    "C2H2": 5681346649830.13,
    "C2H5": 4683105336155.197,
    "CH3": 37507818807684.375,
    "C": 144041250018.77078,
    "H3Plus": 197068194.02031964,
    "C2H3": 45943341624.744026,
    "C3H2": 14996766688.720469,
    "CHPlus": 118906.61674775247,
    "C3H": 11993655569.418566,
    "C4H2": 14958201.220612789,
    "C2H": 11259954432.399422,
    "C3H3": 88611850.25498919,
    "C3H4": 793672128.4622376,
    "C3": 12924751654.65229,
    "C3H5": 12394476083.090939,
    "C4H": 13560605.983974187,
    "C3H6": 25257156887.648758,
    "CH2Plus": 67332.28797261347,
    "C2H5Plus": 48172184.9196359,
    "C2H4Plus": 19077.843753194713,
    "C2H3Plus": 12718.562502129811,
    "HMinus": 285727177.7599945,
    "C2HPlus": 94895.86302722542,
    "H2Plus": 5164656956.26677,
    "C2H2Star": 35268455.21102198
  }
}