{
  "pressure_mTorr": 500.0,
  "n_total": 1.2070595635737908e+16,
  "Te": 2.5630366228319206,
  "Ne": 1718066221.9899502,
  "E_field": 238.81638585786123,
  "n_i_total": 3765410559.175054,
  "Ni_over_Ne": 2.191656241756367,
  "charge_imbalance_pct": 119.16562417563668,
  "rate_values": {
    "loss_C2_11_3": 1174.2049856382432,
    "e_CH4_CH3_HMinus_cm3_8_1": 3.895919360334221e-13,
    "loss_C2H2Star_11_25": 6564.477710471201,
    "e_CH4Plus_CH2_H2_cm3_6_9": 4.2112260806355176e-07,
    "loss_C3H4_11_18": 1367.1297660931668,
    "e_CH4Plus_CH_H2_H_cm3_6_11": 1.1341234685921907e-06,
    "loss_C4H2_11_11": 581.7979648897499,
    "ArStar_CH4_CH3_H_cm3_3_1": 2.8379390783858813e-10,
    "e_CH4Plus_C_2H2_cm3_6_13": 7.417895184380958e-08,
    "stick_ArStar_9_5": 694.5293688978483,
    "stick_H_9_1": 3741.59544064122,
    "loss_C3H_11_10": 586.4009076043409,
    "loss_C4H_11_15": 668.8399969850915,
    "loss_C3_11_14": 851.2066778448309,
    "loss_C3H3_11_13": 944.4629473742655,
    "loss_C3H6_11_16": 316.71524211460354,
    "loss_C2H_11_12": 541.9490749633559,
    "loss_CH_11_9": 7771.155859591234,
    "e_CH4Plus_CH3_H_cm3_6_4": 3.6870775184716844e-07,
    "e_CH4_CH_H2_H_vib_cm3_1_3": 4.248368050571675e-11,
    "stick_C2_9_9": 3059.058715370367,
    "stick_C_9_10": 6149.603455587647,
    "stick_CH_9_3": 1462.5714281684477,
    "loss_CH2_11_1": 3867.822250542593,
    "stick_CH3_9_2": 5790.679119829985,
    "e_Ar_ArStar_cm3_1_7": 4.696932513509334e-11,
    "stick_C4H_9_24": 980.0072134210765,
    "stick_C2H5_9_17": 644.5330047161895,
    "stick_C2H6_9_14": 1131.2033290542984,
    "stick_C3H4_9_22": 1175.4971562733074,
    "stick_H2_9_16": 792.6544502986088,
    "stick_C2H2_9_11": 1803.6352166107324,
    "stick_C2H4_9_12": 1732.585051025554,
    "stick_C4H2_9_20": 1816.1280178019467,
    "stick_C3_9_23": 1238.862635596393,
    "loss_C_11_8": 1006.4228936125048,
    "stick_C3H3_9_21": 1847.7208466230336,
    "stick_C3H_9_19": 799.4322005634717,
    "stick_C3H6_9_25": 772.6275141759807,
    "e_CH4_CH4Plus_cm3_2_2": 2.2119165593860446e-11
  },
  "target_densities": {
    "H": 21820154537993.703,
    "CH": 11269443981.5638,
    "C2": 103239292783.03339
  },
  "all_densities": {
    "e": 1718066221.9899502,
    "Ar": 1.0260006290377222e+16,
    "CH4": 1810589345360686.2,
    "ArPlus": 110143823.67595023,
    "CH4Plus": 69492629.1700408,
    "CH3Plus": 52913917.10167063,
    "CH5Plus": 181749617.81178692,
    "ArHPlus": 48066992.73540278,
    "CH3Minus": 34383.74868733797,
    "H": 21820154537993.703,
    "C2": 103239292783.03339,
    "CH": 11269443981.5638,
    "H2": 89003296539698.12,
    "ArStar": 345634434.73484755,
    "C2H4": 167843385257.3808,
    "C2H6": 4316985765276.726,
    "CH2": 1328369521467.2302,
    "C2H2": 2791959291243.4897,
    "C2H5": 1985243644516.183,
    "CH3": 26577206063972.523,
    "C": 47453242691.9731,
    "H3Plus": 103649495.2940893,
    "C2H3": 37189287478.7,
    "C3H2": 3142841076.0026097,
    "CHPlus": 38334.97646645843,
    "C3H": 2268546146.8962193,
    "C4H2": 1066140.2356273765,
    "C2H": 4861186330.332678,
    "C3H3": 15009849.740424605,
    "C3H4": 81830793.66913126,
    "C3": 1616727611.2613306,
    "C3H5": 2237259204.1630673,
    "C4H": 2148050.5425511445,
    "C3H6": 9913337329.866766,
    "CH2Plus": 26758.82899590094,
    "C2H5Plus": 36537806.72352726,
    "C2H4Plus": 3951.4523735543253,
    "C2H3Plus": 2634.30158236955,
    "HMinus": 299170583.19524777,
    "C2HPlus": 43297.98842962119,
    "H2Plus": 3162741299.1147385,
    "C2H2Star": 8820174.100605313
  }
}