{
  "pressure_mTorr": 500.0,
  "n_total": 1.2070595635737908e+16,
  "Te": 1.4143134191528568,
  "Ne": 2466836731.6073914,
  "E_field": 177.42918450551315,
  "n_i_total": 1157648519.2737308,
  "Ni_over_Ne": 0.4692846123299805,
  "charge_imbalance_pct": 53.07153876700195,
  "rate_values": {
    "loss_C2_11_3": 1126.765557850341,
    "e_CH4_CH3_HMinus_cm3_8_1": 4.4645384939655355e-13,
    "loss_C2H2Star_11_25": 7273.575404275756,
    "e_CH4Plus_CH2_H2_cm3_6_9": 6.9735066183468e-07,
    "e_CH_CHPlus_2e_cm3_2_10": 6.388141379018448e-12,
    "loss_C3H4_11_18": 1465.4635086294068,
    "e_CH4Plus_CH_H2_H_cm3_6_11": 8.812378698753946e-07,
    "loss_CH_11_9": 3248.739751158292,
    "loss_C3H_11_10": 790.8811950130381,
    "stick_ArStar_9_5": 330.0991665089685,
    "ArStar_CH4_CH3_H_cm3_3_1": 2.0097349448862752e-10,
    "loss_C4H2_11_11": 806.6528665569252,
    "loss_C3H6_11_16": 800.7832263253899,
    "loss_C4H_11_15": 519.8151025146325,
    "loss_C2H_11_12": 199.76973042062053,
    "loss_C3_11_14": 119.09403821636721,
    "e_CH4Plus_C_2H2_cm3_6_13": 4.6529543307785916e-08,
    "loss_C3H3_11_13": 790.5042004361862,
    "e_CH4Plus_CH3_H_cm3_6_4": 3.843319126333489e-07,
    "e_CH4_CH_H2_H_vib_cm3_1_3": 3.721863983641864e-11,
    "stick_CH_9_3": 1847.3270273398828,
    "stick_H_9_1": 442.3731312468128,
    "stick_C2_9_9": 5732.323274067017,
    "stick_C_9_10": 3812.501204192202,
    "loss_CH2_11_1": 5515.5810136996715,
    "stick_CH3_9_2": 5642.827177158068,
    "e_Ar_ArStar_cm3_1_7": 1.1956132791338038e-10,
    "stick_C3_9_23": 1059.0970292646343,
    "stick_C2H4_9_12": 1782.020661179034,
    "stick_H2_9_16": 974.5906370149737,
    "stick_C3H3_9_21": 700.3517282590017,
    "stick_C3H4_9_22": 623.0763590290538,
    "stick_C3H_9_19": 585.7525818414283,
    "stick_C3H6_9_25": 1971.2837561481315,
    "stick_C4H_9_24": 1560.8431012729309,
    "stick_C2H5_9_17": 1673.822531781467,
    "stick_C2H6_9_14": 672.8751706843495,
    "loss_C_11_8": 1988.316112573329,
    "stick_C4H2_9_20": 1643.1947156320698,
    "stick_C2H2_9_11": 1518.4381988767118
  },
  "target_densities": {
    "H": 41262655851293.63,
    "CH": 25384971158.537025,
    "C2": 172458364967.09375
  },
  "all_densities": {
    "e": 2466836731.6073914,
    "Ar": 1.0260006290377222e+16,
    "CH4": 1810589345360686.2,
    "ArPlus": 256492075.5392045,
    "CH4Plus": 239586960.32854772,
    "CH3Plus": 126312909.97173756,
    "CH5Plus": 245145142.0990001,
    "ArHPlus": 129549537.8269713,
    "CH3Minus": 53926.87535411198,
    "H": 41262655851293.63,
    "C2": 172458364967.09375,
    "CH": 25384971158.537025,
    "H2": 111304316049944.06,
    "ArStar": 1340394409.1734314,
    "C2H4": 357972362005.5691,
    "C2H6": 8967806109955.389,
    "CH2": 1581313329841.9968,
    "C2H2": 4294373667975.6626,
    "C2H5": 1628687020677.3,
    "CH3": 32489594111945.477,
    "C": 117039873031.78505,
    "H3Plus": 1914605.5899326918,
    "C2H3": 39497986341.63533,
    "C3H2": 10873652435.208733,
    "CHPlus": 202.32994443676046,
    "C3H": 7904201220.034749,
    "C4H2": 8190220.545172519,
    "C2H": 2823315526.575841,
    "C3H3": 67253664.4758314,
    "C3H4": 478603738.83012885,
    "C3": 9995683739.039917,
    "C3H5": 4134417304.6176853,
    "C4H": 13266347.78135391,
    "C3H6": 13658764300.42256,
    "CH2Plus": 102348.86399116274,
    "C2H5Plus": 117413810.13554579,
    "C2H4Plus": 16284.634972075375,
    "C2H3Plus": 10856.423314716922,
    "HMinus": 819424606.2288647,
    "C2HPlus": 128593.32331864382,
    "H2Plus": 40975192.20725011,
    "C2H2Star": 47482736.91152582
  }
}