{
  "pressure_mTorr": 500.0,
  "n_total": 1.2070595635737908e+16,
  "Te": 6.734218483191043,
  "Ne": 2746776781.5534062,
  "E_field": 194.46974875644491,
  "n_i_total": 120122110069.57092,
  "Ni_over_Ne": 43.73202470483871,
  "charge_imbalance_pct": 4273.2024704838705,
  "rate_values": {
    "loss_C2_11_3": 131.52674077842698,
    "e_CH4_CH3_HMinus_cm3_8_1": 5.365679127504031e-13,
    "loss_C2H2Star_11_25": 538.8595189299785,
    "e_CH4Plus_CH2_H2_cm3_6_9": 1.3031407862550774e-06,
    "loss_C3H4_11_18": 1063.3951185137312,
    "e_CH4Plus_CH_H2_H_cm3_6_11": 9.129451031212199e-07,
    "loss_C3H6_11_16": 664.5869866669556,
    "loss_C4H2_11_11": 160.66695142568307,
    "stick_H_9_1": 2332.903902386368,
    "loss_C4H_11_15": 211.36115260520444,
    "loss_C2H_11_12": 344.0679073556761,
    "loss_CH_11_9": 1481.9502359363373,
    "loss_C3H3_11_13": 777.9358284468854,
    "loss_C3H_11_10": 754.034540400763,
    "ArStar_CH4_CH3_H_cm3_3_1": 2.4115308446520016e-10,
    "e_CH4Plus_C_2H2_cm3_6_13": 4.7106883310157894e-08,
    "stick_ArStar_9_5": 580.3005346830901,
    "loss_C3_11_14": 435.9109349230742,
    "e_CH4Plus_CH3_H_cm3_6_4": 1.5398113831965118e-07,
    "e_CH4_CH_H2_H_vib_cm3_1_3": 8.673035375859063e-11,
    "stick_CH_9_3": 1564.2527860819941,
    "stick_C_9_10": 2711.4718641630297,
    "stick_C2_9_9": 5409.328434093563,
    "loss_CH2_11_1": 1250.7106245065488,
    "stick_CH3_9_2": 1637.1281329495603,
    "e_Ar_ArStar_cm3_1_7": 6.691712467242101e-11,
    "loss_C_11_8": 1797.7585147064447,
    "stick_C2H4_9_12": 1859.4536797083874,
    "stick_C4H2_9_20": 594.9529201384355,
    "stick_C3H3_9_21": 986.7916186643924,
    "stick_C3H4_9_22": 1872.4488686240888,
    "stick_C3H6_9_25": 1098.6427709917693,
    "stick_C2H5_9_17": 864.6611601826629,
    "stick_C4H_9_24": 972.7369398579596,
    "stick_C2H6_9_14": 1193.913876769917,
    "stick_C3_9_23": 1397.83144049551,
    "stick_H2_9_16": 700.8201506740126,
    "stick_C2H2_9_11": 759.0287044134103,
    "stick_C3H_9_19": 1542.4287866295722,
    "e_CH4_CH3Plus_H_cm3_2_1": 1.712349575633756e-11
  },
  "target_densities": {
    "H": 24525214469607.234,
    "CH": 35644659184.63519,
    "C2": 535392463043.7067
  },
  "all_densities": {
    "e": 2746776781.5534062,
    "Ar": 1.0260006290377222e+16,
    "CH4": 1810589345360686.2,
    "ArPlus": 211266852.31387195,
    "CH4Plus": 189824820.88764966,
    "CH3Plus": 87601243.73573913,
    "CH5Plus": 1645724385.139157,
    "ArHPlus": 99593475.27707125,
    "CH3Minus": 111253.25583094316,
    "H": 24525214469607.234,
    "C2": 535392463043.7067,
    "CH": 35644659184.63519,
    "H2": 23760346851914.824,
    "ArStar": 815821051.6293505,
    "C2H4": 667883635310.891,
    "C2H6": 10980014432520.342,
    "CH2": 3297646818225.4824,
    "C2H2": 12699893559110.691,
    "C2H5": 6540757867569.962,
    "CH3": 43835500955318.414,
    "C": 174827185283.3243,
    "H3Plus": 1132234917.1150768,
    "C2H3": 168255491654.11227,
    "C3H2": 45107553422.723854,
    "CHPlus": -216.57747551355496,
    "C3H": 19681648151.532642,
    "C4H2": 92843725.65548076,
    "C2H": 310336798424.4336,
    "C3H3": 339849060.87177134,
    "C3H4": 891979721.195851,
    "C3": 26767726367.99809,
    "C3H5": 23314308499.875256,
    "C4H": 135786332.11553246,
    "C3H6": 55300717319.37414,
    "CH2Plus": 135053.16617268862,
    "C2H5Plus": 74852201.25022346,
    "C2H4Plus": 30866.20255629945,
    "C2H3Plus": 20577.468370866303,
    "HMinus": 657356266.6053503,
    "C2HPlus": 386470.8278396268,
    "H2Plus": 116680439206.1872,
    "C2H2Star": 1153640994.173937
  }
}