{
  "pressure_mTorr": 500.0,
  "n_total": 1.2070595635737908e+16,
  "Te": 1.05713055770837,
  "Ne": 2438570966.660782,
  "E_field": 79.84980220331892,
  "n_i_total": 1998212304.8238952,
  "Ni_over_Ne": 0.8194193780466907,
  "charge_imbalance_pct": 18.05806219533093,
  "rate_values": {
    "loss_C2_11_3": 1105.2570333821168,
    "e_CH4_CH3_HMinus_cm3_8_1": 1.452961765123887e-13,
    "loss_C2H2Star_11_25": 5861.767085395622,
    "e_CH4Plus_CH2_H2_cm3_6_9": 3.7532001528557536e-07,
    "e_CH_CHPlus_2e_cm3_2_10": 1.4325728179345736e-12,
    "loss_C3H4_11_18": 1207.9505633279823,
    "e_CH4Plus_CH_H2_H_cm3_6_11": 2.8471435800986814e-07,
    "loss_C3_11_14": 270.8552198961504,
    "loss_CH_11_9": 9212.100997841582,
    "loss_C2H_11_12": 427.1694831230631,
    "ArStar_CH4_CH3_H_cm3_3_1": 2.2152924946968645e-10,
    "loss_C4H2_11_11": 380.4501164536796,
    "loss_C3H3_11_13": 507.28377474215415,
    "stick_ArStar_9_5": 428.02438249782705,
    "loss_C3H6_11_16": 369.3971798598145,
    "loss_C3H_11_10": 285.2248633412418,
    "e_CH4Plus_C_2H2_cm3_6_13": 7.449494223058675e-08,
    "loss_C4H_11_15": 697.1489237998461,
    "e_CH4Plus_CH3_H_cm3_6_4": 2.959515399598934e-07,
    "e_CH4_CH_H2_H_vib_cm3_1_3": 8.505896849368327e-11,
    "stick_C2_9_9": 2777.591927608871,
    "stick_CH_9_3": 5725.553215484768,
    "stick_H_9_1": 137.97845529195445,
    "stick_C_9_10": 3187.6409288845243,
    "loss_CH2_11_1": 3162.390211362439,
    "stick_CH3_9_2": 5080.083690102272,
    "e_Ar_ArStar_cm3_1_7": 1.319744897198744e-10,
    "e_C2H4_C2H2_H_H_cm3_1_17": 3.871200097269534e-11,
    "C_CH3_C2_H2_H_cm3_7_8": 1.1485975271881762e-10,
    "C2_H_CH_C_cm3_7_6": 1.1308541194305067e-10,
    "CH3_CH3_C2H2_H2_H2_cm3_7_49": 1.1524747075226829e-11,
    "CH2_H_CH_H2_cm3_7_1": 1.3390260367536179e-11,
    "C2H2_H_C2_H2_H_cm3_7_50": 9.226787072956209e-12,
    "CH3_C2H5_C2H2_CH3_H2_cm3_7_61": 9.528450204500795e-12,
    "e_CH4_CH3_H_cm3_1_1": 7.695333501988074e-11,
    "C2HPlus_e_C2_H_cm3_6_18": 2.0594180097992164e-07,
    "CH_CH4_C2H4_H_cm3_7_20": 6.53681631413537e-11,
    "e_C2H4_C2H2_H2_cm3_1_15": 9.263839347095943e-11,
    "e_CH4_CH2_H2_cm3_1_2": 4.436318538900235e-11,
    "C_CH_C2_H_cm3_7_4": 9.138154356140913e-11,
    "CH_CH4_CH2_CH3_cm3_7_39": 1.1246542094988806e-11,
    "CH2_CH3_C2H2_H_H2_cm3_7_62": 1.0700319679195249e-11,
    "C2H2_C_C2_CH2_cm3_7_19": 1.1567234330080935e-10,
    "CH_C_C2_H_cm3_7_9": 1.04981737321654e-10,
    "e_C2H4_C2H2_H2_cm3_1_6": 3.3863393118903485e-11,
    "CH_CH_C2_H2_cm3_5_4": 1.5519387795903376e-10,
    "CH2_C2H3_C2H2_CH3_cm3_7_53": 1.0837254199659086e-10,
    "C_H_CH_cm3_7_12": 1.0948339976989875e-10,
    "e_C2H2_C2_H2_cm3_1_16": 4.752323410919269e-11,
    "CH_H_C_H2_cm3_7_3": 1.0446064700439935e-10,
    "C2H_H_C2_H2_cm3_7_47": 9.895278228495185e-11,
    "CH2_CH2_C2H2_H2_cm3_7_15": 1.1226811971516391e-10,
    "CH_CH3_C2H4_cm3_7_5": 9.37776270944761e-11
  },
  "target_densities": {
    "H": 10778331266383.438,
    "CH": 3669449107.0249386,
    "C2": 19446809705.24455
  },
  "all_densities": {
    "e": 2438570966.660782,
    "Ar": 1.0260006290377222e+16,
    "CH4": 1810589345360686.2,
    "ArPlus": 266812521.21706802,
    "CH4Plus": 483107240.0211841,
    "CH3Plus": 142804981.12755418,
    "CH5Plus": 643894781.98011,
    "ArHPlus": 166812226.8520386,
    "CH3Minus": 27728.538145618844,
    "H": 10778331266383.438,
    "C2": 19446809705.24455,
    "CH": 3669449107.0249386,
    "H2": 31504410194596.746,
    "ArStar": 1463503185.2825313,
    "C2H4": 246212374460.07544,
    "C2H6": 1388142278063.5,
    "CH2": 379400940357.21826,
    "C2H2": 963735975981.1188,
    "C2H5": 129949757809.9657,
    "CH3": 11181839048092.645,
    "C": 12221359492.54662,
    "H3Plus": 9919.592018163203,
    "C2H3": 2132553601.0589435,
    "C3H2": 353508293.5779528,
    "CHPlus": 14.35428587993592,
    "C3H": 230294281.16690698,
    "C4H2": 51829.43874535057,
    "C2H": 261676726.413866,
    "C3H3": 445306.38816356,
    "C3H4": 40432471.27051772,
    "C3": 241909829.76918295,
    "C3H5": 47684402.27538856,
    "C4H": 66619.49049403425,
    "C3H6": 553201133.4904351,
    "CH2Plus": 61689.36860296543,
    "C2H5Plus": 294072752.0013551,
    "C2H4Plus": 14864.62055684895,
    "C2H3Plus": 9909.747037899302,
    "HMinus": 242865398.3362547,
    "C2HPlus": 40095.55552744326,
    "H2Plus": 571308.3865558382,
    "C2H2Star": 14436916.207064312
  }
}