{
  "pressure_mTorr": 500.0,
  "n_total": 1.2070595635737908e+16,
  "Te": 2.7299425532248716,
  "Ne": 1695907968.3746781,
  "E_field": 238.81638585786123,
  "n_i_total": 6397724217.630502,
  "Ni_over_Ne": 3.772447760689481,
  "charge_imbalance_pct": 277.2447760689481,
  "rate_values": {
    "loss_C2_11_3": 1174.2049856382432,
    "e_CH4_CH3_HMinus_cm3_8_1": 3.895919360334221e-13,
    "loss_C2H2Star_11_25": 7573.59976810274,
    "e_CH4Plus_CH2_H2_cm3_6_9": 1.7617829362048976e-06,
    "loss_C3H4_11_18": 164.00450180933467,
    "e_CH4Plus_CH_H2_H_cm3_6_11": 2.1092662266162614e-07,
    "stick_ArStar_9_5": 470.01945937280243,
    "loss_C3H_11_10": 567.5878156771762,
    "e_CH4Plus_C_2H2_cm3_6_13": 7.417895184380958e-08,
    "stick_H_9_1": 3783.9205112221707,
    "loss_C2H_11_12": 961.8497276712649,
    "loss_C4H2_11_11": 997.9114132017032,
    "ArStar_CH4_CH3_H_cm3_3_1": 2.3071131374656325e-10,
    "loss_C3H3_11_13": 451.518318584193,
    "loss_C3H6_11_16": 503.3775512637658,
    "loss_C3_11_14": 933.6805723292964,
    "loss_C4H_11_15": 221.77406071281786,
    "loss_CH_11_9": 2854.2895004344473,
    "e_CH4Plus_CH3_H_cm3_6_4": 5.667095034973774e-07,
    "e_CH4_CH_H2_H_vib_cm3_1_3": 6.319730136380817e-11,
    "stick_C_9_10": 3021.629481140786,
    "stick_C2_9_9": 3181.6328090445163,
    "stick_CH_9_3": 4604.0428026318805,
    "loss_CH2_11_1": 3867.822250542593,
    "stick_CH3_9_2": 5790.679119829985,
    "e_Ar_ArStar_cm3_1_7": 1.430895927222122e-10,
    "stick_C3H_9_19": 980.0072134210765,
    "stick_C2H4_9_12": 644.5330047161895,
    "stick_C2H6_9_14": 930.6106210899151,
    "stick_C4H2_9_20": 1909.5274665222414,
    "stick_H2_9_16": 341.67965848926855,
    "stick_C3H3_9_21": 1572.7937975981006,
    "stick_C3H4_9_22": 500.18910346798043,
    "stick_C3H6_9_25": 565.6884966538281,
    "stick_C2H2_9_11": 542.2459804257413,
    "stick_C4H_9_24": 1237.9623439817053,
    "stick_C2H5_9_17": 1731.0647836405562,
    "loss_C_11_8": 1701.8844152516144,
    "stick_C3_9_23": 797.4283829746108,
    "e_CH4_CH4Plus_cm3_2_2": 1.655974199908183e-11
  },
  "target_densities": {
    "H": 21830852095226.496,
    "CH": 14522618397.7454,
    "C2": 171130422731.67728
  },
  "all_densities": {
    "e": 1695907968.3746781,
    "Ar": 1.0260006290377222e+16,
    "CH4": 1810589345360686.2,
    "ArPlus": 179077186.41213313,
    "CH4Plus": 108239923.90014356,
    "CH3Plus": 79775587.86884949,
    "CH5Plus": 330241305.3219446,
    "ArHPlus": 79517909.41066965,
    "CH3Minus": 33986.690579636976,
    "H": 21830852095226.496,
    "C2": 171130422731.67728,
    "CH": 14522618397.7454,
    "H2": 103527535159645.31,
    "ArStar": 1080913052.8557336,
    "C2H4": 295969624061.42065,
    "C2H6": 4929973234194.049,
    "CH2": 1346545716705.4124,
    "C2H2": 4711202160562.079,
    "C2H5": 1146353796706.035,
    "CH3": 26614297538929.28,
    "C": 72907448882.89235,
    "H3Plus": 204037017.5365134,
    "C2H3": 58599549069.75242,
    "C3H2": 6831977297.328557,
    "CHPlus": -265.8515168851807,
    "C3H": 4416843279.913394,
    "C4H2": 2206207.3230209653,
    "C2H": 8853897864.800926,
    "C3H3": 42039904.944348745,
    "C3H4": 711852577.4349965,
    "C3": 4239450936.856065,
    "C3H5": 1664805873.8368351,
    "C4H": 6796994.229374297,
    "C3H6": 11820698422.850506,
    "CH2Plus": 40894.92397014149,
    "C2H5Plus": 55076076.51296336,
    "C2H4Plus": 6878.011898031838,
    "C2H3Plus": 4585.341265354558,
    "HMinus": 419696042.60143566,
    "C2HPlus": 72119.62299747411,
    "H2Plus": 5361634732.767154,
    "C2H2Star": 40343298.29343
  }
}