{
  "pressure_mTorr": 500.0,
  "n_total": 1.2070595635737908e+16,
  "Te": 2.8830955381472356,
  "Ne": 1760683291.106186,
  "E_field": 163.0076889152088,
  "n_i_total": 12486949846.817377,
  "Ni_over_Ne": 7.092104474378348,
  "charge_imbalance_pct": 609.2104474378348,
  "rate_values": {
    "loss_C2_11_3": 1767.0231508456477,
    "e_CH4_CH3_HMinus_cm3_8_1": 7.233575354117534e-13,
    "loss_C2H2Star_11_25": 2007.1065334334521,
    "e_CH4Plus_CH2_H2_cm3_6_9": 2.5987038342731105e-07,
    "loss_C3H4_11_18": 401.9979589341794,
    "e_CH4Plus_CH_H2_H_cm3_6_11": 1.99091600308709e-07,
    "stick_ArStar_9_5": 199.22954396082415,
    "loss_C4H_11_15": 858.6623208579202,
    "loss_C4H2_11_11": 952.4930931219011,
    "loss_C3H6_11_16": 852.6136758137048,
    "loss_CH_11_9": 9357.200372365249,
    "loss_C2H_11_12": 137.59077996660233,
    "e_CH4Plus_C_2H2_cm3_6_13": 7.60969439086932e-08,
    "ArStar_CH4_CH3_H_cm3_3_1": 2.2831839213028275e-10,
    "loss_C3H3_11_13": 134.92799945754712,
    "loss_C3H_11_10": 278.81144480581236,
    "stick_H_9_1": 3300.6336677008267,
    "loss_C3_11_14": 936.1595627045366,
    "e_CH4Plus_CH3_H_cm3_6_4": 3.248342342514817e-07,
    "e_CH4_CH_H2_H_vib_cm3_1_3": 8.764930890170496e-11,
    "stick_C2_9_9": 5190.798385063892,
    "stick_C_9_10": 4280.799862610685,
    "stick_CH_9_3": 2328.6860589742273,
    "loss_CH2_11_1": 5104.12717684827,
    "stick_CH3_9_2": 3761.954059421177,
    "e_Ar_ArStar_cm3_1_7": 1.3524807199929115e-10,
    "stick_C4H_9_24": 680.261406456767,
    "stick_C2H2_9_11": 1273.3491853374067,
    "stick_H2_9_16": 299.76387228324757,
    "stick_C2H4_9_12": 1157.8685880322969,
    "stick_C3_9_23": 621.1634528465358,
    "stick_C3H3_9_21": 1937.7628990720318,
    "stick_C4H2_9_20": 1202.7485554806767,
    "stick_C3H6_9_25": 700.1793340226377,
    "stick_C3H4_9_22": 630.890106710849,
    "stick_C3H_9_19": 1182.3279544083573,
    "stick_C2H5_9_17": 1362.6792875156807,
    "loss_C_11_8": 1705.5676806143233,
    "stick_C2H6_9_14": 535.5688823170842,
    "e_CH4_CH3Plus_H_cm3_2_1": 3.62843866019333e-11
  },
  "target_densities": {
    "H": 30237443951753.027,
    "CH": 17538524797.05304,
    "C2": 140412233320.09543
  },
  "all_densities": {
    "e": 1760683291.106186,
    "Ar": 1.0260006290377222e+16,
    "CH4": 1810589345360686.2,
    "ArPlus": 197114558.00406995,
    "CH4Plus": 197904851.45187557,
    "CH3Plus": 97281861.26777942,
    "CH5Plus": 904050580.6889157,
    "ArHPlus": 102323762.45610167,
    "CH3Minus": 59022.84209281973,
    "H": 30237443951753.027,
    "C2": 140412233320.09543,
    "CH": 17538524797.05304,
    "H2": 98271161233241.94,
    "ArStar": 1061936236.3436365,
    "C2H4": 294742908312.8589,
    "C2H6": 8869253574330.473,
    "CH2": 1544675520148.669,
    "C2H2": 4269491173518.0747,
    "C2H5": 1735239541854.5393,
    "CH3": 30415824917081.16,
    "C": 81559503731.14128,
    "H3Plus": 446643685.381152,
    "C2H3": 79755931265.23767,
    "C3H2": 7474947726.149408,
    "CHPlus": 150480.3940951122,
    "C3H": 5118663082.958519,
    "C4H2": 4165370.48021672,
    "C2H": 9874384272.554857,
    "C3H3": 67487215.73485824,
    "C3H4": 550523486.1310587,
    "C3": 5124551739.903107,
    "C3H5": 3043354173.3642793,
    "C4H": 8518911.868394287,
    "C3H6": 16942811609.074919,
    "CH2Plus": 83811.46958518935,
    "C2H5Plus": 98516430.92956385,
    "C2H4Plus": 10417.393884798923,
    "C2H3Plus": 6944.929256532613,
    "HMinus": 691606922.3908695,
    "C2HPlus": 99317.49869119216,
    "H2Plus": 10442763144.952406,
    "C2H2Star": 135536225.27905008
  }
}