{
  "pressure_mTorr": 500.0,
  "n_total": 1.2070595635737908e+16,
  "Te": 3.650477919355451,
  "Ne": 1648317725.476755,
  "E_field": 410.14161377603114,
  "n_i_total": 13762312423.303846,
  "Ni_over_Ne": 8.349308031206952,
  "charge_imbalance_pct": 734.9308031206953,
  "rate_values": {
    "loss_C2_11_3": 1710.0439864462583,
    "e_CH4_CH3_HMinus_cm3_8_1": 5.986076789245476e-13,
    "loss_C2H2Star_11_25": 5657.160026378711,
    "e_CH4Plus_CH2_H2_cm3_6_9": 2.4418864411618817e-06,
    "loss_C3H4_11_18": 1211.8464386942753,
    "e_CH4Plus_CH_H2_H_cm3_6_11": 1.1602312089754125e-07,
    "loss_C4H2_11_11": 856.5104982989478,
    "ArStar_CH4_CH3_H_cm3_3_1": 1.2071328375996855e-10,
    "e_CH4Plus_C_2H2_cm3_6_13": 9.684708533748306e-08,
    "stick_ArStar_9_5": 254.51306213004838,
    "stick_H_9_1": 3086.960321187311,
    "loss_C3H_11_10": 788.9050372749425,
    "loss_C4H_11_15": 252.94951595245215,
    "loss_C3_11_14": 376.3249737685884,
    "loss_C3H3_11_13": 919.1909552410872,
    "loss_C3H6_11_16": 678.0674801296432,
    "loss_C2H_11_12": 165.93085437410878,
    "loss_CH_11_9": 3174.876318215548,
    "e_CH4Plus_CH3_H_cm3_6_4": 6.108103982924594e-07,
    "e_CH4_CH_H2_H_vib_cm3_1_3": 3.1736766836617334e-11,
    "stick_C2_9_9": 4306.483023197404,
    "stick_C_9_10": 2385.5210945222743,
    "stick_CH_9_3": 6040.64216118977,
    "loss_CH2_11_1": 5413.673427265385,
    "stick_CH3_9_2": 5021.439505918131,
    "e_Ar_ArStar_cm3_1_7": 7.93737741378709e-11,
    "stick_C4H_9_24": 1998.5153270929536,
    "stick_C2H5_9_17": 1984.5396148208133,
    "stick_C2H6_9_14": 1072.441101080427,
    "stick_C3H4_9_22": 1875.0073307026244,
    "stick_H2_9_16": 385.69836410631035,
    "stick_C2H2_9_11": 1379.4769352188493,
    "stick_C2H4_9_12": 531.238502556004,
    "stick_C4H2_9_20": 908.1226467866277,
    "stick_C3_9_23": 766.2861902382749,
    "loss_C_11_8": 978.5423986891632,
    "stick_C3H3_9_21": 557.8431810739555,
    "stick_C3H_9_19": 1364.7712511004602,
    "stick_C3H6_9_25": 578.8665297678216,
    "e_CH4_CH4Plus_cm3_2_2": 2.9657070878749203e-11
  },
  "target_densities": {
    "H": 22925486480645.805,
    "CH": 11871564947.789246,
    "C2": 120000143840.67302
  },
  "all_densities": {
    "e": 1648317725.476755,
    "Ar": 1.0260006290377222e+16,
    "CH4": 1810589345360686.2,
    "ArPlus": 112977605.6510569,
    "CH4Plus": 48829697.52709808,
    "CH3Plus": 43228270.104356945,
    "CH5Plus": 228369325.03473544,
    "ArHPlus": 37390453.84240722,
    "CH3Minus": 21516.846020771653,
    "H": 22925486480645.805,
    "C2": 120000143840.67302,
    "CH": 11871564947.789246,
    "H2": 88597319082978.53,
    "ArStar": 638754679.7342098,
    "C2H4": 270086689408.35135,
    "C2H6": 5592191451038.751,
    "CH2": 1353906277200.1978,
    "C2H2": 3899606935572.91,
    "C2H5": 1167668752846.8484,
    "CH3": 29753773662389.473,
    "C": 71937834878.91072,
    "H3Plus": 313102837.2171417,
    "C2H3": 55818761966.40011,
    "C3H2": 4623954343.220205,
    "CHPlus": 92803.61392800524,
    "C3H": 2148369870.8013573,
    "C4H2": 1445315.2783693785,
    "C2H": 18523774619.61952,
    "C3H3": 44863963.64829624,
    "C3H4": 114258306.54162084,
    "C3": 4300992109.762479,
    "C3H5": 1386205543.692543,
    "C4H": 2438127.0918225828,
    "C3H6": 9071963459.567352,
    "CH2Plus": 12973.735305890305,
    "C2H5Plus": 17406583.82390962,
    "C2H4Plus": 3552.3610823001713,
    "C2H3Plus": 2368.2407215334474,
    "HMinus": 468990182.4010492,
    "C2HPlus": 33812.37111744832,
    "H2Plus": 12960862139.780985,
    "C2H2Star": 26418473.236815885
  }
}