{
  "pressure_mTorr": 500.0,
  "n_total": 1.2070595635737908e+16,
  "Te": 1.408240984825665,
  "Ne": 2238873628.698381,
  "E_field": 99.47125931310893,
  "n_i_total": 1185640156.9468052,
  "Ni_over_Ne": 0.5295699327326945,
  "charge_imbalance_pct": 47.04300672673055,
  "rate_values": {
    "loss_C2_11_3": 471.7740150074019,
    "e_CH4_CH3_HMinus_cm3_8_1": 1.2698451255904073e-13,
    "loss_C2H2Star_11_25": 4335.044306849055,
    "e_CH4Plus_CH2_H2_cm3_6_9": 2.1165241120639863e-06,
    "e_CH_CHPlus_2e_cm3_2_10": 1.0195577261987504e-11,
    "loss_C3H4_11_18": 750.9607384695846,
    "e_CH4Plus_CH_H2_H_cm3_6_11": 7.351102191879122e-07,
    "loss_C4H_11_15": 326.4563496261912,
    "stick_ArStar_9_5": 461.03199087940345,
    "loss_C3_11_14": 282.2181508793926,
    "loss_CH_11_9": 9939.306783452561,
    "loss_C3H3_11_13": 482.7309238840437,
    "ArStar_CH4_CH3_H_cm3_3_1": 1.9195166547154058e-10,
    "loss_C3H6_11_16": 476.3514972131081,
    "loss_C2H_11_12": 320.94803303923413,
    "e_CH4Plus_C_2H2_cm3_6_13": 1.8506746362147084e-08,
    "loss_C3H_11_10": 942.674218477977,
    "loss_C4H2_11_11": 883.5308381157647,
    "e_CH4Plus_CH3_H_cm3_6_4": 5.020307593357018e-07,
    "e_CH4_CH_H2_H_vib_cm3_1_3": 2.5289954892305515e-11,
    "stick_CH_9_3": 3704.577576527903,
    "stick_H_9_1": 388.1401022328397,
    "stick_C2_9_9": 1782.3810630970827,
    "stick_C_9_10": 6165.658752070893,
    "loss_CH2_11_1": 4420.352450591954,
    "stick_CH3_9_2": 4822.927227410568,
    "e_Ar_ArStar_cm3_1_7": 4.380840241938892e-11,
    "loss_C_11_8": 1001.2086476772955,
    "stick_H2_9_16": 555.5524852180512,
    "stick_C2H5_9_17": 1906.0640021394765,
    "stick_C3H4_9_22": 1534.2604703268112,
    "stick_C2H2_9_11": 1659.8862026088298,
    "stick_C2H6_9_14": 1168.4686203332308,
    "stick_C3H_9_19": 1636.0219215300383,
    "stick_C4H2_9_20": 1064.4498845449139,
    "stick_C4H_9_24": 522.8356412325902,
    "stick_C2H4_9_12": 1785.4076559645885,
    "stick_C3H3_9_21": 973.1592103381928,
    "stick_C3_9_23": 1606.1896963399731,
    "stick_C3H6_9_25": 574.3980812059351
  },
  "target_densities": {
    "H": 10317563119470.174,
    "CH": 2526935225.967402,
    "C2": 15639482358.043512
  },
  "all_densities": {
    "e": 2238873628.698381,
    "Ar": 1.0260006290377222e+16,
    "CH4": 1810589345360686.2,
    "ArPlus": 171426300.0510252,
    "CH4Plus": 287703274.3784116,
    "CH3Plus": 101037531.50384763,
    "CH5Plus": 338616978.4397332,
    "ArHPlus": 101079463.12683962,
    "CH3Minus": 29718.741145718664,
    "H": 10317563119470.174,
    "C2": 15639482358.043512,
    "CH": 2526935225.967402,
    "H2": 30754856711270.38,
    "ArStar": 456952514.58982146,
    "C2H4": 94717188165.37744,
    "C2H6": 740623663977.9657,
    "CH2": 309381793437.7606,
    "C2H2": 475755295774.42444,
    "C2H5": 109217548031.74808,
    "CH3": 11119321769524.188,
    "C": 6055754966.05502,
    "H3Plus": 293221.9985319991,
    "C2H3": 1479002807.7833445,
    "C3H2": 120189910.37146099,
    "CHPlus": 51.925295842942454,
    "C3H": 46616001.06998258,
    "C4H2": 6047.062675064884,
    "C2H": 183878630.53099766,
    "C3H3": 256705.10476320976,
    "C3H4": 11520924.89752048,
    "C3": 67847776.39493522,
    "C3H5": 27598566.94152109,
    "C4H": 35760.624330909326,
    "C3H6": 284076418.7333582,
    "CH2Plus": 28570.79167202365,
    "C2H5Plus": 167084358.94663826,
    "C2H4Plus": 6974.168495745574,
    "C2H3Plus": 4649.445663830383,
    "HMinus": 136851777.80766743,
    "C2HPlus": 23012.576398723853,
    "H2Plus": 18335769.59425157,
    "C2H2Star": 3008932.2739803386
  }
}