{
  "pressure_mTorr": 500.0,
  "n_total": 1.2070595635737908e+16,
  "Te": 2.3629198107316425,
  "Ne": 1829213580.5613666,
  "E_field": 196.59270798479554,
  "n_i_total": 2912207681.529052,
  "Ni_over_Ne": 1.5920544831267465,
  "charge_imbalance_pct": 59.205448312674655,
  "rate_values": {
    "loss_C2_11_3": 1538.0882384923252,
    "e_CH4_CH3_HMinus_cm3_8_1": 7.91671132221851e-13,
    "loss_C2H2Star_11_25": 1866.087524177255,
    "e_CH4Plus_CH2_H2_cm3_6_9": 1.6214089547026468e-06,
    "loss_C3H4_11_18": 759.3631447065723,
    "e_CH4Plus_CH_H2_H_cm3_6_11": 4.1925737359223973e-07,
    "ArStar_CH4_CH3_H_cm3_3_1": 2.1988681233829733e-10,
    "stick_ArStar_9_5": 609.1166160458395,
    "loss_C3H6_11_16": 360.14571367996496,
    "loss_C3H_11_10": 819.6282044001221,
    "loss_CH_11_9": 7884.216812916213,
    "loss_C4H_11_15": 875.0148814626803,
    "e_CH4Plus_C_2H2_cm3_6_13": 4.9666519233932646e-08,
    "loss_C2H_11_12": 195.20449612102766,
    "loss_C3H3_11_13": 191.59604507293335,
    "loss_C3_11_14": 992.036555411797,
    "loss_C4H2_11_11": 243.2633226907464,
    "stick_H_9_1": 3128.7196721970186,
    "e_CH4Plus_CH3_H_cm3_6_4": 6.652966764706961e-07,
    "e_CH4_CH_H2_H_vib_cm3_1_3": 2.723342356724366e-11,
    "stick_C2_9_9": 5961.479888577322,
    "stick_CH_9_3": 4110.2807467439725,
    "stick_C_9_10": 4379.140803375741,
    "loss_CH2_11_1": 4110.668931772551,
    "stick_CH3_9_2": 5443.8612035836695,
    "e_Ar_ArStar_cm3_1_7": 7.076997598765484e-11,
    "stick_C3H4_9_22": 1065.7360494780758,
    "stick_H2_9_16": 852.1673310479289,
    "stick_C2H2_9_11": 1255.8860736338447,
    "stick_C3H_9_19": 1286.9506627250923,
    "stick_C3H6_9_25": 865.2027468440057,
    "stick_C2H4_9_12": 655.5448021474355,
    "stick_C4H2_9_20": 1305.251623542271,
    "stick_C3H3_9_21": 1574.4296050518528,
    "stick_C3_9_23": 1682.9124665278646,
    "stick_C2H5_9_17": 899.201695784313,
    "stick_C2H6_9_14": 992.7203990056165,
    "stick_C4H_9_24": 1494.7165413526877,
    "loss_C_11_8": 1427.724813921521,
    "e_CH4_CH3Plus_H_cm3_2_1": 1.3988150059843359e-11
  },
  "target_densities": {
    "H": 30726130596851.652,
    "CH": 13152462319.817984,
    "C2": 97250067340.4707
  },
  "all_densities": {
    "e": 1829213580.5613666,
    "Ar": 1.0260006290377222e+16,
    "CH4": 1810589345360686.2,
    "ArPlus": 144643073.82041168,
    "CH4Plus": 127686537.67421435,
    "CH3Plus": 57432101.240464695,
    "CH5Plus": 203617086.02398482,
    "ArHPlus": 69014983.29385054,
    "CH3Minus": 43678.018272263704,
    "H": 30726130596851.652,
    "C2": 97250067340.4707,
    "CH": 13152462319.817984,
    "H2": 83286871788490.27,
    "ArStar": 582780385.7339882,
    "C2H4": 287785394276.30396,
    "C2H6": 4553823855773.012,
    "CH2": 1231613897620.5664,
    "C2H2": 3140317436483.8457,
    "C2H5": 1539245850953.0935,
    "CH3": 26112619252654.62,
    "C": 66672762352.029,
    "H3Plus": 73496602.6687853,
    "C2H3": 17144578512.431517,
    "C3H2": 4124865461.8060474,
    "CHPlus": 39073.80338209692,
    "C3H": 1959439352.0004177,
    "C4H2": 1664268.8730804175,
    "C2H": 3990991176.0836797,
    "C3H3": 12768411.53796285,
    "C3H4": 228129803.74551186,
    "C3": 1639697133.9815376,
    "C3H5": 2024487305.5596733,
    "C4H": 2289379.1692337953,
    "C3H6": 9658635531.069317,
    "CH2Plus": 32711.788724478236,
    "C2H5Plus": 48182245.9719537,
    "C2H4Plus": 8762.38857677292,
    "C2H3Plus": 5841.592384515281,
    "HMinus": 657420183.0057523,
    "C2HPlus": 62959.66589798277,
    "H2Plus": 2187985701.596421,
    "C2H2Star": 58843394.53267958
  }
}