{
  "pressure_mTorr": 500.0,
  "n_total": 1.2070595635737908e+16,
  "Te": 1.1355273312581626,
  "Ne": 2202766266.2684584,
  "E_field": 433.72290847649083,
  "n_i_total": 531987839.28783876,
  "Ni_over_Ne": 0.241508982334762,
  "charge_imbalance_pct": 75.8491017665238,
  "rate_values": {
    "loss_C2_11_3": 1474.8682502098816,
    "e_CH4_CH3_HMinus_cm3_8_1": 4.834933051124381e-13,
    "loss_C2H2Star_11_25": 546.8621312932255,
    "e_CH4Plus_CH2_H2_cm3_6_9": 4.6214666232571345e-07,
    "e_CH_CHPlus_2e_cm3_2_10": 1.2738271013285058e-11,
    "loss_C3H4_11_18": 1143.7624156883705,
    "e_CH4Plus_CH_H2_H_cm3_6_11": 2.999047843336133e-07,
    "loss_C3H_11_10": 339.20692656833444,
    "stick_ArStar_9_5": 113.14090382913946,
    "loss_C3_11_14": 957.2922914784003,
    "ArStar_CH4_CH3_H_cm3_3_1": 2.1106076710160252e-10,
    "loss_C4H_11_15": 548.4187347922124,
    "loss_C3H3_11_13": 649.9716053947523,
    "loss_C3H6_11_16": 874.0958548009396,
    "loss_C4H2_11_11": 458.01531332328506,
    "e_CH4Plus_C_2H2_cm3_6_13": 6.239109455109482e-08,
    "loss_C2H_11_12": 649.0153649376689,
    "loss_CH_11_9": 6201.064262488346,
    "e_CH4Plus_CH3_H_cm3_6_4": 4.863978071056918e-07,
    "e_CH4_CH_H2_H_vib_cm3_1_3": 4.675422019484906e-11,
    "stick_C_9_10": 4864.578146344563,
    "stick_C2_9_9": 5754.54456790651,
    "stick_H_9_1": 149.63422071380074,
    "stick_CH_9_3": 4557.1643913261805,
    "loss_CH2_11_1": 5861.96834575852,
    "stick_CH3_9_2": 5570.704000229005,
    "e_Ar_ArStar_cm3_1_7": 1.6711263960906263e-10,
    "stick_C3H3_9_21": 1353.970124112519,
    "stick_H2_9_16": 716.7687213949009,
    "stick_C4H_9_24": 1320.6234421477939,
    "stick_C2H6_9_14": 726.7756229459111,
    "stick_C3H6_9_25": 967.9588770159935,
    "stick_C2H2_9_11": 1769.6914632503199,
    "stick_C2H5_9_17": 1394.4050102523463,
    "stick_C2H4_9_12": 1979.5418032768227,
    "stick_C3H4_9_22": 1854.5089553355738,
    "stick_C3_9_23": 1577.2673592188873,
    "stick_C4H2_9_20": 1920.6778161715124,
    "stick_C3H_9_19": 1166.458091675038,
    "loss_C_11_8": 1257.535865564684
  },
  "target_densities": {
    "H": 42928950658679.24,
    "CH": 12258236385.46111,
    "C2": 166464026486.4591
  },
  "all_densities": {
    "e": 2202766266.2684584,
    "Ar": 1.0260006290377222e+16,
    "CH4": 1810589345360686.2,
    "ArPlus": 210861055.8826268,
    "CH4Plus": 90684416.39630485,
    "CH3Plus": 75024422.88781767,
    "CH5Plus": 56097253.34315616,
    "ArHPlus": 69513675.60490678,
    "CH3Minus": 15433.199431539642,
    "H": 42928950658679.24,
    "C2": 166464026486.4591,
    "CH": 12258236385.46111,
    "H2": 127058689350855.88,
    "ArStar": 1655778582.1866252,
    "C2H4": 502128572313.0896,
    "C2H6": 9263437856858.428,
    "CH2": 1589449795738.9844,
    "C2H2": 4214011977254.2886,
    "C2H5": 1903137431443.901,
    "CH3": 33738595399818.652,
    "C": 110487052457.92036,
    "H3Plus": 37065.703705214335,
    "C2H3": 19811364981.04711,
    "C3H2": 5159311089.3428135,
    "CHPlus": 71.28910925316421,
    "C3H": 3428009084.1772647,
    "C4H2": 1766572.7942922057,
    "C2H": 1097275241.3580396,
    "C3H3": 12118735.364427697,
    "C3H4": 225821180.64004552,
    "C3": 2199098597.0958204,
    "C3H5": 2332910850.865862,
    "C4H": 3383768.2048908155,
    "C3H6": 10546790383.069069,
    "CH2Plus": 24996.518671349393,
    "C2H5Plus": 28573060.70121489,
    "C2H4Plus": 8345.670137805126,
    "C2H3Plus": 5563.780091870085,
    "HMinus": 942362552.9027315,
    "C2HPlus": 46174.022306457584,
    "H2Plus": 1111737.4877896884,
    "C2H2Star": 765546236.7286427
  }
}