{
  "pressure_mTorr": 500.0,
  "n_total": 1.2070595635737908e+16,
  "Te": 1.1813389965093188,
  "Ne": 1695907968.3746781,
  "E_field": 238.81638585786123,
  "n_i_total": 610616486.1627004,
  "Ni_over_Ne": 0.3600528434027597,
  "charge_imbalance_pct": 63.99471565972402,
  "rate_values": {
    "loss_C2_11_3": 1174.2049856382432,
    "e_CH4_CH3_HMinus_cm3_8_1": 3.895919360334221e-13,
    "loss_C2H2Star_11_25": 7573.59976810274,
    "e_CH4Plus_CH2_H2_cm3_6_9": 1.7617829362048976e-06,
    "loss_C3H4_11_18": 164.00450180933467,
    "e_CH4Plus_CH_H2_H_cm3_6_11": 2.1092662266162614e-07,
    "loss_C4H_11_15": 658.2905593456617,
    "stick_ArStar_9_5": 405.2577003935038,
    "loss_C4H2_11_11": 741.7895184380958,
    "loss_C2H_11_12": 972.7302085404037,
    "loss_C3H3_11_13": 961.8497276712649,
    "e_CH4Plus_C_2H2_cm3_6_13": 9.979114132017032e-08,
    "loss_C3H6_11_16": 461.42262749312647,
    "loss_CH_11_9": 4515.18318584193,
    "ArStar_CH4_CH3_H_cm3_3_1": 2.516887756318829e-10,
    "stick_H_9_1": 3632.0174263609624,
    "loss_C3_11_14": 221.77406071281786,
    "loss_C3H_11_10": 285.42895004344473,
    "e_CH4Plus_CH3_H_cm3_6_4": 5.667095034973774e-07,
    "e_CH4_CH_H2_H_vib_cm3_1_3": 6.319730136380817e-11,
    "stick_C2_9_9": 3021.629481140786,
    "stick_CH_9_3": 3181.6328090445163,
    "stick_C_9_10": 4604.0428026318805,
    "loss_CH2_11_1": 3867.822250542593,
    "stick_CH3_9_2": 5790.679119829985,
    "e_Ar_ArStar_cm3_1_7": 1.430895927222122e-10,
    "stick_C2H4_9_12": 980.0072134210765,
    "stick_C3H4_9_22": 644.5330047161895,
    "stick_C3H_9_19": 1163.2632763623938,
    "stick_C3H3_9_21": 1909.5274665222414,
    "stick_C4H2_9_20": 683.3593169785371,
    "stick_C3_9_23": 1572.7937975981006,
    "stick_C2H2_9_11": 500.18910346798043,
    "stick_C2H5_9_17": 565.6884966538281,
    "stick_C4H_9_24": 542.2459804257413,
    "loss_C_11_8": 1237.9623439817053,
    "stick_C3H6_9_25": 1731.0647836405562,
    "stick_C2H6_9_14": 1361.5075322012917,
    "stick_H2_9_16": 398.7141914873054,
    "e_CH4_CH4Plus_cm3_2_2": 1.655974199908183e-11
  },
  "target_densities": {
    "H": 29342690848414.6,
    "CH": 17488181680.897873,
    "C2": 174327480061.32068
  },
  "all_densities": {
    "e": 1695907968.3746781,
    "Ar": 1.0260006290377222e+16,
    "CH4": 1810589345360686.2,
    "ArPlus": 177624569.2312683,
    "CH4Plus": 107322286.38440786,
    "CH3Plus": 79114725.46682192,
    "CH5Plus": 111030437.25409575,
    "ArHPlus": 78780345.01032344,
    "CH3Minus": 16428.65888566647,
    "H": 29342690848414.6,
    "C2": 174327480061.32068,
    "CH": 17488181680.897873,
    "H2": 96239391679812.06,
    "ArStar": 1064455802.7530987,
    "C2H4": 303421460016.4763,
    "C2H6": 3179712891878.6274,
    "CH2": 1152784221894.8516,
    "C2H2": 3978869983027.643,
    "C2H5": 1690631205919.7158,
    "CH3": 24346891387329.902,
    "C": 82409429168.63014,
    "H3Plus": 70649.94481999989,
    "C2H3": 20966865845.33229,
    "C3H2": 6946172522.080545,
    "CHPlus": 310.38405838763083,
    "C3H": 4797382245.087993,
    "C4H2": 5886928.453355937,
    "C2H": 1845084150.6034517,
    "C3H3": 12769912.637171725,
    "C3H4": 721910676.1786702,
    "C3": 4217201488.5890903,
    "C3H5": 2956606568.4519453,
    "C4H": 10118469.786528587,
    "C3H6": 5994184799.958804,
    "CH2Plus": 34720.31352416465,
    "C2H5Plus": 54570327.809377916,
    "C2H4Plus": 7051.071788870123,
    "C2H3Plus": 4700.714525913416,
    "HMinus": 482125188.2543352,
    "C2HPlus": 60905.11327300381,
    "H2Plus": 1995457.4644148536,
    "C2H2Star": 33553380.465164635
  }
}