{
  "pressure_mTorr": 500.0,
  "n_total": 1.2070595635737908e+16,
  "Te": 3.3750572836359947,
  "Ne": 1873853064.0715466,
  "E_field": 407.43728010335735,
  "n_i_total": 8663289028.127737,
  "Ni_over_Ne": 4.623248852449489,
  "charge_imbalance_pct": 362.324885244949,
  "rate_values": {
    "loss_C2_11_3": 849.8620896694164,
    "e_CH4_CH3_HMinus_cm3_8_1": 5.781376936179467e-13,
    "loss_C2H2Star_11_25": 8339.446898848933,
    "e_CH4Plus_CH2_H2_cm3_6_9": 1.5807134218942784e-06,
    "loss_C3H4_11_18": 472.3723760113015,
    "e_CH4Plus_CH_H2_H_cm3_6_11": 7.525367482124758e-07,
    "ArStar_CH4_CH3_H_cm3_3_1": 2.1006708916416686e-10,
    "stick_ArStar_9_5": 122.45518875636805,
    "loss_C3H6_11_16": 478.2715994823702,
    "loss_C3H_11_10": 935.105757661704,
    "loss_CH_11_9": 2203.687522967222,
    "loss_C4H_11_15": 406.60879175151524,
    "e_CH4Plus_C_2H2_cm3_6_13": 6.42980129677271e-08,
    "loss_C2H_11_12": 934.3133348658233,
    "loss_C3H3_11_13": 700.5063328192629,
    "loss_C3_11_14": 330.5059774918343,
    "loss_C4H2_11_11": 150.4956922597391,
    "stick_H_9_1": 3557.308820368159,
    "e_CH4Plus_CH3_H_cm3_6_4": 6.465177193918206e-07,
    "e_CH4_CH_H2_H_vib_cm3_1_3": 5.885230221720586e-11,
    "stick_C2_9_9": 4759.766357124643,
    "stick_CH_9_3": 5864.628339903005,
    "stick_C_9_10": 3878.098844108158,
    "loss_CH2_11_1": 1498.464240753719,
    "stick_CH3_9_2": 3616.5443593469017,
    "e_Ar_ArStar_cm3_1_7": 7.995797149978488e-11,
    "stick_C3H4_9_22": 1317.4010274575319,
    "stick_H2_9_16": 881.3328223922641,
    "stick_C2H2_9_11": 1621.5635873941583,
    "stick_C3H_9_19": 868.0820780493057,
    "stick_C3H6_9_25": 1256.22543270636,
    "stick_C2H4_9_12": 635.1382883537017,
    "stick_C4H2_9_20": 1954.0002804658939,
    "stick_C3H3_9_21": 1828.1759054877282,
    "stick_C3_9_23": 720.6269615628453,
    "stick_C2H5_9_17": 1691.7124915375825,
    "stick_C2H6_9_14": 742.926057686633,
    "stick_C4H_9_24": 1161.0893482631686,
    "loss_C_11_8": 1932.583455362851,
    "e_CH4_CH3Plus_H_cm3_2_1": 1.7281715246326372e-11
  },
  "target_densities": {
    "H": 29590136863031.57,
    "CH": 19674799575.355656,
    "C2": 151356469100.29544
  },
  "all_densities": {
    "e": 1873853064.0715466,
    "Ar": 1.0260006290377222e+16,
    "CH4": 1810589345360686.2,
    "ArPlus": 125132473.87070207,
    "CH4Plus": 59581738.816161074,
    "CH3Plus": 39329434.21087957,
    "CH5Plus": 131526303.46639712,
    "ArHPlus": 41353510.119013965,
    "CH3Minus": 25184.903829201787,
    "H": 29590136863031.57,
    "C2": 151356469100.29544,
    "CH": 19674799575.355656,
    "H2": 70470208460517.47,
    "ArStar": 680266890.6250476,
    "C2H4": 513370855852.682,
    "C2H6": 7385524568786.241,
    "CH2": 1970438788684.1748,
    "C2H2": 3925765416413.3745,
    "C2H5": 1923144867787.97,
    "CH3": 30432895253906.785,
    "C": 96507522163.40642,
    "H3Plus": 156408387.83090922,
    "C2H3": 29655466489.93349,
    "C3H2": 7708698065.836351,
    "CHPlus": 133412.0057845917,
    "C3H": 4278781281.442821,
    "C4H2": 4000205.5233272803,
    "C2H": 11653597607.6511,
    "C3H3": 23073890.054835852,
    "C3H4": 620777778.0622733,
    "C3": 7914742374.126255,
    "C3H5": 3783748982.810217,
    "C4H": 9674508.475900942,
    "C3H6": 15253777036.850557,
    "CH2Plus": 17292.6795495067,
    "C2H5Plus": 15972561.065124001,
    "C2H4Plus": 7726.935916687403,
    "C2H3Plus": 5151.290611124938,
    "HMinus": 547934075.1474793,
    "C2HPlus": 38952.86009239723,
    "H2Plus": 8093782082.976596,
    "C2H2Star": 19213995.35632619
  }
}