{
  "pressure_mTorr": 500.0,
  "n_total": 1.2070595635737908e+16,
  "Te": 3.559441965063675,
  "Ne": 2659340381.92488,
  "E_field": 323.5666838293272,
  "n_i_total": 17613887719.82269,
  "Ni_over_Ne": 6.6234047508703755,
  "charge_imbalance_pct": 562.3404750870376,
  "rate_values": {
    "loss_C2_11_3": 557.9310290569067,
    "e_CH4_CH3_HMinus_cm3_8_1": 5.637704130960519e-13,
    "loss_C2H2Star_11_25": 246.53208531944256,
    "e_CH4Plus_CH2_H2_cm3_6_9": 4.3973471754247065e-07,
    "loss_C3H4_11_18": 855.6500129243457,
    "e_CH4Plus_CH_H2_H_cm3_6_11": 9.010097091904487e-07,
    "ArStar_CH4_CH3_H_cm3_3_1": 3.6841794614359245e-10,
    "stick_ArStar_9_5": 318.5075821376229,
    "loss_C3H6_11_16": 778.10825207251,
    "loss_C3H_11_10": 215.55407218010868,
    "loss_CH_11_9": 4314.0718867562255,
    "loss_C4H_11_15": 102.7870348467635,
    "e_CH4Plus_C_2H2_cm3_6_13": 7.20320769984493e-08,
    "loss_C2H_11_12": 840.6855310735125,
    "loss_C3H3_11_13": 856.4779117009131,
    "loss_C3_11_14": 465.7992621020397,
    "loss_C4H2_11_11": 207.6207101770956,
    "stick_H_9_1": 3758.6435893710827,
    "e_CH4Plus_CH3_H_cm3_6_4": 5.000471277749016e-07,
    "e_CH4_CH_H2_H_vib_cm3_1_3": 5.360182575116863e-11,
    "stick_C2_9_9": 5908.278346060997,
    "stick_CH_9_3": 4867.854815422339,
    "stick_C_9_10": 3425.5760541316977,
    "loss_CH2_11_1": 5869.947176046335,
    "stick_CH3_9_2": 3505.8017936669653,
    "e_Ar_ArStar_cm3_1_7": 1.359076564152866e-10,
    "stick_C3H4_9_22": 646.1606863036466,
    "stick_H2_9_16": 873.1838581169987,
    "stick_C2H2_9_11": 1428.252476188769,
    "stick_C3H_9_19": 1417.2611564626432,
    "stick_C3H6_9_25": 911.5224915739691,
    "stick_C2H4_9_12": 1441.9621566090586,
    "stick_C4H2_9_20": 1509.6873480181616,
    "stick_C3H3_9_21": 1992.5140674363643,
    "stick_C3_9_23": 1931.1352603759942,
    "stick_C2H5_9_17": 1222.0078798169702,
    "stick_C2H6_9_14": 1489.7989751274686,
    "stick_C4H_9_24": 1537.3075852002116,
    "loss_C_11_8": 689.7932701712475,
    "e_CH4_CH3Plus_H_cm3_2_1": 1.5590499593276798e-11
  },
  "target_densities": {
    "H": 29242319681108.7,
    "CH": 18261318741.769794,
    "C2": 140571544446.98068
  },
  "all_densities": {
    "e": 2659340381.92488,
    "Ar": 1.0260006290377222e+16,
    "CH4": 1810589345360686.2,
    "ArPlus": 235491715.3628571,
    "CH4Plus": 131478192.00497931,
    "CH3Plus": 80475706.5798412,
    "CH5Plus": 338432002.876715,
    "ArHPlus": 88695348.7429574,
    "CH3Minus": 45619.13317336665,
    "H": 29242319681108.7,
    "C2": 140571544446.98068,
    "CH": 18261318741.769794,
    "H2": 61526785839687.53,
    "ArStar": 1457664049.522317,
    "C2H4": 284261940011.56586,
    "C2H6": 4746321029128.293,
    "CH2": 1330286263643.8132,
    "C2H2": 4070242726085.4175,
    "C2H5": 1630887231777.795,
    "CH3": 30855865655322.57,
    "C": 86448445109.54483,
    "H3Plus": 317143154.6348518,
    "C2H3": 28953996320.281036,
    "C3H2": 7419251446.193155,
    "CHPlus": 267474.29949120566,
    "C3H": 4547052434.419669,
    "C4H2": 4835193.863105767,
    "C2H": 19058240825.377968,
    "C3H3": 18558780.071146168,
    "C3H4": 380214209.7476625,
    "C3": 3315152858.3936267,
    "C3H5": 2978215157.137691,
    "C4H": 8260823.115216925,
    "C3H6": 10193979323.77888,
    "CH2Plus": 30080.740142981125,
    "C2H5Plus": 41032293.61194738,
    "C2H4Plus": 7645.323746028176,
    "C2H3Plus": 5096.882497352119,
    "HMinus": 864944257.8549806,
    "C2HPlus": 72147.23104779661,
    "H2Plus": 16380756861.531616,
    "C2H2Star": 1443961297.035243
  }
}