{
  "pressure_mTorr": 500.0,
  "n_total": 1.2070595635737908e+16,
  "Te": 6.734218483191043,
  "Ne": 2746776781.5534062,
  "E_field": 194.46974875644491,
  "n_i_total": 143185018157.02908,
  "Ni_over_Ne": 52.12837792958645,
  "charge_imbalance_pct": 5112.837792958645,
  "rate_values": {
    "loss_C2_11_3": 131.52674077842698,
    "e_CH4_CH3_HMinus_cm3_8_1": 5.365679127504031e-13,
    "loss_C2H2Star_11_25": 538.8595189299785,
    "e_CH4Plus_CH2_H2_cm3_6_9": 1.3031407862550774e-06,
    "loss_C3H4_11_18": 1063.3951185137312,
    "e_CH4Plus_CH_H2_H_cm3_6_11": 9.129451031212199e-07,
    "stick_ArStar_9_5": 474.5151084802063,
    "stick_H_9_1": 624.994441045907,
    "e_CH4Plus_C_2H2_cm3_6_13": 5.997182268345417e-08,
    "loss_C3_11_14": 211.36115260520444,
    "loss_C4H2_11_11": 344.0679073556761,
    "loss_C2H_11_12": 148.19502359363372,
    "loss_C3H_11_10": 777.9358284468854,
    "loss_C3H3_11_13": 754.034540400763,
    "loss_C3H6_11_16": 482.3061689304003,
    "loss_C4H_11_15": 471.068833101579,
    "loss_CH_11_9": 8127.45846895084,
    "ArStar_CH4_CH3_H_cm3_3_1": 2.1795546746153712e-10,
    "e_CH4Plus_CH3_H_cm3_6_4": 1.5398113831965118e-07,
    "e_CH4_CH_H2_H_vib_cm3_1_3": 8.673035375859063e-11,
    "stick_C_9_10": 1564.2527860819941,
    "stick_CH_9_3": 2711.4718641630297,
    "stick_C2_9_9": 5409.328434093563,
    "loss_CH2_11_1": 1250.7106245065488,
    "stick_CH3_9_2": 1637.1281329495603,
    "e_Ar_ArStar_cm3_1_7": 6.691712467242101e-11,
    "stick_C4H2_9_20": 1797.7585147064447,
    "stick_C3_9_23": 1859.4536797083874,
    "stick_H2_9_16": 297.47646006921775,
    "stick_C2H2_9_11": 986.7916186643924,
    "stick_C2H6_9_14": 1497.959094899271,
    "loss_C_11_8": 1098.6427709917693,
    "stick_C3H_9_19": 864.6611601826629,
    "stick_C2H4_9_12": 972.7369398579596,
    "stick_C3H6_9_25": 1492.3923459623961,
    "stick_C3H4_9_22": 1397.83144049551,
    "stick_C2H5_9_17": 1401.640301348025,
    "stick_C3H3_9_21": 759.0287044134103,
    "stick_C4H_9_24": 1542.4287866295722,
    "e_CH4_CH4Plus_cm3_2_2": 1.712349575633756e-11
  },
  "target_densities": {
    "H": 28238521660308.133,
    "CH": 40650988049.597595,
    "C2": 625582099743.389
  },
  "all_densities": {
    "e": 2746776781.5534062,
    "Ar": 1.0260006290377222e+16,
    "CH4": 1810589345360686.2,
    "ArPlus": 212563291.3048564,
    "CH4Plus": 152872176.19333884,
    "CH3Plus": 106881896.6894998,
    "CH5Plus": 2280764197.662718,
    "ArHPlus": 100379199.82097133,
    "CH3Minus": 121461.90733782678,
    "H": 28238521660308.133,
    "C2": 625582099743.389,
    "CH": 40650988049.597595,
    "H2": 28346177627203.918,
    "ArStar": 829464980.575503,
    "C2H4": 1049614262080.8796,
    "C2H6": 11148563606544.762,
    "CH2": 3718388299566.3164,
    "C2H2": 13402430836116.412,
    "C2H5": 6074378972772.007,
    "CH3": 47862260573018.53,
    "C": 249102382966.6331,
    "H3Plus": 1603894984.7801778,
    "C2H3": 256510623180.88284,
    "C3H2": 54261626701.59284,
    "CHPlus": 5755144.469134508,
    "C3H": 33086451671.657597,
    "C4H2": 62796729.82151359,
    "C2H": 310427182691.13403,
    "C3H3": 689158917.3988258,
    "C3H4": 1906961483.7036428,
    "C3": 28765638886.71922,
    "C3H5": 24692950703.08818,
    "C4H": 109550104.10653977,
    "C3H6": 54844786159.285576,
    "CH2Plus": 185801.51442037593,
    "C2H5Plus": 91651039.60353449,
    "C2H4Plus": 48507.86081064639,
    "C2H3Plus": 32338.57387376425,
    "HMinus": 673497967.8189721,
    "C2HPlus": 407849.7600148356,
    "H2Plus": 138629581728.79575,
    "C2H2Star": 1237819503.1482837
  }
}