{
  "pressure_mTorr": 500.0,
  "n_total": 1.2070595635737908e+16,
  "Te": 1.002889546658626,
  "Ne": 2219418949.0830245,
  "E_field": 24.219352554209507,
  "n_i_total": 3988813078.5332437,
  "Ni_over_Ne": 1.7972330461453716,
  "charge_imbalance_pct": 79.72330461453717,
  "rate_values": {
    "loss_C2_11_3": 442.3382463254658,
    "e_CH4_CH3_HMinus_cm3_8_1": 2.8046602763528065e-13,
    "loss_C2H2Star_11_25": 1083.1111593300557,
    "e_CH4Plus_CH2_H2_cm3_6_9": 5.555183015120825e-07,
    "e_CH_CHPlus_2e_cm3_2_10": 1.2536458619435342e-11,
    "loss_C3H4_11_18": 991.7905852888108,
    "e_CH4Plus_CH_H2_H_cm3_6_11": 3.791250097939258e-07,
    "loss_C3H_11_10": 312.66741134486705,
    "loss_C3_11_14": 682.7388457978169,
    "e_CH4Plus_C_2H2_cm3_6_13": 7.445966291356116e-08,
    "loss_C4H2_11_11": 762.6524142695935,
    "loss_C3H6_11_16": 332.5864317525754,
    "stick_ArStar_9_5": 351.4711148878035,
    "loss_C3H3_11_13": 500.9936379425815,
    "loss_C2H_11_12": 585.570572559142,
    "ArStar_CH4_CH3_H_cm3_3_1": 4.010587596687498e-10,
    "loss_CH_11_9": 8536.791700875388,
    "loss_C4H_11_15": 795.9373149760818,
    "e_CH4Plus_CH3_H_cm3_6_4": 1.3056043630045002e-07,
    "e_CH4_CH_H2_H_vib_cm3_1_3": 2.289089086281333e-11,
    "stick_CH_9_3": 1461.8555528807283,
    "stick_H_9_1": 131.41516189007748,
    "stick_C2_9_9": 5006.959820133772,
    "stick_C_9_10": 4480.939104336433,
    "loss_CH2_11_1": 2677.5956238287877,
    "stick_CH3_9_2": 4663.959420106761,
    "e_Ar_ArStar_cm3_1_7": 1.3250794363739301e-10,
    "stick_C4H_9_24": 1318.0320622607578,
    "stick_C2H4_9_12": 555.5580110321165,
    "stick_C3H4_9_22": 1687.1684469455788,
    "stick_H2_9_16": 264.63096163697827,
    "stick_C2H6_9_14": 888.074380077165,
    "stick_C2H2_9_11": 903.6118818558549,
    "stick_C3H_9_19": 652.6522202835633,
    "stick_C3H3_9_21": 851.0152418611879,
    "stick_C3_9_23": 1065.4413947750043,
    "stick_C3H6_9_25": 1695.1803312749319,
    "stick_C2H5_9_17": 1035.8043222489841,
    "loss_C_11_8": 1767.4274163517616,
    "stick_C4H2_9_20": 822.9570721288108
  },
  "target_densities": {
    "H": 14519690498617.572,
    "CH": 2031117595.670402,
    "C2": 27795245406.38395
  },
  "all_densities": {
    "e": 2219418949.0830245,
    "Ar": 1.0260006290377222e+16,
    "CH4": 1810589345360686.2,
    "ArPlus": 187708739.79607186,
    "CH4Plus": 1068091301.8743204,
    "CH3Plus": 113752214.1464158,
    "CH5Plus": 1708033092.6197457,
    "ArHPlus": 140283433.5281616,
    "CH3Minus": 103813.15723398679,
    "H": 14519690498617.572,
    "C2": 27795245406.38395,
    "CH": 2031117595.670402,
    "H2": 49361999523140.26,
    "ArStar": 1165499676.142959,
    "C2H4": 136541433376.37917,
    "C2H6": 1687387552241.8018,
    "CH2": 603476810377.4609,
    "C2H2": 1267798448971.9282,
    "C2H5": 435555645335.1155,
    "CH3": 15306516567054.123,
    "C": 15646970986.665646,
    "H3Plus": 30228.970474353686,
    "C2H3": 1593754270.1506262,
    "C3H2": 257452482.12040433,
    "CHPlus": 205.59257968507995,
    "C3H": 266699853.01793545,
    "C4H2": 34163.441179824644,
    "C2H": 140532336.90092358,
    "C3H3": 239429.0739974732,
    "C3H4": 11387440.979314411,
    "C3": 153757518.76886207,
    "C3H5": 88466473.51337297,
    "C4H": 24736.227123936595,
    "C3H6": 306977947.181128,
    "CH2Plus": 257691.63834483293,
    "C2H5Plus": 769622569.3192064,
    "C2H4Plus": 14055.563741544149,
    "C2H3Plus": 9370.3758276961,
    "HMinus": 329289977.90557873,
    "C2HPlus": 84788.51349996391,
    "H2Plus": 925386.5948541065,
    "C2H2Star": 81854129.31791542
  }
}