{
  "pressure_mTorr": 500.0,
  "n_total": 1.2070595635737908e+16,
  "Te": 1.4801655584470927,
  "Ne": 2823751290.980729,
  "E_field": 194.46974875644491,
  "n_i_total": 1334827627.4561641,
  "Ni_over_Ne": 0.47271430445014845,
  "charge_imbalance_pct": 52.72856955498515,
  "rate_values": {
    "loss_C2_11_3": 131.52674077842698,
    "e_CH4_CH3_HMinus_cm3_8_1": 5.365679127504031e-13,
    "loss_C2H2Star_11_25": 538.8595189299785,
    "e_CH4Plus_CH2_H2_cm3_6_9": 1.3031407862550774e-06,
    "e_CH_CHPlus_2e_cm3_2_10": 1.751534488880682e-11,
    "loss_C3H4_11_18": 1134.657403972462,
    "e_CH4Plus_CH_H2_H_cm3_6_11": 7.900507614818346e-07,
    "loss_C3_11_14": 160.66695142568307,
    "ArStar_CH4_CH3_H_cm3_3_1": 2.9985911341727093e-10,
    "loss_CH_11_9": 2113.6115260520446,
    "loss_C2H_11_12": 344.0679073556761,
    "loss_C4H2_11_11": 148.19502359363372,
    "loss_C3H3_11_13": 777.9358284468854,
    "loss_C3H_11_10": 754.034540400763,
    "loss_C4H_11_15": 482.3061689304003,
    "stick_ArStar_9_5": 336.3431468345274,
    "loss_C3H6_11_16": 812.745846895084,
    "e_CH4Plus_C_2H2_cm3_6_13": 4.359109349230742e-08,
    "e_CH4Plus_CH3_H_cm3_6_4": 1.5398113831965118e-07,
    "e_CH4_CH_H2_H_vib_cm3_1_3": 8.673035375859063e-11,
    "stick_CH_9_3": 1564.2527860819941,
    "stick_C2_9_9": 2711.4718641630297,
    "stick_C_9_10": 5409.328434093563,
    "stick_H_9_1": 103.37148029039741,
    "loss_CH2_11_1": 1666.9975935381765,
    "stick_CH3_9_2": 2088.265114189893,
    "e_Ar_ArStar_cm3_1_7": 1.6112412803926816e-10,
    "stick_C3H3_9_21": 1859.4536797083874,
    "stick_C4H2_9_20": 594.9529201384355,
    "stick_C4H_9_24": 986.7916186643924,
    "loss_C_11_8": 1872.4488686240888,
    "stick_C2H5_9_17": 1098.6427709917693,
    "stick_C3H6_9_25": 864.6611601826629,
    "stick_C3_9_23": 972.7369398579596,
    "stick_H2_9_16": 746.1961729811981,
    "stick_C3H4_9_22": 1397.83144049551,
    "stick_C2H6_9_14": 1121.3122410784201,
    "stick_C2H2_9_11": 759.0287044134103,
    "stick_C2H4_9_12": 1542.4287866295722,
    "stick_C3H_9_19": 876.240973045998
  },
  "target_densities": {
    "H": 11001071418651.984,
    "CH": 6106453441.407014,
    "C2": 59574153477.722084
  },
  "all_densities": {
    "e": 2823751290.980729,
    "Ar": 1.0260006290377222e+16,
    "CH4": 1810589345360686.2,
    "ArPlus": 327485079.2798482,
    "CH4Plus": 279534329.17849785,
    "CH3Plus": 153960432.5031469,
    "CH5Plus": 265734144.11944595,
    "ArHPlus": 154983189.69855115,
    "CH3Minus": 32874.32330271513,
    "H": 11001071418651.984,
    "C2": 59574153477.722084,
    "CH": 6106453441.407014,
    "H2": 32436741279617.57,
    "ArStar": 1943395796.7658682,
    "C2H4": 267616952920.1275,
    "C2H6": 1985155584803.2737,
    "CH2": 899645128450.5907,
    "C2H2": 1978989122872.8992,
    "C2H5": 721925612767.1725,
    "CH3": 17949695198787.895,
    "C": 17897889573.319996,
    "H3Plus": 295943.3372656263,
    "C2H3": 5559350624.949236,
    "C3H2": 1207723003.5582917,
    "CHPlus": 139.40240632386696,
    "C3H": 740983965.9705917,
    "C4H2": 608867.2016375625,
    "C2H": 1467574084.5745249,
    "C3H3": 1287178.6913057994,
    "C3H4": 70981931.99857558,
    "C3": 1130415964.4634407,
    "C3H5": 440840514.25219685,
    "C4H": 502002.27334214025,
    "C3H6": 1465103482.915179,
    "CH2Plus": 64754.613073494285,
    "C2H5Plus": 130319461.51084056,
    "C2H4Plus": 12714.384652310047,
    "C2H3Plus": 8476.256434873367,
    "HMinus": 697743850.310651,
    "C2HPlus": 61903.59644347181,
    "H2Plus": 22367059.575557273,
    "C2H2Star": 428233223.1087104
  }
}