{
  "pressure_mTorr": 500.0,
  "n_total": 1.2070595635737908e+16,
  "Te": 3.230392020634064,
  "Ne": 1791370456.7127476,
  "E_field": 414.5464389326303,
  "n_i_total": 6597359547.542514,
  "Ni_over_Ne": 3.6828560629770526,
  "charge_imbalance_pct": 268.28560629770527,
  "rate_values": {
    "loss_C2_11_3": 1419.9211601861798,
    "e_CH4_CH3_HMinus_cm3_8_1": 7.867686735364934e-14,
    "loss_C2H2Star_11_25": 9869.160892415619,
    "e_CH4Plus_CH2_H2_cm3_6_9": 5.725820735137171e-07,
    "loss_C3H4_11_18": 906.9518328937128,
    "e_CH4Plus_CH_H2_H_cm3_6_11": 3.1972869853208625e-07,
    "stick_ArStar_9_5": 307.23619960623364,
    "loss_C4H_11_15": 707.8366147019265,
    "loss_C4H2_11_11": 636.9569816226203,
    "loss_C3H6_11_16": 139.04035789810962,
    "loss_CH_11_9": 2784.2432409678563,
    "loss_C2H_11_12": 559.7725153687641,
    "e_CH4Plus_C_2H2_cm3_6_13": 4.91354164310002e-08,
    "ArStar_CH4_CH3_H_cm3_3_1": 1.8565868821976294e-10,
    "loss_C3H3_11_13": 832.6692848721315,
    "loss_C3H_11_10": 548.341500396323,
    "stick_H_9_1": 3338.2785965256835,
    "loss_C3_11_14": 600.8348111255217,
    "e_CH4Plus_CH3_H_cm3_6_4": 4.352750601751574e-07,
    "e_CH4_CH_H2_H_vib_cm3_1_3": 5.009807813810028e-11,
    "stick_C2_9_9": 3132.1065529986254,
    "stick_C_9_10": 5368.791167174416,
    "stick_CH_9_3": 4478.516353206362,
    "loss_CH2_11_1": 4126.240921889469,
    "stick_CH3_9_2": 5536.483254269639,
    "e_Ar_ArStar_cm3_1_7": 7.982346379252866e-11,
    "stick_C4H_9_24": 1211.4528964300468,
    "stick_C2H2_9_11": 1981.683672601716,
    "stick_H2_9_16": 946.2632087479491,
    "stick_C2H4_9_12": 1345.4653405804875,
    "stick_C3_9_23": 1299.7674498535373,
    "stick_C3H3_9_21": 1658.9241013600536,
    "stick_C4H2_9_20": 610.3419339665854,
    "stick_C3H6_9_25": 846.8304991601894,
    "stick_C3H4_9_22": 1294.2477369598323,
    "stick_C3H_9_19": 1334.1760579318639,
    "stick_C2H5_9_17": 712.0136933375953,
    "loss_C_11_8": 870.8410028616634,
    "stick_C2H6_9_14": 756.6773742337334,
    "e_CH4_CH3Plus_H_cm3_2_1": 2.91261453733142e-11
  },
  "target_densities": {
    "H": 30045644697822.938,
    "CH": 15287722625.211874,
    "C2": 102461233664.6088
  },
  "all_densities": {
    "e": 1791370456.7127476,
    "Ar": 1.0260006290377222e+16,
    "CH4": 1810589345360686.2,
    "ArPlus": 119872395.03189518,
    "CH4Plus": 56254147.93667048,
    "CH3Plus": 42041686.370325804,
    "CH5Plus": 105334316.41603538,
    "ArHPlus": 39230147.53140828,
    "CH3Minus": 19623.710781401078,
    "H": 30045644697822.938,
    "C2": 102461233664.6088,
    "CH": 15287722625.211874,
    "H2": 70884568351886.94,
    "ArStar": 663024634.1238889,
    "C2H4": 227859274887.07318,
    "C2H6": 5030020869462.2,
    "CH2": 1318667838673.8022,
    "C2H2": 2349386085794.7383,
    "C2H5": 1816108316822.608,
    "CH3": 25233985904557.062,
    "C": 68563926361.93206,
    "H3Plus": 117306838.65272799,
    "C2H3": 61188444463.09486,
    "C3H2": 3586193808.2940717,
    "CHPlus": 82746.14223629198,
    "C3H": 1906363035.5576835,
    "C4H2": 2336564.9521787325,
    "C2H": 6324136706.516462,
    "C3H3": 37543524.23589249,
    "C3H4": 174077552.2464767,
    "C3": 2054588772.258413,
    "C3H5": 2776416020.492442,
    "C4H": 2856512.0532085355,
    "C3H6": 15772365346.167072,
    "CH2Plus": 12158.633404858661,
    "C2H5Plus": 16742732.114434391,
    "C2H4Plus": 3222.425559252889,
    "C2H3Plus": 2148.283706168593,
    "HMinus": 208535954.42631742,
    "C2HPlus": 21903.681977029035,
    "H2Plus": 6100455104.322133,
    "C2H2Star": 9470111.189373113
  }
}