{
  "pressure_mTorr": 500.0,
  "n_total": 1.2070595635737908e+16,
  "Te": 2.992939542959661,
  "Ne": 2682741922.4781175,
  "E_field": 89.41056059360858,
  "n_i_total": 13549474652.035378,
  "Ni_over_Ne": 5.050606820770661,
  "charge_imbalance_pct": 405.06068207706613,
  "rate_values": {
    "loss_C2_11_3": 353.9779698548879,
    "e_CH4_CH3_HMinus_cm3_8_1": 6.274589547435674e-13,
    "loss_C2H2Star_11_25": 5374.748677262872,
    "e_CH4Plus_CH2_H2_cm3_6_9": 2.1106483012453913e-07,
    "e_CH_CHPlus_2e_cm3_2_10": 1.4281931920484154e-11,
    "loss_C3H4_11_18": 1172.749180961918,
    "e_CH4Plus_CH_H2_H_cm3_6_11": 8.736003881136369e-07,
    "loss_C3H_11_10": 787.4439036831677,
    "loss_C3H3_11_13": 344.4481264560144,
    "loss_C2H_11_12": 693.6690877420594,
    "loss_C4H2_11_11": 958.4915311060163,
    "ArStar_CH4_CH3_H_cm3_3_1": 3.86837864524496e-10,
    "loss_C3_11_14": 702.310481006205,
    "loss_CH_11_9": 4124.395771200301,
    "e_CH4Plus_C_2H2_cm3_6_13": 7.494251881325878e-08,
    "loss_C3H6_11_16": 552.3227361606365,
    "loss_C4H_11_15": 179.75234709329493,
    "stick_ArStar_9_5": 96.64895918257878,
    "e_CH4Plus_CH3_H_cm3_6_4": 3.8689353001518655e-07,
    "e_CH4_CH_H2_H_vib_cm3_1_3": 4.3862058071761896e-11,
    "stick_CH_9_3": 5527.921098749603,
    "stick_C2_9_9": 2580.47485752251,
    "stick_C_9_10": 4424.728416327875,
    "stick_H_9_1": 409.80592233086264,
    "loss_CH2_11_1": 3495.6965416848147,
    "stick_CH3_9_2": 3366.4989451315173,
    "e_Ar_ArStar_cm3_1_7": 1.680472060524317e-10,
    "CH_CH3_C2H4_cm3_7_5": 9.45147573906118e-11,
    "e_CH4_CH3_H_cm3_1_1": 6.319457788272519e-11,
    "CH2_CH2_C2H2_H2_cm3_7_15": 1.093326687293765e-10,
    "e_C2H4_C2H2_H2_cm3_1_15": 1.0569766864423587e-10,
    "C_CH_C2_H_cm3_7_4": 9.21488508095895e-11,
    "C2HPlus_e_C2_H_cm3_6_18": 2.401508899987856e-07,
    "CH_C_C2_H_cm3_7_9": 1.1610250473088204e-10,
    "e_C2H2_C2_H2_cm3_1_16": 8.158905821812519e-11,
    "CH_CH_C2_H2_cm3_5_4": 1.4192631747237995e-10,
    "CH3_CH3_C2H2_H2_H2_cm3_7_49": 1.042212932029221e-11,
    "e_C2H4_C2H2_H_H_cm3_1_17": 3.915153221050901e-11,
    "CH_CH4_C2H4_H_cm3_7_20": 6.357335780721424e-11,
    "CH2_CH3_C2H2_H_H2_cm3_7_62": 1.1208749381294113e-11,
    "e_CH4_CH2_H2_cm3_1_2": 2.63124916753809e-11,
    "CH2_C2H3_C2H2_CH3_cm3_7_53": 1.0586045948690863e-10,
    "C_CH3_C2_H2_H_cm3_7_8": 9.967028227483696e-11,
    "C2H2_C_C2_CH2_cm3_7_19": 9.018990815458511e-11,
    "CH_H_C_H2_cm3_7_3": 9.765363975684364e-11,
    "C2_H_CH_C_cm3_7_6": 1.0795617296546402e-10,
    "e_C2H4_C2H2_H2_cm3_1_6": 1.9389090673294308e-11,
    "CH_CH4_CH2_CH3_cm3_7_39": 9.872005222569565e-12,
    "CH2_H_CH_H2_cm3_7_1": 1.492578872657848e-11,
    "C2H2_H_C2_H2_H_cm3_7_50": 9.28957439046159e-12,
    "CH3_C2H5_C2H2_CH3_H2_cm3_7_61": 1.0368382768763672e-11,
    "C_H_CH_cm3_7_12": 1.0391558507590137e-10,
    "C2H_H_C2_H2_cm3_7_47": 1.126882748208533e-10
  },
  "target_densities": {
    "H": 10577448272705.92,
    "CH": 3934583195.2585263,
    "C2": 37099236580.71388
  },
  "all_densities": {
    "e": 2682741922.4781175,
    "Ar": 1.0260006290377222e+16,
    "CH4": 1810589345360686.2,
    "ArPlus": 351645589.3920596,
    "CH4Plus": 613645100.7947941,
    "CH3Plus": 197269079.20396417,
    "CH5Plus": 1196964036.737227,
    "ArHPlus": 213699434.0310606,
    "CH3Minus": 76113.31672975147,
    "H": 10577448272705.92,
    "C2": 37099236580.71388,
    "CH": 3934583195.2585263,
    "H2": 27287074460901.914,
    "ArStar": 1809937480.9306169,
    "C2H4": 261695665177.16562,
    "C2H6": 2200492584000.887,
    "CH2": 487495083881.5119,
    "C2H2": 1401393186742.4314,
    "C2H5": 214677942232.45486,
    "CH3": 14143851598475.807,
    "C": 14252272600.568886,
    "H3Plus": 152950138.3142759,
    "C2H3": 3788792427.5128345,
    "C3H2": 551172944.6700785,
    "CHPlus": 150.92056256229796,
    "C3H": 270575963.7799436,
    "C4H2": 48205.01347344041,
    "C2H": 7392086453.844713,
    "C3H3": 934951.646796394,
    "C3H4": 46749771.376506716,
    "C3": 297382931.89560086,
    "C3H5": 84466822.39004976,
    "C4H": 151679.12192547985,
    "C3H6": 833896433.4703029,
    "CH2Plus": 97787.38910710625,
    "C2H5Plus": 363080792.7396144,
    "C2H4Plus": 25683.090257220654,
    "C2H3Plus": 17122.06017148044,
    "HMinus": 712518422.8435999,
    "C2HPlus": 90311.56778448873,
    "H2Plus": 10459989425.794498,
    "C2H2Star": 28315006.4106546
  }
}