{
  "pressure_mTorr": 500.0,
  "n_total": 1.2070595635737908e+16,
  "Te": 2.197099773387576,
  "Ne": 1723797073.282861,
  "E_field": 433.72290847649083,
  "n_i_total": 1128289679.926589,
  "Ni_over_Ne": 0.6545374147653201,
  "charge_imbalance_pct": 34.54625852346798,
  "rate_values": {
    "loss_C2_11_3": 1872.811675114616,
    "e_CH4_CH3_HMinus_cm3_8_1": 1.5649270494157397e-14,
    "loss_C2H2Star_11_25": 8577.82635419007,
    "e_CH4Plus_CH2_H2_cm3_6_9": 2.6658774309322274e-06,
    "loss_C3H4_11_18": 231.10959714322007,
    "e_CH4Plus_CH_H2_H_cm3_6_11": 5.679781314054753e-07,
    "stick_ArStar_9_5": 634.8350627537067,
    "loss_C3H_11_10": 572.4169482646325,
    "e_CH4Plus_C_2H2_cm3_6_13": 4.720233261739439e-08,
    "stick_H_9_1": 3723.867013850978,
    "loss_C2H_11_12": 392.5402917536639,
    "loss_C4H2_11_11": 383.17922359241686,
    "ArStar_CH4_CH3_H_cm3_3_1": 4.201042847573618e-10,
    "loss_C3H3_11_13": 968.9454187645238,
    "loss_C3H6_11_16": 458.01531332328506,
    "loss_C3_11_14": 350.8991045209735,
    "loss_C4H_11_15": 615.6955413327502,
    "loss_CH_11_9": 6647.114290150054,
    "e_CH4Plus_CH3_H_cm3_6_4": 4.961011506833669e-07,
    "e_CH4_CH_H2_H_vib_cm3_1_3": 2.8244536256672708e-11,
    "stick_C_9_10": 4864.578146344563,
    "stick_C2_9_9": 5754.54456790651,
    "stick_CH_9_3": 3103.069986227146,
    "loss_CH2_11_1": 4477.282254430755,
    "stick_CH3_9_2": 4757.111731387355,
    "e_Ar_ArStar_cm3_1_7": 1.7244557576451532e-10,
    "stick_C3H_9_19": 1233.7290467289872,
    "stick_C2H4_9_12": 1398.113357535052,
    "stick_C2H6_9_14": 1146.8299542318414,
    "stick_C4H2_9_20": 1320.6234421477939,
    "stick_H2_9_16": 454.2347643411944,
    "stick_C3H3_9_21": 967.9588770159935,
    "stick_C3H4_9_22": 1024.2407539349765,
    "stick_C3H6_9_25": 1394.4050102523463,
    "stick_C2H2_9_11": 1979.5418032768227,
    "stick_C4H_9_24": 1832.853086398975,
    "stick_C2H5_9_17": 1643.9969067716936,
    "loss_C_11_8": 1920.6778161715124,
    "stick_C3_9_23": 714.7457338757516,
    "e_CH4_CH4Plus_cm3_2_2": 2.4258978563712046e-11
  },
  "target_densities": {
    "H": 21855920373203.68,
    "CH": 9975638955.93272,
    "C2": 75291856176.79242
  },
  "all_densities": {
    "e": 1723797073.282861,
    "Ar": 1.0260006290377222e+16,
    "CH4": 1810589345360686.2,
    "ArPlus": 153310646.89099225,
    "CH4Plus": 59477641.06854257,
    "CH3Plus": 55023780.720417514,
    "CH5Plus": 52290813.658077136,
    "ArHPlus": 49753145.37374861,
    "CH3Minus": 21075.1058425981,
    "H": 21855920373203.68,
    "C2": 75291856176.79242,
    "CH": 9975638955.93272,
    "H2": 105196173478866.88,
    "ArStar": 1151674629.858892,
    "C2H4": 181624463933.43268,
    "C2H6": 5261663792426.332,
    "CH2": 1434864248519.41,
    "C2H2": 3143376230275.371,
    "C2H5": 1379541635175.9788,
    "CH3": 29467293634006.637,
    "C": 44717370102.78182,
    "H3Plus": 19845797.402645726,
    "C2H3": 38468648785.930756,
    "C3H2": 3132593675.2388115,
    "CHPlus": -482.4143202567902,
    "C3H": 1735179599.9628322,
    "C4H2": 1015934.8591821181,
    "C2H": 3651397315.0308948,
    "C3H3": 19812509.696375303,
    "C3H4": 158760626.7708032,
    "C3": 3083518442.449231,
    "C3H5": 1376180927.719262,
    "C4H": 1276250.8837232946,
    "C3H6": 5169378306.135229,
    "CH2Plus": 16549.744439542297,
    "C2H5Plus": 20926845.885830246,
    "C2H4Plus": 2362.410550513864,
    "C2H3Plus": 1574.9403670092424,
    "HMinus": 209217141.4684872,
    "C2HPlus": 26955.20119217614,
    "H2Plus": 717613566.6297858,
    "C2H2Star": 25322125.958457544
  }
}