{
  "pressure_mTorr": 500.0,
  "n_total": 1.2070595635737908e+16,
  "Te": 1.0326151990990626,
  "Ne": 2011793309.0406857,
  "E_field": 31.125459295130156,
  "n_i_total": 3132753901.3664,
  "Ni_over_Ne": 1.5571947114488809,
  "charge_imbalance_pct": 55.71947114488809,
  "rate_values": {
    "loss_C2_11_3": 671.036531842345,
    "e_CH4_CH3_HMinus_cm3_8_1": 7.624191034785497e-13,
    "loss_C2H2Star_11_25": 4295.898561242793,
    "e_CH4Plus_CH2_H2_cm3_6_9": 2.196517174026145e-06,
    "e_CH_CHPlus_2e_cm3_2_10": 3.288465845041975e-12,
    "loss_C3H4_11_18": 975.2263209483801,
    "e_CH4Plus_CH_H2_H_cm3_6_11": 4.4932598748063944e-07,
    "loss_C3H3_11_13": 275.5176042910378,
    "e_CH4Plus_C_2H2_cm3_6_13": 5.812549952829874e-08,
    "loss_C2H_11_12": 881.8041364879136,
    "loss_C3_11_14": 887.8713473087759,
    "ArStar_CH4_CH3_H_cm3_3_1": 3.124717852552903e-10,
    "loss_C4H_11_15": 224.30360818812363,
    "loss_C3H6_11_16": 359.583041153516,
    "loss_C4H2_11_11": 236.3795231134971,
    "loss_CH_11_9": 4873.353576319965,
    "stick_ArStar_9_5": 482.93550425888645,
    "loss_C3H_11_10": 419.5524081464397,
    "e_CH4Plus_CH3_H_cm3_6_4": 2.4619235265453763e-07,
    "e_CH4_CH_H2_H_vib_cm3_1_3": 4.1490897790442495e-11,
    "stick_H_9_1": 351.9153418531543,
    "stick_CH_9_3": 5351.576120666254,
    "stick_C_9_10": 4025.5009978551975,
    "stick_C2_9_9": 3049.725826286077,
    "loss_CH2_11_1": 4065.5642452339034,
    "stick_CH3_9_2": 5424.643137210451,
    "e_Ar_ArStar_cm3_1_7": 1.188600448704928e-10,
    "stick_C4H_9_24": 849.8936160813937,
    "stick_H2_9_16": 408.03106337243435,
    "stick_C2H4_9_12": 1217.648799553344,
    "stick_C3H6_9_25": 550.3247734528941,
    "stick_C2H2_9_11": 1149.5411515642813,
    "stick_C2H5_9_17": 1504.1124713783888,
    "stick_C3H4_9_22": 1511.7768591312397,
    "loss_C_11_8": 1319.1920423235779,
    "stick_C3_9_23": 777.0155622716309,
    "stick_C4H2_9_20": 1681.0051559791204,
    "stick_C3H_9_19": 1482.0533697970204,
    "stick_C3H3_9_21": 1893.5791225727949,
    "stick_C2H6_9_14": 1594.694976158618
  },
  "target_densities": {
    "H": 10366921699851.848,
    "CH": 1960062763.1883018,
    "C2": 11387148575.683956
  },
  "all_densities": {
    "e": 2011793309.0406857,
    "Ar": 1.0260006290377222e+16,
    "CH4": 1810589345360686.2,
    "ArPlus": 185477383.0697956,
    "CH4Plus": 829359517.7451353,
    "CH3Plus": 110933461.720008,
    "CH5Plus": 1286971226.0395057,
    "ArHPlus": 134418173.672344,
    "CH3Minus": 52060.363993559244,
    "H": 10366921699851.848,
    "C2": 11387148575.683956,
    "CH": 1960062763.1883018,
    "H2": 32539662031170.28,
    "ArStar": 1013559115.2236726,
    "C2H4": 88998134492.1141,
    "C2H6": 512243739465.551,
    "CH2": 275416027575.7924,
    "C2H2": 505658644684.9976,
    "C2H5": 108101643590.15372,
    "CH3": 10359393585812.404,
    "C": 6423366873.480985,
    "H3Plus": 16477.786145267426,
    "C2H3": 1064035019.4663643,
    "C3H2": 99092845.21353269,
    "CHPlus": 36.88825251503356,
    "C3H": 52114930.61764794,
    "C4H2": 5327.493018152956,
    "C2H": 58598673.71409953,
    "C3H3": 96149.48907325906,
    "C3H4": 7715555.970708325,
    "C3": 62212137.42358921,
    "C3H5": 21188600.62405137,
    "C4H": 18081.241657788487,
    "C3H6": 190020442.50521266,
    "CH2Plus": 89243.8746610463,
    "C2H5Plus": 584657972.465964,
    "C2H4Plus": 8870.035438241723,
    "C2H3Plus": 5913.356958827815,
    "HMinus": 594789481.1694237,
    "C2HPlus": 33732.41855471633,
    "H2Plus": 781892.293636312,
    "C2H2Star": 7158198.749886565
  }
}