{
  "pressure_mTorr": 500.0,
  "n_total": 1.2070595635737908e+16,
  "Te": 1.362631949595429,
  "Ne": 2065971859.9764566,
  "E_field": 11.905826635581946,
  "n_i_total": 8671998604.059462,
  "Ni_over_Ne": 4.197539556109097,
  "charge_imbalance_pct": 319.7539556109097,
  "rate_values": {
    "loss_C2_11_3": 847.5665782783068,
    "e_CH4_CH3_HMinus_cm3_8_1": 8.791536708058547e-13,
    "loss_C2H2Star_11_25": 7192.379629306472,
    "e_CH4Plus_CH2_H2_cm3_6_9": 8.525856520060043e-07,
    "e_CH_CHPlus_2e_cm3_2_10": 4.3059060217239515e-12,
    "loss_C3H4_11_18": 462.33190920906355,
    "e_CH4Plus_CH_H2_H_cm3_6_11": 1.428751994126614e-07,
    "loss_C4H_11_15": 366.88227304046666,
    "stick_ArStar_9_5": 156.18142578985538,
    "loss_C3H_11_10": 642.4810155936221,
    "loss_C3H3_11_13": 806.4347005536465,
    "loss_C3_11_14": 896.0177180085284,
    "ArStar_CH4_CH3_H_cm3_3_1": 9.986317808458588e-11,
    "loss_C3H6_11_16": 352.7715176452765,
    "loss_C2H_11_12": 695.3795377810865,
    "e_CH4Plus_C_2H2_cm3_6_13": 1.2352814763879463e-08,
    "loss_C4H2_11_11": 270.19504507249303,
    "loss_CH_11_9": 5565.486156895924,
    "e_CH4Plus_CH3_H_cm3_6_4": 7.586021797821753e-07,
    "e_CH4_CH_H2_H_vib_cm3_1_3": 2.703582539485023e-11,
    "stick_C2_9_9": 4746.419078537537,
    "stick_CH_9_3": 4828.381656274874,
    "stick_C_9_10": 5021.152842862548,
    "stick_H_9_1": 288.99684352977937,
    "loss_CH2_11_1": 5423.111444810334,
    "stick_CH3_9_2": 5721.755494988254,
    "e_Ar_ArStar_cm3_1_7": 4.573585488059885e-11,
    "stick_C4H2_9_20": 1935.6038955110025,
    "stick_C3H4_9_22": 624.4528191514248,
    "stick_C2H5_9_17": 1578.1325534103528,
    "stick_C2H6_9_14": 466.66712298287734,
    "stick_C2H2_9_11": 1892.1077457875485,
    "stick_C3H3_9_21": 1351.592782206205,
    "stick_H2_9_16": 656.8141394537255,
    "stick_C3_9_23": 1958.6479488574591,
    "stick_C3H6_9_25": 814.4889382945313,
    "stick_C2H4_9_12": 998.6343227964512,
    "loss_C_11_8": 1426.0976708509777,
    "stick_C4H_9_24": 1314.8455267841418,
    "stick_C3H_9_19": 951.5276861829303
  },
  "target_densities": {
    "H": 42050868472753.734,
    "CH": 11703747392.699987,
    "C2": 174634285788.87985
  },
  "all_densities": {
    "e": 2065971859.9764566,
    "Ar": 1.0260006290377222e+16,
    "CH4": 1810589345360686.2,
    "ArPlus": 184478959.81824744,
    "CH4Plus": 2152424267.41782,
    "CH3Plus": 131375486.7292692,
    "CH5Plus": 4076426800.8275676,
    "ArHPlus": 144995206.85470796,
    "CH3Minus": 619307.3574752208,
    "H": 42050868472753.734,
    "C2": 174634285788.87985,
    "CH": 11703747392.699987,
    "H2": 126774557511545.44,
    "ArStar": 466298182.64487076,
    "C2H4": 670602454764.283,
    "C2H6": 11036593211755.598,
    "CH2": 1582556509261.4365,
    "C2H2": 3821450721756.432,
    "C2H5": 1706257316155.7473,
    "CH3": 32698635801770.418,
    "C": 109419506359.02481,
    "H3Plus": 12535007.544919914,
    "C2H3": 18385737318.96348,
    "C3H2": 4467300975.89393,
    "CHPlus": 755.1731099016406,
    "C3H": 2803778872.198911,
    "C4H2": 1487656.878487978,
    "C2H": 1070770408.2830456,
    "C3H3": 9971236.55415613,
    "C3H4": 794400002.0738732,
    "C3": 1709939122.525451,
    "C3H5": 1996960461.523311,
    "C4H": 3108955.096923387,
    "C3H6": 17807470210.013893,
    "CH2Plus": 1587656.0439364456,
    "C2H5Plus": 1821076688.349819,
    "C2H4Plus": 379431.70793428697,
    "C2H3Plus": 252954.4719561913,
    "HMinus": 676470897.6839836,
    "C2HPlus": 1374273.2527901651,
    "H2Plus": 145091115.86738327,
    "C2H2Star": 14865195.819429608
  }
}