{
  "pressure_mTorr": 500.0,
  "n_total": 1.2070595635737908e+16,
  "Te": 1.0698113575963484,
  "Ne": 2359147363.132925,
  "E_field": 179.57538075981932,
  "n_i_total": 1154461991.6277857,
  "Ni_over_Ne": 0.48935560773731035,
  "charge_imbalance_pct": 51.064439226268966,
  "rate_values": {
    "loss_C2_11_3": 587.5468304713222,
    "e_CH4_CH3_HMinus_cm3_8_1": 1.871035502317008e-13,
    "loss_C2H2Star_11_25": 7358.764884907152,
    "e_CH4Plus_CH2_H2_cm3_6_9": 5.217928354374152e-07,
    "e_CH_CHPlus_2e_cm3_2_10": 5.1500419725817444e-12,
    "loss_C3H4_11_18": 223.88383024945665,
    "e_CH4Plus_CH_H2_H_cm3_6_11": 5.614725821260739e-07,
    "loss_C3_11_14": 886.5678275568966,
    "loss_C3H3_11_13": 660.9651992167937,
    "loss_C3H_11_10": 992.1612806049059,
    "loss_C2H_11_12": 478.4402606361359,
    "ArStar_CH4_CH3_H_cm3_3_1": 2.2734616440500668e-10,
    "e_CH4Plus_C_2H2_cm3_6_13": 8.611437826504812e-08,
    "loss_C4H2_11_11": 596.137239112247,
    "loss_CH_11_9": 2315.618641386733,
    "loss_C3H6_11_16": 442.5301885953282,
    "loss_C4H_11_15": 628.8735891328434,
    "stick_ArStar_9_5": 393.54157335287016,
    "e_CH4Plus_CH3_H_cm3_6_4": 2.4269571784189807e-07,
    "e_CH4_CH_H2_H_vib_cm3_1_3": 9.614745525501648e-11,
    "stick_C2_9_9": 3046.629400698674,
    "stick_C_9_10": 1414.621918096745,
    "stick_H_9_1": 412.63965235531265,
    "stick_CH_9_3": 4847.049168251449,
    "loss_CH2_11_1": 2425.404282090196,
    "stick_CH3_9_2": 4892.205502648671,
    "e_Ar_ArStar_cm3_1_7": 1.7062818589876406e-10,
    "e_C2H4_C2H2_H2_cm3_1_15": 6.867183814805532e-11,
    "CH_CH_C2_H2_cm3_5_4": 1.7479870626224892e-10,
    "C_CH3_C2_H2_H_cm3_7_8": 9.683738059126999e-11,
    "C2HPlus_e_C2_H_cm3_6_18": 2.4960293790649024e-07,
    "C_CH_C2_H_cm3_7_4": 1.0091727410745734e-10,
    "e_C2H4_C2H2_H2_cm3_1_6": 1.2739195409345333e-11,
    "e_CH4_CH2_H2_cm3_1_2": 3.706931147990298e-11,
    "CH2_CH3_C2H2_H_H2_cm3_7_62": 1.1754695064873905e-11,
    "CH_CH4_C2H4_H_cm3_7_20": 5.062447429582169e-11,
    "C2H2_C_C2_CH2_cm3_7_19": 1.0784754866501231e-10,
    "C2_H_CH_C_cm3_7_6": 8.571294384304664e-11,
    "CH2_CH2_C2H2_H2_cm3_7_15": 9.456795600528082e-11,
    "CH2_H_CH_H2_cm3_7_1": 1.9771549740281627e-11,
    "CH_H_C_H2_cm3_7_3": 8.366073568132235e-11,
    "C2H_H_C2_H2_cm3_7_47": 1.017314200109718e-10,
    "CH3_C2H5_C2H2_CH3_H2_cm3_7_61": 8.22413269376384e-12,
    "CH2_C2H3_C2H2_CH3_cm3_7_53": 1.1684967839043648e-10,
    "e_CH4_CH3_H_cm3_1_1": 1.0956757345414398e-10,
    "C2H2_H_C2_H2_H_cm3_7_50": 9.271563058312874e-12,
    "C_H_CH_cm3_7_12": 1.0258919584684728e-10,
    "CH_CH3_C2H4_cm3_7_5": 9.192566331491409e-11,
    "CH_C_C2_H_cm3_7_9": 1.1048354980757964e-10,
    "CH3_CH3_C2H2_H2_H2_cm3_7_49": 1.1871874711106399e-11,
    "e_C2H2_C2_H2_cm3_1_16": 6.907015878017822e-11,
    "CH_CH4_CH2_CH3_cm3_7_39": 1.1296757757866352e-11,
    "e_C2H4_C2H2_H_H_cm3_1_17": 3.948350224867448e-11
  },
  "target_densities": {
    "H": 10454505400222.254,
    "CH": 5200646632.649579,
    "C2": 22440641394.32061
  },
  "all_densities": {
    "e": 2359147363.132925,
    "Ar": 1.0260006290377222e+16,
    "CH4": 1810589345360686.2,
    "ArPlus": 284711091.73892546,
    "CH4Plus": 240679266.82994118,
    "CH3Plus": 126475749.77344984,
    "CH5Plus": 247172148.2125506,
    "ArHPlus": 139156177.9929442,
    "CH3Minus": 12173.594741678426,
    "H": 10454505400222.254,
    "C2": 22440641394.32061,
    "CH": 5200646632.649579,
    "H2": 30650441788008.594,
    "ArStar": 1822251627.3903635,
    "C2H4": 277671010604.1227,
    "C2H6": 1387645039922.8662,
    "CH2": 414095913030.2548,
    "C2H2": 1002224091129.9688,
    "C2H5": 142573673378.19754,
    "CH3": 11181266675229.562,
    "C": 18170039433.407215,
    "H3Plus": 3855.8020011757562,
    "C2H3": 3005582321.1679797,
    "C3H2": 520950406.57176423,
    "CHPlus": 31.576281645591465,
    "C3H": 232409894.32995448,
    "C4H2": 65470.849551940235,
    "C2H": 364749069.9096102,
    "C3H3": 817962.1263715159,
    "C3H4": 107774822.83947429,
    "C3": 254877236.5970713,
    "C3H5": 74147529.43588041,
    "C4H": 144196.98022181942,
    "C3H6": 753162577.1202154,
    "CH2Plus": 26515.744260914005,
    "C2H5Plus": 115905053.14911394,
    "C2H4Plus": 8164.70417591723,
    "C2H3Plus": 5443.136117278153,
    "HMinus": 303842027.3219676,
    "C2HPlus": 20574.198520494392,
    "H2Plus": 297918.76950309286,
    "C2H2Star": 14890850.649275417
  }
}