{
  "pressure_mTorr": 500.0,
  "n_total": 1.2070595635737908e+16,
  "Te": 1.4551075527926631,
  "Ne": 2402836389.5409675,
  "E_field": 40.81701070515285,
  "n_i_total": 3893293916.5610747,
  "Ni_over_Ne": 1.6202908918425531,
  "charge_imbalance_pct": 62.02908918425531,
  "rate_values": {
    "loss_C2_11_3": 523.598511677236,
    "e_CH4_CH3_HMinus_cm3_8_1": 2.1152952665074512e-13,
    "loss_C2H2Star_11_25": 5144.638664405755,
    "e_CH4Plus_CH2_H2_cm3_6_9": 1.4935865222303305e-06,
    "e_CH_CHPlus_2e_cm3_2_10": 1.8564908557715356e-11,
    "loss_C3H4_11_18": 104.1965007579081,
    "e_CH4Plus_CH_H2_H_cm3_6_11": 7.047466113739914e-07,
    "loss_C3H_11_10": 625.7750855156414,
    "stick_ArStar_9_5": 268.43833259980136,
    "loss_C3_11_14": 721.336884831892,
    "ArStar_CH4_CH3_H_cm3_3_1": 3.280140451152461e-10,
    "loss_C4H_11_15": 550.1815278309621,
    "loss_C3H3_11_13": 427.3718070236986,
    "loss_C3H6_11_16": 589.6924327200401,
    "loss_C4H2_11_11": 386.10633354878485,
    "e_CH4Plus_C_2H2_cm3_6_13": 1.611516291691097e-08,
    "loss_C2H_11_12": 829.5863505487237,
    "loss_CH_11_9": 1750.7530302755295,
    "e_CH4Plus_CH3_H_cm3_6_4": 8.952598297895766e-07,
    "e_CH4_CH_H2_H_vib_cm3_1_3": 3.460625093895903e-11,
    "stick_C_9_10": 4217.9970988297055,
    "stick_C2_9_9": 5739.042186443518,
    "stick_H_9_1": 437.2822542393314,
    "stick_CH_9_3": 1659.8141670222963,
    "loss_CH2_11_1": 3998.973240224146,
    "stick_CH3_9_2": 5379.246913511667,
    "e_Ar_ArStar_cm3_1_7": 8.988144856964996e-11,
    "stick_C3H3_9_21": 1471.8141578045938,
    "stick_H2_9_16": 315.96487347664686,
    "stick_C4H_9_24": 1850.196337971706,
    "stick_C2H6_9_14": 1582.4852125548455,
    "stick_C3H6_9_25": 1246.4398713775593,
    "stick_C2H2_9_11": 1755.468641664144,
    "stick_C2H5_9_17": 1922.7851764209045,
    "stick_C2H4_9_12": 1096.0607006292812,
    "stick_C3H4_9_22": 1797.2369821441457,
    "stick_C3_9_23": 812.971842263752,
    "stick_C4H2_9_20": 1436.3473764639348,
    "stick_C3H_9_19": 655.216790917435,
    "loss_C_11_8": 690.1099901904133
  },
  "target_densities": {
    "H": 41378012124287.22,
    "CH": 13701382086.37735,
    "C2": 180127854250.21658
  },
  "all_densities": {
    "e": 2402836389.5409675,
    "Ar": 1.0260006290377222e+16,
    "CH4": 1810589345360686.2,
    "ArPlus": 247955553.3867508,
    "CH4Plus": 909570409.9137012,
    "CH3Plus": 160835852.86979535,
    "CH5Plus": 1514929139.578496,
    "ArHPlus": 178994656.73042542,
    "CH3Minus": 239669.14885986832,
    "H": 41378012124287.22,
    "C2": 180127854250.21658,
    "CH": 13701382086.37735,
    "H2": 143935843908421.94,
    "ArStar": 887395179.7680041,
    "C2H4": 770816106465.7798,
    "C2H6": 5304396098063.19,
    "CH2": 1825475992001.3345,
    "C2H2": 4214340370967.288,
    "C2H5": 1746863198770.615,
    "CH3": 33256692241050.84,
    "C": 131823156784.95468,
    "H3Plus": 18627229.38208487,
    "C2H3": 21589557579.503498,
    "C3H2": 5766328100.013436,
    "CHPlus": 1331.093936990205,
    "C3H": 4502807086.094249,
    "C4H2": 3385253.628603502,
    "C2H": 1462642559.4970908,
    "C3H3": 15575450.901110983,
    "C3H4": 610979594.9628778,
    "C3": 4085115835.473177,
    "C3H5": 2393444013.898754,
    "C4H": 3291426.1399956383,
    "C3H6": 7752693253.120679,
    "CH2Plus": 653973.5858446867,
    "C2H5Plus": 649547344.2120566,
    "C2H4Plus": 148327.3374195705,
    "C2H3Plus": 98884.89161304703,
    "HMinus": 439280430.66652495,
    "C2HPlus": 529281.3307625065,
    "H2Plus": 211401932.24818844,
    "C2H2Star": 43615720.07347241
  }
}