{
  "pressure_mTorr": 500.0,
  "n_total": 1.2070595635737908e+16,
  "Te": 0.3859948957131536,
  "Ne": 1613506115.5115652,
  "E_field": 283.92402415131534,
  "n_i_total": 201773468.97440878,
  "Ni_over_Ne": 0.12505280707314587,
  "charge_imbalance_pct": 87.4947192926854,
  "rate_values": {
    "loss_C2_11_3": 1291.0071326068655,
    "e_CH4_CH3_HMinus_cm3_8_1": 4.586647029365705e-13,
    "loss_C2H2Star_11_25": 2245.52807087237,
    "e_CH4Plus_CH2_H2_cm3_6_9": 1.3274949593393782e-06,
    "loss_C3H4_11_18": 343.6662171210294,
    "e_CH4Plus_CH_H2_H_cm3_6_11": 7.212555018707969e-07,
    "loss_C3H6_11_16": 743.1350505264883,
    "loss_C4H2_11_11": 478.31787027284224,
    "stick_H_9_1": 3771.1631189748105,
    "loss_C4H_11_15": 675.3731089124203,
    "loss_C2H_11_12": 357.64624670996534,
    "loss_CH_11_9": 6595.59670171598,
    "loss_C3H3_11_13": 757.3072376266208,
    "loss_C3H_11_10": 559.1254089333179,
    "ArStar_CH4_CH3_H_cm3_3_1": 1.0430313314830928e-10,
    "e_CH4Plus_C_2H2_cm3_6_13": 9.89291056343965e-08,
    "stick_ArStar_9_5": 182.74383514006738,
    "loss_C3_11_14": 869.0187471660604,
    "e_CH4Plus_CH3_H_cm3_6_4": 7.245417448126919e-07,
    "e_CH4_CH_H2_H_vib_cm3_1_3": 4.354193966059543e-11,
    "stick_CH_9_3": 2586.497920380023,
    "stick_C_9_10": 4838.438747962842,
    "stick_C2_9_9": 4853.2521760288355,
    "loss_CH2_11_1": 5346.018395575824,
    "stick_CH3_9_2": 5506.329341010725,
    "e_Ar_ArStar_cm3_1_7": 5.698317526063331e-11,
    "loss_C_11_8": 1966.1235458459792,
    "stick_C2H4_9_12": 1823.1518043240103,
    "stick_C4H2_9_20": 1293.7563519121998,
    "stick_C3H3_9_21": 1039.0659060953576,
    "stick_C3H4_9_22": 1010.0279037965341,
    "stick_C3H6_9_25": 741.6896033237591,
    "stick_C2H5_9_17": 851.0619659869924,
    "stick_C4H_9_24": 1828.7674738724234,
    "stick_C2H6_9_14": 1271.9466386827112,
    "stick_C3_9_23": 1353.8336890547096,
    "stick_H2_9_16": 330.04609286169716,
    "stick_C2H2_9_11": 886.4701020594216,
    "stick_C3H_9_19": 1114.9063145612467,
    "e_CH4_CH3Plus_H_cm3_2_1": 1.9745835878858404e-11
  },
  "target_densities": {
    "H": 21685315556528.96,
    "CH": 9219635041.672304,
    "C2": 111482686263.67139
  },
  "all_densities": {
    "e": 1613506115.5115652,
    "Ar": 1.0260006290377222e+16,
    "CH4": 1810589345360686.2,
    "ArPlus": 62050509.569733776,
    "CH4Plus": 36109429.72922201,
    "CH3Plus": 28979169.026563212,
    "CH5Plus": 32241498.166816697,
    "ArHPlus": 25550818.01542924,
    "CH3Minus": 9254.979521596424,
    "H": 21685315556528.96,
    "C2": 111482686263.67139,
    "CH": 9219635041.672304,
    "H2": 110158212262064.02,
    "ArStar": 454361165.9642036,
    "C2H4": 132068334476.93056,
    "C2H6": 4160141983050.6494,
    "CH2": 1171405643459.5293,
    "C2H2": 4057890812256.9795,
    "C2H5": 1552506378444.7559,
    "CH3": 27161027138515.42,
    "C": 45503906594.91798,
    "H3Plus": -546.9374990133728,
    "C2H3": 29996442860.311764,
    "C3H2": 3737781135.003416,
    "CHPlus": -315.9711159660355,
    "C3H": 2233630256.070051,
    "C4H2": 1162098.9415223578,
    "C2H": 1480983385.3606093,
    "C3H3": 15395256.641804565,
    "C3H4": 98942885.85480627,
    "C3": 1775553385.6624057,
    "C3H5": 1431354220.9129035,
    "C4H": 1376159.8756590285,
    "C3H6": 5286049922.566796,
    "CH2Plus": 10870.099237422504,
    "C2H5Plus": 16813235.077820018,
    "C2H4Plus": 818.6722326616734,
    "C2H3Plus": 545.7814884411156,
    "HMinus": 345155080.4280557,
    "C2HPlus": 16574.835863168704,
    "H2Plus": 2.1670951493034754e-06,
    "C2H2Star": 49264527.78912434
  }
}