{
  "pressure_mTorr": 500.0,
  "n_total": 1.2070595635737908e+16,
  "Te": 1.4801655584470927,
  "Ne": 2823751290.980729,
  "E_field": 194.46974875644491,
  "n_i_total": 1503268711.7575793,
  "Ni_over_Ne": 0.5323658342571214,
  "charge_imbalance_pct": 46.76341657428787,
  "rate_values": {
    "loss_C2_11_3": 131.52674077842698,
    "e_CH4_CH3_HMinus_cm3_8_1": 5.365679127504031e-13,
    "loss_C2H2Star_11_25": 538.8595189299785,
    "e_CH4Plus_CH2_H2_cm3_6_9": 1.3031407862550774e-06,
    "e_CH_CHPlus_2e_cm3_2_10": 1.751534488880682e-11,
    "loss_C3H4_11_18": 1134.657403972462,
    "e_CH4Plus_CH_H2_H_cm3_6_11": 7.900507614818346e-07,
    "loss_CH_11_9": 1606.6695142568306,
    "loss_C3H_11_10": 599.7182268345418,
    "stick_ArStar_9_5": 150.91186296011597,
    "ArStar_CH4_CH3_H_cm3_3_1": 1.720339536778381e-10,
    "loss_C4H2_11_11": 148.19502359363372,
    "loss_C3H6_11_16": 777.9358284468854,
    "loss_C4H_11_15": 754.034540400763,
    "loss_C2H_11_12": 482.3061689304003,
    "loss_C3_11_14": 471.068833101579,
    "e_CH4Plus_C_2H2_cm3_6_13": 8.12745846895084e-08,
    "loss_C3H3_11_13": 435.9109349230742,
    "e_CH4Plus_CH3_H_cm3_6_4": 1.5398113831965118e-07,
    "e_CH4_CH_H2_H_vib_cm3_1_3": 8.673035375859063e-11,
    "stick_CH_9_3": 1564.2527860819941,
    "stick_H_9_1": 216.91774913304238,
    "stick_C2_9_9": 5409.328434093563,
    "stick_C_9_10": 1292.1435036299677,
    "loss_CH2_11_1": 1666.9975935381765,
    "stick_CH3_9_2": 2088.265114189893,
    "e_Ar_ArStar_cm3_1_7": 1.6112412803926816e-10,
    "stick_C3_9_23": 1859.4536797083874,
    "stick_C2H4_9_12": 594.9529201384355,
    "stick_H2_9_16": 493.3958093321962,
    "stick_C3H3_9_21": 1872.4488686240888,
    "stick_C3H4_9_22": 1098.6427709917693,
    "stick_C3H_9_19": 864.6611601826629,
    "stick_C3H6_9_25": 972.7369398579596,
    "stick_C4H_9_24": 1492.3923459623961,
    "stick_C2H5_9_17": 1397.83144049551,
    "stick_C2H6_9_14": 1121.3122410784201,
    "loss_C_11_8": 759.0287044134103,
    "stick_C4H2_9_20": 1542.4287866295722,
    "stick_C2H2_9_11": 876.240973045998
  },
  "target_densities": {
    "H": 42429723433428.516,
    "CH": 62508087578.4645,
    "C2": 625430555503.0908
  },
  "all_densities": {
    "e": 2823751290.980729,
    "Ar": 1.0260006290377222e+16,
    "CH4": 1810589345360686.2,
    "ArPlus": 344620779.6354961,
    "CH4Plus": 290157317.13190484,
    "CH3Plus": 162834457.521514,
    "CH5Plus": 296474242.12393457,
    "ArHPlus": 170781793.65898752,
    "CH3Minus": 83859.39984539167,
    "H": 42429723433428.516,
    "C2": 625430555503.0908,
    "CH": 62508087578.4645,
    "H2": 149768941721895.47,
    "ArStar": 2097936163.0176885,
    "C2H4": 1678911125256.8706,
    "C2H6": 12877825535494.88,
    "CH2": 3417972853968.7056,
    "C2H2": 12546428388602.033,
    "C2H5": 5189523885521.198,
    "CH3": 45828484532200.22,
    "C": 366169535020.1149,
    "H3Plus": 5635084.596303236,
    "C2H3": 121877249879.32722,
    "C3H2": 77938147993.12119,
    "CHPlus": 1426.978508352172,
    "C3H": 53327699020.782875,
    "C4H2": 197170562.7586657,
    "C2H": 17819209711.58588,
    "C3H3": 330031470.7253451,
    "C3H4": 5169035372.563172,
    "C3": 37006387007.48151,
    "C3H5": 32438721352.669247,
    "C4H": 216867266.41455328,
    "C3H6": 96833239087.02989,
    "CH2Plus": 260198.7934987768,
    "C2H5Plus": 138325978.51419953,
    "C2H4Plus": 79764.4603999715,
    "C2H3Plus": 53176.30693331434,
    "HMinus": 1219798765.0641403,
    "C2HPlus": 392457.45759706246,
    "H2Plus": 93652034.57830244,
    "C2H2Star": 2930812752.69226
  }
}