{
  "pressure_mTorr": 500.0,
  "n_total": 1.2070595635737908e+16,
  "Te": 2.11402875270588,
  "Ne": 2597393357.6509795,
  "E_field": 356.47739067439045,
  "n_i_total": 1043635534.334352,
  "Ni_over_Ne": 0.40180111004757135,
  "charge_imbalance_pct": 59.81988899524286,
  "rate_values": {
    "loss_C2_11_3": 168.87771504917816,
    "e_CH4_CH3_HMinus_cm3_8_1": 9.060070549609984e-14,
    "loss_C2H2Star_11_25": 6744.923519386415,
    "e_CH4Plus_CH2_H2_cm3_6_9": 9.361559203663297e-07,
    "e_CH_CHPlus_2e_cm3_2_10": 2.9525528267381145e-12,
    "loss_C3H4_11_18": 884.3133614084268,
    "e_CH4Plus_CH_H2_H_cm3_6_11": 3.191346234398426e-07,
    "loss_C3H_11_10": 341.051167276045,
    "loss_C3H3_11_13": 816.0728148532357,
    "loss_C2H_11_12": 771.039592735979,
    "loss_C4H2_11_11": 957.5997482323335,
    "ArStar_CH4_CH3_H_cm3_3_1": 2.0483209303634308e-10,
    "loss_C3_11_14": 365.54359059985677,
    "loss_CH_11_9": 6660.76035887128,
    "e_CH4Plus_C_2H2_cm3_6_13": 7.214052916345153e-08,
    "loss_C3H6_11_16": 522.8250929951598,
    "loss_C4H_11_15": 553.2624122645864,
    "stick_ArStar_9_5": 298.25540049309035,
    "e_CH4Plus_CH3_H_cm3_6_4": 7.371946014080767e-07,
    "e_CH4_CH_H2_H_vib_cm3_1_3": 2.1171680824182816e-11,
    "stick_CH_9_3": 5081.140066395312,
    "stick_C2_9_9": 5766.632879639328,
    "stick_C_9_10": 4820.222470616525,
    "stick_H_9_1": 300.14860124568946,
    "loss_CH2_11_1": 2268.3724181706903,
    "stick_CH3_9_2": 2583.5615096736537,
    "e_Ar_ArStar_cm3_1_7": 1.652394620368565e-10,
    "CH_CH3_C2H4_cm3_7_5": 1.1950214612865547e-10,
    "e_CH4_CH3_H_cm3_1_1": 4.233425438034271e-11,
    "CH2_CH2_C2H2_H2_cm3_7_15": 8.781983377197053e-11,
    "e_C2H4_C2H2_H2_cm3_1_15": 7.431579855472727e-11,
    "C_CH_C2_H_cm3_7_4": 1.1024229297939216e-10,
    "C2HPlus_e_C2_H_cm3_6_18": 1.9275885287088919e-07,
    "CH_C_C2_H_cm3_7_9": 1.0537952301601608e-10,
    "e_C2H2_C2_H2_cm3_1_16": 4.6339341416522906e-11,
    "CH_CH_C2_H2_cm3_5_4": 1.593238821402666e-10,
    "CH3_CH3_C2H2_H2_H2_cm3_7_49": 9.608615879342271e-12,
    "e_C2H4_C2H2_H_H_cm3_1_17": 5.607421790212971e-11,
    "CH_CH4_C2H4_H_cm3_7_20": 7.111896256471909e-11,
    "CH2_CH3_C2H2_H_H2_cm3_7_62": 1.1207442738787985e-11,
    "e_CH4_CH2_H2_cm3_1_2": 5.86968266525228e-11,
    "CH2_C2H3_C2H2_CH3_cm3_7_53": 1.1900810893665598e-10,
    "C_CH3_C2_H2_H_cm3_7_8": 1.109289916608566e-10,
    "C2H2_C_C2_CH2_cm3_7_19": 1.1830864785986208e-10,
    "CH_H_C_H2_cm3_7_3": 1.100414548375659e-10,
    "C2_H_CH_C_cm3_7_6": 1.1166471286775533e-10,
    "e_C2H4_C2H2_H2_cm3_1_6": 2.4202954327776263e-11,
    "CH_CH4_CH2_CH3_cm3_7_39": 8.416906297636961e-12,
    "CH2_H_CH_H2_cm3_7_1": 1.313207207957543e-11,
    "C2H2_H_C2_H2_H_cm3_7_50": 9.957327421363035e-12,
    "CH3_C2H5_C2H2_CH3_H2_cm3_7_61": 9.420443173450926e-12,
    "C_H_CH_cm3_7_12": 8.413066400580192e-11,
    "C2H_H_C2_H2_cm3_7_47": 8.338265211892297e-11
  },
  "target_densities": {
    "H": 10523478385451.662,
    "CH": 2917029504.193271,
    "C2": 25902815066.89164
  },
  "all_densities": {
    "e": 2597393357.6509795,
    "Ar": 1.0260006290377222e+16,
    "CH4": 1810589345360686.2,
    "ArPlus": 268218939.40508083,
    "CH4Plus": 135590227.4861051,
    "CH3Plus": 102354404.0603272,
    "CH5Plus": 94417528.60502559,
    "ArHPlus": 94573755.9448456,
    "CH3Minus": 20815.153545634683,
    "H": 10523478385451.662,
    "C2": 25902815066.89164,
    "CH": 2917029504.193271,
    "H2": 31211047699032.055,
    "ArStar": 1976132849.4196677,
    "C2H4": 228908627317.83664,
    "C2H6": 2788841974093.0894,
    "CH2": 671634702439.9889,
    "C2H2": 1659409876637.6538,
    "C2H5": 323233529288.9936,
    "CH3": 15870193079605.504,
    "C": 14419639983.075361,
    "H3Plus": 2778738.6211601757,
    "C2H3": 2569130427.136012,
    "C3H2": 483913597.94590646,
    "CHPlus": 5.6400104884869355,
    "C3H": 304180051.9716341,
    "C4H2": 40193.07335484065,
    "C2H": 2868964989.5519104,
    "C3H3": 362728.2253655113,
    "C3H4": 34414184.6692495,
    "C3": 308977495.2733959,
    "C3H5": 94288174.16805144,
    "C4H": 78279.80182406264,
    "C3H6": 818310530.7322007,
    "CH2Plus": 17532.75168607194,
    "C2H5Plus": 47298052.17089115,
    "C2H4Plus": 5458.128633270521,
    "C2H3Plus": 3638.752422180347,
    "HMinus": 247196652.2276088,
    "C2HPlus": 26080.1716946328,
    "H2Plus": 298351172.59646964,
    "C2H2Star": 29170510.45975462
  }
}