{
  "pressure_mTorr": 500.0,
  "n_total": 1.2070595635737908e+16,
  "Te": 2.8724735408356747,
  "Ne": 2189839826.504189,
  "E_field": 120.4425577768474,
  "n_i_total": 15628548767.619253,
  "Ni_over_Ne": 7.136845616954696,
  "charge_imbalance_pct": 613.6845616954696,
  "rate_values": {
    "loss_C2_11_3": 715.2616679333275,
    "e_CH4_CH3_HMinus_cm3_8_1": 5.842637153727368e-13,
    "loss_C2H2Star_11_25": 9004.781870450242,
    "e_CH4Plus_CH2_H2_cm3_6_9": 1.183529570671441e-06,
    "loss_C3H4_11_18": 260.0252617849162,
    "e_CH4Plus_CH_H2_H_cm3_6_11": 1.114543737690624e-06,
    "stick_ArStar_9_5": 286.3128472959436,
    "loss_C4H_11_15": 802.9197275964912,
    "loss_C4H2_11_11": 867.4918242987969,
    "loss_C3H6_11_16": 967.1551526776602,
    "loss_CH_11_9": 4783.897001870906,
    "loss_C2H_11_12": 387.4043881628983,
    "e_CH4Plus_C_2H2_cm3_6_13": 6.296066037181139e-08,
    "ArStar_CH4_CH3_H_cm3_3_1": 1.929880164077988e-10,
    "loss_C3H3_11_13": 662.1680474959619,
    "loss_C3H_11_10": 701.4442819295975,
    "stick_H_9_1": 3782.78974977468,
    "loss_C3_11_14": 100.91527284587022,
    "e_CH4Plus_CH3_H_cm3_6_4": 2.0956818472661585e-07,
    "e_CH4_CH_H2_H_vib_cm3_1_3": 2.7909768458232623e-11,
    "stick_C2_9_9": 6154.868475634585,
    "stick_C_9_10": 5801.439857631996,
    "stick_CH_9_3": 5854.139558731569,
    "loss_CH2_11_1": 6022.0421791674125,
    "stick_CH3_9_2": 2213.3572344041177,
    "e_Ar_ArStar_cm3_1_7": 5.114211489472576e-11,
    "stick_C4H_9_24": 593.1298587992254,
    "stick_C2H2_9_11": 1325.0165255490608,
    "stick_H2_9_16": 966.7584383120144,
    "stick_C2H4_9_12": 615.2349602171228,
    "stick_C3_9_23": 1760.731481077322,
    "stick_C3H3_9_21": 947.2951778164511,
    "stick_C4H2_9_20": 1373.6445368062562,
    "stick_C3H6_9_25": 1727.7032849443096,
    "stick_C3H4_9_22": 1117.8589240406436,
    "stick_C3H_9_19": 751.4579010475295,
    "stick_C2H5_9_17": 1106.8455596770598,
    "loss_C_11_8": 531.5947649075275,
    "stick_C2H6_9_14": 1429.0815436841394,
    "e_CH4_CH3Plus_H_cm3_2_1": 1.4472920863480004e-11
  },
  "target_densities": {
    "H": 28826312985573.906,
    "CH": 17304103974.54781,
    "C2": 179864023817.67267
  },
  "all_densities": {
    "e": 2189839826.504189,
    "Ar": 1.0260006290377222e+16,
    "CH4": 1810589345360686.2,
    "ArPlus": 169990888.5714556,
    "CH4Plus": 237116951.49702632,
    "CH3Plus": 77505508.92162655,
    "CH5Plus": 1267931358.1112711,
    "ArHPlus": 96106235.09825936,
    "CH3Minus": 114230.65307057141,
    "H": 28826312985573.906,
    "C2": 179864023817.67267,
    "CH": 17304103974.54781,
    "H2": 75726131495361.67,
    "ArStar": 514630966.35925984,
    "C2H4": 384223566478.7184,
    "C2H6": 6324112278372.782,
    "CH2": 1702729441409.5635,
    "C2H2": 5582661012619.05,
    "C2H5": 2424116615798.7505,
    "CH3": 35006113970323.82,
    "C": 84414128446.96762,
    "H3Plus": 486168975.3701294,
    "C2H3": 95648899688.32771,
    "C3H2": 9643607263.423843,
    "CHPlus": 245808.24923695778,
    "C3H": 6641054727.97819,
    "C4H2": 5127644.3284751205,
    "C2H": 14612895957.477875,
    "C3H3": 102836677.42309812,
    "C3H4": 530778208.6067972,
    "C3": 5523481720.641186,
    "C3H5": 4194716596.6210556,
    "C4H": 11953299.109297505,
    "C3H6": 8392179496.714858,
    "CH2Plus": 99618.65150897273,
    "C2H5Plus": 106384340.4274801,
    "C2H4Plus": 22855.410751750358,
    "C2H3Plus": 15236.940501166906,
    "HMinus": 555943293.0333601,
    "C2HPlus": 218360.10347000443,
    "H2Plus": 13186742630.266535,
    "C2H2Star": 19143230.38434681
  }
}