{
  "pressure_mTorr": 500.0,
  "n_total": 1.2070595635737908e+16,
  "Te": 1.408240984825665,
  "Ne": 2238873628.698381,
  "E_field": 99.47125931310893,
  "n_i_total": 1173600967.2955348,
  "Ni_over_Ne": 0.5241925905294771,
  "charge_imbalance_pct": 47.5807409470523,
  "rate_values": {
    "loss_C2_11_3": 471.7740150074019,
    "e_CH4_CH3_HMinus_cm3_8_1": 1.2698451255904073e-13,
    "loss_C2H2Star_11_25": 4335.044306849055,
    "e_CH4Plus_CH2_H2_cm3_6_9": 2.1165241120639863e-06,
    "e_CH_CHPlus_2e_cm3_2_10": 1.0195577261987504e-11,
    "loss_C3H4_11_18": 750.9607384695846,
    "e_CH4Plus_CH_H2_H_cm3_6_11": 7.351102191879122e-07,
    "loss_C3H3_11_13": 326.4563496261912,
    "e_CH4Plus_C_2H2_cm3_6_13": 6.457030684585483e-08,
    "loss_C2H_11_12": 282.2181508793926,
    "loss_C3_11_14": 993.930678345256,
    "ArStar_CH4_CH3_H_cm3_3_1": 2.4136546194202187e-10,
    "loss_C4H_11_15": 383.90333094308113,
    "loss_C3H6_11_16": 476.3514972131081,
    "loss_C4H2_11_11": 320.94803303923413,
    "loss_CH_11_9": 1850.6746362147092,
    "stick_ArStar_9_5": 673.0693919932755,
    "loss_C3H_11_10": 883.5308381157647,
    "e_CH4Plus_CH3_H_cm3_6_4": 5.020307593357018e-07,
    "e_CH4_CH_H2_H_vib_cm3_1_3": 2.5289954892305515e-11,
    "stick_H_9_1": 296.36620612223226,
    "stick_CH_9_3": 4851.751277910496,
    "stick_C_9_10": 1782.3810630970827,
    "stick_C2_9_9": 6165.658752070893,
    "loss_CH2_11_1": 4420.352450591954,
    "stick_CH3_9_2": 4822.927227410568,
    "e_Ar_ArStar_cm3_1_7": 4.380840241938892e-11,
    "stick_C4H_9_24": 1001.2086476772955,
    "stick_H2_9_16": 555.5524852180512,
    "stick_C2H4_9_12": 1906.0640021394765,
    "stick_C3H6_9_25": 1534.2604703268112,
    "stick_C2H2_9_11": 1659.8862026088298,
    "stick_C2H5_9_17": 1460.5857754165384,
    "stick_C3H4_9_22": 1636.0219215300383,
    "loss_C_11_8": 1064.4498845449139,
    "stick_C3_9_23": 522.8356412325902,
    "stick_C4H2_9_20": 1785.4076559645885,
    "stick_C3H_9_19": 973.1592103381928,
    "stick_C3H3_9_21": 1606.1896963399731,
    "stick_C2H6_9_14": 459.5184649647481
  },
  "target_densities": {
    "H": 10448132397104.854,
    "CH": 2610441110.269521,
    "C2": 6944038463.397308
  },
  "all_densities": {
    "e": 2238873628.698381,
    "Ar": 1.0260006290377222e+16,
    "CH4": 1810589345360686.2,
    "ArPlus": 169415845.3903899,
    "CH4Plus": 284807394.5016104,
    "CH3Plus": 100054692.23217335,
    "CH5Plus": 335017896.8925919,
    "ArHPlus": 99891280.27270038,
    "CH3Minus": 30058.959071893412,
    "H": 10448132397104.854,
    "C2": 6944038463.397308,
    "CH": 2610441110.269521,
    "H2": 31154509438525.574,
    "ArStar": 439027571.3575607,
    "C2H4": 94418719552.84958,
    "C2H6": 1317004424788.0227,
    "CH2": 314503972077.2758,
    "C2H2": 489510103363.12146,
    "C2H5": 136380057838.23792,
    "CH3": 11246898231703.096,
    "C": 9725891230.07947,
    "H3Plus": 300669.1777891243,
    "C2H3": 1543958297.1855865,
    "C3H2": 127750381.28642122,
    "CHPlus": 53.64123525541951,
    "C3H": 68813729.28063029,
    "C4H2": 8528.198195722147,
    "C2H": 195935365.53137892,
    "C3H3": 208543.733081766,
    "C3H4": 11358354.727628678,
    "C3": 86637690.17691594,
    "C3H5": 35601210.96018714,
    "C4H": 24076.381715711064,
    "C3H6": 257701413.47954765,
    "CH2Plus": 28761.291901174176,
    "C2H5Plus": 165487604.56555298,
    "C2H4Plus": 6952.191804558053,
    "C2H3Plus": 4634.794536372036,
    "HMinus": 135897794.36100423,
    "C2HPlus": 23677.90490540792,
    "H2Plus": 18561504.438343726,
    "C2H2Star": 2974480.765905345
  }
}