{
  "pressure_mTorr": 500.0,
  "n_total": 1.2070595635737908e+16,
  "Te": 1.362631949595429,
  "Ne": 2961810962.9704537,
  "E_field": 11.905826635581946,
  "n_i_total": 11609510446.28444,
  "Ni_over_Ne": 3.919733768100126,
  "charge_imbalance_pct": 291.9733768100126,
  "rate_values": {
    "loss_C2_11_3": 874.3410168263749,
    "e_CH4_CH3_HMinus_cm3_8_1": 5.071086892246634e-13,
    "loss_C2H2Star_11_25": 4827.630621963731,
    "e_CH4Plus_CH2_H2_cm3_6_9": 2.3112448741778853e-06,
    "e_CH_CHPlus_2e_cm3_2_10": 4.3059060217239515e-12,
    "loss_C3H4_11_18": 495.9064139544403,
    "e_CH4Plus_CH_H2_H_cm3_6_11": 4.987098689922927e-07,
    "loss_C4H_11_15": 639.5183423792078,
    "stick_ArStar_9_5": 156.18142578985538,
    "loss_C3H_11_10": 197.10401155068797,
    "loss_C3H3_11_13": 806.4347005536465,
    "loss_C3_11_14": 142.95213612169243,
    "ArStar_CH4_CH3_H_cm3_3_1": 3.0429506001795953e-10,
    "loss_C3H6_11_16": 915.6366682335347,
    "loss_C2H_11_12": 587.2019826259699,
    "e_CH4Plus_C_2H2_cm3_6_13": 9.071486802142919e-08,
    "loss_C4H2_11_11": 270.19504507249303,
    "loss_CH_11_9": 8489.081384308587,
    "e_CH4Plus_CH3_H_cm3_6_4": 6.178102260069973e-07,
    "e_CH4_CH_H2_H_vib_cm3_1_3": 8.712022505306644e-11,
    "stick_C2_9_9": 6119.085812576276,
    "stick_CH_9_3": 5332.998312793627,
    "stick_C_9_10": 5021.152842862548,
    "stick_H_9_1": 288.99684352977937,
    "loss_CH2_11_1": 3752.4603683480577,
    "stick_CH3_9_2": 5721.755494988254,
    "e_Ar_ArStar_cm3_1_7": 4.4313075890402516e-11,
    "stick_C4H2_9_20": 823.0344361241448,
    "stick_C3H4_9_22": 624.4528191514248,
    "stick_C2H5_9_17": 1578.1325534103528,
    "stick_C2H6_9_14": 887.9370428032416,
    "stick_C2H2_9_11": 1892.1077457875485,
    "stick_C3H3_9_21": 1351.592782206205,
    "stick_H2_9_16": 894.2084620691967,
    "stick_C3_9_23": 609.563967705874,
    "stick_C3H6_9_25": 711.6947203634935,
    "stick_C2H4_9_12": 1637.7208171574457,
    "loss_C_11_8": 1744.6333225856217,
    "stick_C4H_9_24": 504.71888990356854,
    "stick_C3H_9_19": 863.5153909673384
  },
  "target_densities": {
    "H": 42241786428771.66,
    "CH": 14485516735.495186,
    "C2": 158896192606.99164
  },
  "all_densities": {
    "e": 2961810962.9704537,
    "Ar": 1.0260006290377222e+16,
    "CH4": 1810589345360686.2,
    "ArPlus": 249300894.7389572,
    "CH4Plus": 2856602246.6623716,
    "CH3Plus": 179152197.7457802,
    "CH5Plus": 5432896278.505004,
    "ArHPlus": 195187358.1196653,
    "CH3Minus": 885822.7087529434,
    "H": 42241786428771.66,
    "C2": 158896192606.99164,
    "CH": 14485516735.495186,
    "H2": 117362719472849.44,
    "ArStar": 550405893.4764955,
    "C2H4": 671411050471.6326,
    "C2H6": 7732758221541.437,
    "CH2": 1849204697876.1501,
    "C2H2": 3943160229139.4453,
    "C2H5": 1995221801627.3267,
    "CH3": 32792494839336.06,
    "C": 112903002092.83884,
    "H3Plus": 16182783.273095474,
    "C2H3": 22465031538.675323,
    "C3H2": 5703609376.0868435,
    "CHPlus": 1337.5003269718968,
    "C3H": 5378065806.854709,
    "C4H2": 7126048.427134924,
    "C2H": 1425356516.5899427,
    "C3H3": 15079399.725750457,
    "C3H4": 954899936.7948846,
    "C3": 8202096950.540706,
    "C3H5": 2890181879.84975,
    "C4H": 7220506.966479774,
    "C3H6": 12500252698.43467,
    "CH2Plus": 2529822.11488129,
    "C2H5Plus": 2472787559.542734,
    "C2H4Plus": 543726.0492956064,
    "C2H3Plus": 362484.03286373767,
    "HMinus": 573307690.9225063,
    "C2HPlus": 2029165.5437561534,
    "H2Plus": 201934592.45570835,
    "C2H2Star": 26973960.507661864
  }
}