{
  "pressure_mTorr": 500.0,
  "n_total": 1.2070595635737908e+16,
  "Te": 1.051108133639706,
  "Ne": 2393904497.0939097,
  "E_field": 27.654505743246176,
  "n_i_total": 5436737660.281305,
  "Ni_over_Ne": 2.2710754196256597,
  "charge_imbalance_pct": 127.10754196256599,
  "rate_values": {
    "loss_C2_11_3": 1447.2502683445696,
    "e_CH4_CH3_HMinus_cm3_8_1": 7.502404542591788e-14,
    "loss_C2H2Star_11_25": 4879.554631148483,
    "e_CH4Plus_CH2_H2_cm3_6_9": 1.6360303106623977e-06,
    "e_CH_CHPlus_2e_cm3_2_10": 1.2852766220626169e-11,
    "loss_C3H4_11_18": 1427.3339905930002,
    "e_CH4Plus_CH_H2_H_cm3_6_11": 9.831644619308025e-07,
    "loss_C3H3_11_13": 714.6830038719581,
    "loss_C4H2_11_11": 998.543669762535,
    "loss_C3H_11_10": 276.8851297701436,
    "loss_C3H6_11_16": 556.3274408178412,
    "loss_C4H_11_15": 492.9398693111314,
    "loss_C2H_11_12": 481.82410183877386,
    "loss_C3_11_14": 340.71004385949016,
    "ArStar_CH4_CH3_H_cm3_3_1": 4.3060840480451044e-10,
    "loss_CH_11_9": 2896.2857674172055,
    "e_CH4Plus_C_2H2_cm3_6_13": 7.439194471070955e-08,
    "stick_ArStar_9_5": 675.4806728159351,
    "e_CH4Plus_CH3_H_cm3_6_4": 1.8593951196978804e-07,
    "e_CH4_CH_H2_H_vib_cm3_1_3": 3.105626471228119e-11,
    "stick_CH_9_3": 5348.678278380603,
    "stick_C2_9_9": 3982.7026188387094,
    "stick_C_9_10": 5217.484351033314,
    "stick_H_9_1": 474.895983643248,
    "loss_CH2_11_1": 1875.5843508435469,
    "stick_CH3_9_2": 4769.943823063193,
    "e_Ar_ArStar_cm3_1_7": 1.6934337927807757e-10,
    "stick_C3H4_9_22": 1482.7382878109865,
    "stick_C3H6_9_25": 507.65524347822793,
    "stick_C4H2_9_20": 1301.0566002145722,
    "loss_C_11_8": 1003.8783227394879,
    "stick_C2H6_9_14": 641.8754985064877,
    "stick_C2H4_9_12": 1041.7252252183964,
    "stick_C3H3_9_21": 1665.0035218464113,
    "stick_C2H2_9_11": 1810.664614143836,
    "stick_C2H5_9_17": 1041.0153472249074,
    "stick_C3H_9_19": 635.2686647740559,
    "stick_H2_9_16": 574.993249596672,
    "stick_C3_9_23": 632.319996413485,
    "stick_C4H_9_24": 861.4737178790047
  },
  "target_densities": {
    "H": 10339678325900.781,
    "CH": 2307990923.6326976,
    "C2": 8278452099.69734
  },
  "all_densities": {
    "e": 2393904497.0939097,
    "Ar": 1.0260006290377222e+16,
    "CH4": 1810589345360686.2,
    "ArPlus": 291118521.03167963,
    "CH4Plus": 1444804516.5064664,
    "CH3Plus": 174522671.4284419,
    "CH5Plus": 2276969765.821922,
    "ArHPlus": 213246324.3250164,
    "CH3Minus": 78070.10251886686,
    "H": 10339678325900.781,
    "C2": 8278452099.69734,
    "CH": 2307990923.6326976,
    "H2": 30636694720831.6,
    "ArStar": 1578655754.622399,
    "C2H4": 117191438502.53516,
    "C2H6": 1126272396536.7354,
    "CH2": 459810375311.58,
    "C2H2": 486933807095.6094,
    "C2H5": 251285134184.9087,
    "CH3": 11342998193333.672,
    "C": 8043474185.88204,
    "H3Plus": 25726.1842476248,
    "C2H3": 1355950147.0356832,
    "C3H2": 112357948.60610004,
    "CHPlus": 226.81941563887736,
    "C3H": 123175995.63000171,
    "C4H2": 12362.543335685677,
    "C2H": 85775105.44763418,
    "C3H3": 131509.78494161338,
    "C3H4": 10223954.100329677,
    "C3": 119426116.73903064,
    "C3H5": 57996380.89425938,
    "C4H": 19146.376559825796,
    "C3H6": 426621795.09590346,
    "CH2Plus": 263819.6431620931,
    "C2H5Plus": 1034421568.7197689,
    "C2H4Plus": 18863.545316544645,
    "C2H3Plus": 12575.696877696426,
    "HMinus": 173055922.59061137,
    "C2HPlus": 53176.95027510542,
    "H2Plus": 1279903.6087151256,
    "C2H2Star": 9452102.679019507
  }
}