{
  "pressure_mTorr": 500.0,
  "n_total": 1.2070595635737908e+16,
  "Te": 1.0680284233902197,
  "Ne": 2140964956.1886706,
  "E_field": 232.87690994764984,
  "n_i_total": 747977741.097927,
  "Ni_over_Ne": 0.3493647754185903,
  "charge_imbalance_pct": 65.06352245814097,
  "rate_values": {
    "loss_C2_11_3": 1687.5409570187292,
    "e_CH4_CH3_HMinus_cm3_8_1": 8.864447848722506e-14,
    "loss_C2H2Star_11_25": 8502.870335659189,
    "e_CH4Plus_CH2_H2_cm3_6_9": 1.570809338388253e-06,
    "e_CH_CHPlus_2e_cm3_2_10": 1.676941725165062e-11,
    "loss_C3H4_11_18": 1033.8398401090697,
    "e_CH4Plus_CH_H2_H_cm3_6_11": 4.369434282680032e-07,
    "loss_C3H6_11_16": 301.2823423335525,
    "loss_C3H_11_10": 248.31670619649339,
    "loss_C3H3_11_13": 161.38798485875037,
    "loss_C3_11_14": 368.2392679201168,
    "loss_C4H_11_15": 991.7883302476725,
    "loss_C4H2_11_11": 710.6257217903318,
    "loss_C2H_11_12": 267.67658651239094,
    "loss_CH_11_9": 7453.743521032646,
    "stick_ArStar_9_5": 519.7114548492011,
    "e_CH4Plus_C_2H2_cm3_6_13": 7.962582245694422e-08,
    "ArStar_CH4_CH3_H_cm3_3_1": 3.0394641356080073e-10,
    "e_CH4Plus_CH3_H_cm3_6_4": 4.784830811620675e-07,
    "e_CH4_CH_H2_H_vib_cm3_1_3": 4.022624863383148e-11,
    "stick_C_9_10": 2779.748303541862,
    "stick_CH_9_3": 5684.730794305028,
    "stick_H_9_1": 344.5394438669954,
    "stick_C2_9_9": 1683.35340056398,
    "loss_CH2_11_1": 2512.7182676917982,
    "stick_CH3_9_2": 3382.0897003458654,
    "e_Ar_ArStar_cm3_1_7": 1.557184536988526e-10,
    "stick_C2H5_9_17": 1200.3704152223336,
    "stick_C2H2_9_11": 1940.7286106588133,
    "stick_H2_9_16": 544.8331766833732,
    "stick_C2H6_9_14": 1508.3788286963868,
    "stick_C4H_9_24": 653.2053307357137,
    "stick_C3H_9_19": 1325.8447248765876,
    "stick_C3H4_9_22": 626.8496841685444,
    "stick_C3_9_23": 546.7049310097872,
    "loss_C_11_8": 721.863843466965,
    "stick_C3H6_9_25": 1444.0762574478028,
    "stick_C2H4_9_12": 1935.1446960930118,
    "stick_C3H3_9_21": 1449.1044778564226,
    "stick_C4H2_9_20": 1168.288612397755
  },
  "target_densities": {
    "H": 10434784593888.928,
    "CH": 2518481880.8041697,
    "C2": 17435653565.3974
  },
  "all_densities": {
    "e": 2140964956.1886706,
    "Ar": 1.0260006290377222e+16,
    "CH4": 1810589345360686.2,
    "ArPlus": 218340122.90823245,
    "CH4Plus": 146629609.3200215,
    "CH3Plus": 90107166.48758632,
    "CH5Plus": 133392401.22296183,
    "ArHPlus": 95585444.20745242,
    "CH3Minus": 10533.121096855722,
    "H": 10434784593888.928,
    "C2": 17435653565.3974,
    "CH": 2518481880.8041697,
    "H2": 31791075371092.125,
    "ArStar": 1421166717.608281,
    "C2H4": 95255505596.47058,
    "C2H6": 956057733248.6072,
    "CH2": 508864470096.25464,
    "C2H2": 692265331838.1108,
    "C2H5": 305674661531.8362,
    "CH3": 13858786795589.895,
    "C": 13787247456.614002,
    "H3Plus": 2532.853205838064,
    "C2H3": 1800281183.5781136,
    "C3H2": 174301871.88370392,
    "CHPlus": 34.86777066672583,
    "C3H": 110736978.52455463,
    "C4H2": 14843.09682855256,
    "C2H": 152416659.1341631,
    "C3H3": 281527.2748032743,
    "C3H4": 15890338.773317432,
    "C3": 200152146.13676473,
    "C3H5": 76983609.6488877,
    "C4H": 26685.58040928473,
    "C3H6": 267557079.39955,
    "CH2Plus": 17901.006187642946,
    "C2H5Plus": 63677250.56819088,
    "C2H4Plus": 1926.820263081726,
    "C2H3Plus": 1284.546842054484,
    "HMinus": 184068492.25577873,
    "C2HPlus": 9767.649475978682,
    "H2Plus": 212298.6397362646,
    "C2H2Star": 6942298.851034547
  }
}