{
  "pressure_mTorr": 500.0,
  "n_total": 1.2070595635737908e+16,
  "Te": 2.780335482292739,
  "Ne": 2043412982.9092062,
  "E_field": 116.78782117839228,
  "n_i_total": 5673475457.551279,
  "Ni_over_Ne": 2.776470299936117,
  "charge_imbalance_pct": 177.64702999361168,
  "rate_values": {
    "loss_C2_11_3": 638.0706864406095,
    "e_CH4_CH3_HMinus_cm3_8_1": 6.757047959253276e-13,
    "loss_C2H2Star_11_25": 3013.9997635539203,
    "e_CH4Plus_CH2_H2_cm3_6_9": 2.4665565664724365e-06,
    "e_CH_CHPlus_2e_cm3_2_10": 1.2657443525267811e-11,
    "loss_C3H4_11_18": 221.07750813683379,
    "e_CH4Plus_CH_H2_H_cm3_6_11": 1.4273400644842076e-07,
    "loss_CH_11_9": 5423.737555455553,
    "loss_C3_11_14": 367.01048958614416,
    "loss_C3H6_11_16": 113.8592707147634,
    "loss_C2H_11_12": 963.0603577843913,
    "stick_ArStar_9_5": 106.763365342788,
    "e_CH4Plus_C_2H2_cm3_6_13": 4.208241780431915e-08,
    "loss_C4H_11_15": 560.7035129966114,
    "loss_C4H2_11_11": 595.9842079591065,
    "ArStar_CH4_CH3_H_cm3_3_1": 1.5564812115387893e-10,
    "loss_C3H3_11_13": 778.3920344704687,
    "loss_C3H_11_10": 729.7796071157045,
    "e_CH4Plus_CH3_H_cm3_6_4": 3.4146903662154653e-07,
    "e_CH4_CH_H2_H_vib_cm3_1_3": 3.473832308962335e-11,
    "stick_CH_9_3": 2767.7819357309513,
    "stick_H_9_1": 178.53915161726695,
    "stick_C2_9_9": 4128.575053442313,
    "stick_C_9_10": 3953.4986244801453,
    "loss_CH2_11_1": 5082.904824278731,
    "stick_CH3_9_2": 4940.841742713958,
    "e_Ar_ArStar_cm3_1_7": 1.036930262903354e-10,
    "e_C2H4_C2H2_H_H_cm3_1_17": 5.0948673409741246e-11,
    "CH2_H_CH_H2_cm3_7_1": 1.5246810379233572e-11,
    "CH_CH4_C2H4_H_cm3_7_20": 7.158513062051994e-11,
    "C2H_H_C2_H2_cm3_7_47": 1.1744226415554095e-10,
    "e_CH4_CH3_H_cm3_1_1": 7.794229549182465e-11,
    "e_C2H4_C2H2_H2_cm3_1_15": 4.9487148875361864e-11,
    "CH2_CH2_C2H2_H2_cm3_7_15": 9.132032785485841e-11,
    "CH_H_C_H2_cm3_7_3": 9.144166613850576e-11,
    "C_H_CH_cm3_7_12": 9.809984593298959e-11,
    "C_CH_C2_H_cm3_7_4": 1.1251335041883886e-10,
    "C2H2_H_C2_H2_H_cm3_7_50": 1.1013884097379492e-11,
    "CH3_CH3_C2H2_H2_H2_cm3_7_49": 9.491214132158844e-12,
    "CH3_C2H5_C2H2_CH3_H2_cm3_7_61": 8.51304771479012e-12,
    "C2H2_C_C2_CH2_cm3_7_19": 1.1581182062799013e-10,
    "C_CH3_C2_H2_H_cm3_7_8": 8.735941308943548e-11,
    "e_C2H4_C2H2_H2_cm3_1_6": 2.511020159520979e-11,
    "CH_CH_C2_H2_cm3_5_4": 1.431785392985776e-10,
    "CH_C_C2_H_cm3_7_9": 1.009650025810829e-10,
    "CH_CH4_CH2_CH3_cm3_7_39": 8.412650066644502e-12,
    "C2_H_CH_C_cm3_7_6": 8.591140791170562e-11,
    "e_C2H2_C2_H2_cm3_1_16": 9.53423981369002e-11,
    "C2HPlus_e_C2_H_cm3_6_18": 2.52943139887989e-07,
    "CH_CH3_C2H4_cm3_7_5": 1.0066212451381353e-10,
    "CH2_C2H3_C2H2_CH3_cm3_7_53": 8.081666884146106e-11,
    "CH2_CH3_C2H2_H_H2_cm3_7_62": 9.748058722582856e-12,
    "e_CH4_CH2_H2_cm3_1_2": 3.91573240140876e-11
  },
  "target_densities": {
    "H": 10651408915021.51,
    "CH": 2449487193.7435966,
    "C2": 16951165976.092861
  },
  "all_densities": {
    "e": 2043412982.9092062,
    "Ar": 1.0260006290377222e+16,
    "CH4": 1810589345360686.2,
    "ArPlus": 218755320.92012808,
    "CH4Plus": 302244813.7083385,
    "CH3Plus": 118706147.33010586,
    "CH5Plus": 475630442.3825761,
    "ArHPlus": 123625552.3096898,
    "CH3Minus": 35476.60495075439,
    "H": 10651408915021.51,
    "C2": 16951165976.092861,
    "CH": 2449487193.7435966,
    "H2": 28639786917817.266,
    "ArStar": 1017883990.8741963,
    "C2H4": 177201059613.068,
    "C2H6": 1406410362884.1487,
    "CH2": 283103150747.898,
    "C2H2": 783283434728.4221,
    "C2H5": 100992565116.14818,
    "CH3": 11285496414968.145,
    "C": 8196590827.487094,
    "H3Plus": 59695256.80762385,
    "C2H3": 1837251527.3208673,
    "C3H2": 191817288.8446205,
    "CHPlus": 48.62230638056933,
    "C3H": 96899946.8609912,
    "C4H2": 12857.920337945328,
    "C2H": 2109153898.5152926,
    "C3H3": 221866.5825629305,
    "C3H4": 32456270.741894532,
    "C3": 123789306.45688026,
    "C3H5": 24737999.491532125,
    "C4H": 25948.69834796602,
    "C3H6": 446487230.9750785,
    "CH2Plus": 26161.50760010345,
    "C2H5Plus": 167285792.71291018,
    "C2H4Plus": 10143.87865218956,
    "C2H3Plus": 6762.585768126372,
    "HMinus": 567585314.2148747,
    "C2HPlus": 29477.37565445064,
    "H2Plus": 4207459537.4099255,
    "C2H2Star": 15871766.378380159
  }
}