{
  "pressure_mTorr": 500.0,
  "n_total": 1.2070595635737908e+16,
  "Te": 1.0680284233902197,
  "Ne": 2140964956.1886706,
  "E_field": 232.87690994764984,
  "n_i_total": 796941198.6892309,
  "Ni_over_Ne": 0.3722345834692874,
  "charge_imbalance_pct": 62.77654165307126,
  "rate_values": {
    "loss_C2_11_3": 1687.5409570187292,
    "e_CH4_CH3_HMinus_cm3_8_1": 8.864447848722506e-14,
    "loss_C2H2Star_11_25": 8502.870335659189,
    "e_CH4Plus_CH2_H2_cm3_6_9": 1.570809338388253e-06,
    "e_CH_CHPlus_2e_cm3_2_10": 1.676941725165062e-11,
    "loss_C3H4_11_18": 1033.8398401090697,
    "e_CH4Plus_CH_H2_H_cm3_6_11": 4.369434282680032e-07,
    "loss_C3H_11_10": 301.2823423335525,
    "stick_ArStar_9_5": 177.29812822429628,
    "loss_C3_11_14": 161.38798485875037,
    "ArStar_CH4_CH3_H_cm3_3_1": 1.841196339600584e-10,
    "loss_C4H_11_15": 991.7883302476725,
    "loss_C3H3_11_13": 710.6257217903318,
    "loss_C3H6_11_16": 267.67658651239094,
    "loss_C4H2_11_11": 745.3743521032646,
    "e_CH4Plus_C_2H2_cm3_6_13": 7.278871916655477e-08,
    "loss_C2H_11_12": 796.2582245694423,
    "loss_CH_11_9": 6078.928271216014,
    "e_CH4Plus_CH3_H_cm3_6_4": 4.784830811620675e-07,
    "e_CH4_CH_H2_H_vib_cm3_1_3": 4.022624863383148e-11,
    "stick_C_9_10": 2779.748303541862,
    "stick_C2_9_9": 5684.730794305028,
    "stick_H_9_1": 344.5394438669954,
    "stick_CH_9_3": 1683.35340056398,
    "loss_CH2_11_1": 2512.7182676917982,
    "stick_CH3_9_2": 3382.0897003458654,
    "e_Ar_ArStar_cm3_1_7": 1.557184536988526e-10,
    "stick_C3H3_9_21": 1200.3704152223336,
    "stick_H2_9_16": 970.3643053294066,
    "stick_C4H_9_24": 1089.6663533667463,
    "stick_C2H6_9_14": 1508.3788286963868,
    "stick_C3H6_9_25": 653.2053307357137,
    "stick_C2H2_9_11": 1325.8447248765876,
    "stick_C2H5_9_17": 626.8496841685444,
    "stick_C2H4_9_12": 546.7049310097872,
    "stick_C3H4_9_22": 721.863843466965,
    "stick_C3_9_23": 1444.0762574478028,
    "stick_C4H2_9_20": 1935.1446960930118,
    "stick_C3H_9_19": 1449.1044778564226,
    "loss_C_11_8": 1168.288612397755
  },
  "target_densities": {
    "H": 41744746400383.73,
    "CH": 18355724622.214428,
    "C2": 306674575179.4318
  },
  "all_densities": {
    "e": 2140964956.1886706,
    "Ar": 1.0260006290377222e+16,
    "CH4": 1810589345360686.2,
    "ArPlus": 229916053.77751622,
    "CH4Plus": 153246307.9363261,
    "CH3Plus": 95667650.45628208,
    "CH5Plus": 144718855.36445016,
    "ArHPlus": 104595387.8089959,
    "CH3Minus": 30415.074536485412,
    "H": 41744746400383.73,
    "C2": 306674575179.4318,
    "CH": 18355724622.214428,
    "H2": 118446083546595.64,
    "ArStar": 1531081429.1769845,
    "C2H4": 1426019378729.5076,
    "C2H6": 7988423598273.935,
    "CH2": 2594512554886.502,
    "C2H2": 7777747817856.292,
    "C2H5": 5318546409037.289,
    "CH3": 40082363418910.44,
    "C": 199363272160.99747,
    "H3Plus": 32701.406228782012,
    "C2H3": 33067154667.863968,
    "C3H2": 14250461957.017693,
    "CHPlus": 254.13055437372498,
    "C3H": 8147721300.919212,
    "C4H2": 5579416.740159376,
    "C2H": 2929763925.1033945,
    "C3H3": 31762051.9145749,
    "C3H4": 1639979524.645294,
    "C3": 9593777374.049156,
    "C3H5": 9762577327.475592,
    "C4H": 12567055.025581136,
    "C3H6": 41902749329.555954,
    "CH2Plus": 96902.92037272987,
    "C2H5Plus": 67765933.21514249,
    "C2H4Plus": 28845.398670426424,
    "C2H3Plus": 19230.265780284284,
    "HMinus": 569208292.1514254,
    "C2HPlus": 109741.61337194381,
    "H2Plus": 743334.3955393805,
    "C2H2Star": 84030672.75858946
  }
}