{
  "pressure_mTorr": 500.0,
  "n_total": 1.2070595635737908e+16,
  "Te": 1.0726926386275322,
  "Ne": 2877961819.670658,
  "E_field": 35.9927344278851,
  "n_i_total": 4723535169.373031,
  "Ni_over_Ne": 1.6412779131008668,
  "charge_imbalance_pct": 64.12779131008666,
  "rate_values": {
    "loss_C2_11_3": 1116.6210065053203,
    "e_CH4_CH3_HMinus_cm3_8_1": 8.486050257975992e-13,
    "loss_C2H2Star_11_25": 6212.964630585155,
    "e_CH4Plus_CH2_H2_cm3_6_9": 1.4213363735220827e-06,
    "e_CH_CHPlus_2e_cm3_2_10": 2.3241639715816335e-11,
    "loss_C3H4_11_18": 791.9841914413802,
    "e_CH4Plus_CH_H2_H_cm3_6_11": 8.513711252351574e-07,
    "loss_C3H6_11_16": 394.3430961128923,
    "loss_C3_11_14": 284.41517862856165,
    "loss_C4H_11_15": 134.95631835454355,
    "loss_C2H_11_12": 265.7405450345405,
    "loss_CH_11_9": 8345.698852786565,
    "ArStar_CH4_CH3_H_cm3_3_1": 4.520252517737598e-10,
    "e_CH4Plus_C_2H2_cm3_6_13": 3.946999436792258e-08,
    "loss_C3H3_11_13": 460.9668175038775,
    "loss_C4H2_11_11": 234.71352250803557,
    "stick_ArStar_9_5": 695.4385408847661,
    "loss_C3H_11_10": 176.678494194934,
    "e_CH4Plus_CH3_H_cm3_6_4": 3.8573577459417226e-07,
    "e_CH4_CH_H2_H_vib_cm3_1_3": 4.8806749670872365e-11,
    "stick_CH_9_3": 4604.7627399425655,
    "stick_C2_9_9": 5154.588882231099,
    "stick_C_9_10": 5394.7184345755395,
    "stick_H_9_1": 328.2706819461504,
    "loss_CH2_11_1": 5379.443394855366,
    "stick_CH3_9_2": 2934.2900265027356,
    "e_Ar_ArStar_cm3_1_7": 1.2200489781180438e-10,
    "C2H2_H_C2_H2_H_cm3_7_50": 1.0397734852566401e-11,
    "e_CH4_CH2_H2_cm3_1_2": 5.987434969208327e-11,
    "C_CH3_C2_H2_H_cm3_7_8": 1.05657636454225e-10,
    "CH2_CH3_C2H2_H_H2_cm3_7_62": 1.0029855888109402e-11,
    "C2H2_C_C2_CH2_cm3_7_19": 9.734458444308821e-11,
    "C_H_CH_cm3_7_12": 1.0118621351508553e-10,
    "CH_CH3_C2H4_cm3_7_5": 1.1910590032985096e-10,
    "e_CH4_CH3_H_cm3_1_1": 7.902194723285945e-11,
    "CH2_CH2_C2H2_H2_cm3_7_15": 9.065033866903631e-11,
    "CH2_C2H3_C2H2_CH3_cm3_7_53": 1.0102727041388944e-10,
    "CH_CH_C2_H2_cm3_5_4": 1.7187234791581613e-10,
    "CH3_CH3_C2H2_H2_H2_cm3_7_49": 1.1298571766960305e-11,
    "CH3_C2H5_C2H2_CH3_H2_cm3_7_61": 8.741633915545784e-12,
    "CH_C_C2_H_cm3_7_9": 1.1454140518014735e-10,
    "CH_CH4_CH2_CH3_cm3_7_39": 1.1596152069386794e-11,
    "CH2_H_CH_H2_cm3_7_1": 1.1215043010277135e-11,
    "C2_H_CH_C_cm3_7_6": 9.23153469644981e-11,
    "CH_H_C_H2_cm3_7_3": 1.1682726565749448e-10,
    "C2HPlus_e_C2_H_cm3_6_18": 2.396095689505562e-07,
    "C_CH_C2_H_cm3_7_4": 8.519783472839165e-11,
    "e_C2H2_C2_H2_cm3_1_16": 8.886800838241795e-11,
    "C2H_H_C2_H2_cm3_7_47": 9.377043742197057e-11,
    "CH_CH4_C2H4_H_cm3_7_20": 6.853559942639743e-11
  },
  "target_densities": {
    "H": 10571221428563.912,
    "CH": 3196490778.036842,
    "C2": 26099941798.896893
  },
  "all_densities": {
    "e": 2877961819.670658,
    "Ar": 1.0260006290377222e+16,
    "CH4": 1810589345360686.2,
    "ArPlus": 319179066.85203767,
    "CH4Plus": 1229115528.877111,
    "CH3Plus": 189531930.1662111,
    "CH5Plus": 1892407614.9872031,
    "ArHPlus": 227171160.83967832,
    "CH3Minus": 99019.56198667901,
    "H": 10571221428563.912,
    "C2": 26099941798.896893,
    "CH": 3196490778.036842,
    "H2": 31954621548284.254,
    "ArStar": 1346228200.053283,
    "C2H4": 229033990444.36264,
    "C2H6": 2518796047258.6865,
    "CH2": 445737828469.7483,
    "C2H2": 1678217857639.9463,
    "C2H5": 203660142769.78537,
    "CH3": 15062123864528.33,
    "C": 9826915012.358265,
    "H3Plus": 35298.65406592607,
    "C2H3": 2496714757.002445,
    "C3H2": 536269372.5378973,
    "CHPlus": 526.7801993115398,
    "C3H": 375922556.7862251,
    "C4H2": 80933.6594438336,
    "C2H": 495194757.30304015,
    "C3H3": 466445.3813189584,
    "C3H4": 39437893.08061056,
    "C3": 360480294.3204422,
    "C3H5": 65099776.82172856,
    "C4H": 123771.42016273821,
    "C3H6": 844031602.2008098,
    "CH2Plus": 213397.55891554942,
    "C2H5Plus": 863861481.5588785,
    "C2H4Plus": 42068.333153450905,
    "C2H3Plus": 28045.555435633934,
    "HMinus": 896648722.9104751,
    "C2HPlus": 213630.20896250487,
    "H2Plus": 1735419.001178417,
    "C2H2Star": 21818223.73170456
  }
}