{
  "pressure_mTorr": 500.0,
  "n_total": 1.2070595635737908e+16,
  "Te": 5.414018953946154,
  "Ne": 1800387957.4339805,
  "E_field": 422.17461901759657,
  "n_i_total": 31934970473.920288,
  "Ni_over_Ne": 17.73782719555395,
  "charge_imbalance_pct": 1673.782719555395,
  "rate_values": {
    "loss_C2_11_3": 1715.9929642856237,
    "e_CH4_CH3_HMinus_cm3_8_1": 6.395019871429421e-14,
    "loss_C2H2Star_11_25": 2504.818774037034,
    "e_CH4Plus_CH2_H2_cm3_6_9": 6.653124212461679e-07,
    "loss_C3H4_11_18": 657.1301779649334,
    "e_CH4Plus_CH_H2_H_cm3_6_11": 8.828984509008222e-07,
    "ArStar_CH4_CH3_H_cm3_3_1": 2.2639285413512764e-10,
    "stick_ArStar_9_5": 543.1216968318699,
    "loss_C3H6_11_16": 534.367830354198,
    "loss_C3H_11_10": 571.1737947619936,
    "loss_CH_11_9": 8511.880995861695,
    "loss_C4H_11_15": 172.88413381323596,
    "e_CH4Plus_C_2H2_cm3_6_13": 6.810446808860633e-08,
    "loss_C2H_11_12": 232.87809685419205,
    "loss_C3H3_11_13": 376.16343757135286,
    "loss_C3_11_14": 208.0536733274384,
    "loss_C4H2_11_11": 516.3355129314688,
    "stick_H_9_1": 3665.8059068956595,
    "e_CH4Plus_CH3_H_cm3_6_4": 7.709115099805873e-07,
    "e_CH4_CH_H2_H_vib_cm3_1_3": 9.192384918048016e-11,
    "stick_C2_9_9": 3417.996392221413,
    "stick_CH_9_3": 5285.493578813733,
    "stick_C_9_10": 5112.047138764735,
    "loss_CH2_11_1": 5666.372262022292,
    "stick_CH3_9_2": 2889.9020801053603,
    "e_Ar_ArStar_cm3_1_7": 1.5178921036274323e-10,
    "stick_C3H4_9_22": 1024.0771536734374,
    "stick_H2_9_16": 326.2258430441558,
    "stick_C2H2_9_11": 1390.2198904999989,
    "stick_C3H_9_19": 1778.5483958722366,
    "stick_C3H6_9_25": 725.5197870770696,
    "stick_C2H4_9_12": 1881.2416289100802,
    "stick_C4H2_9_20": 539.6537056534977,
    "stick_C3H3_9_21": 555.427547899385,
    "stick_C3_9_23": 906.4471571905995,
    "stick_C2H5_9_17": 1577.1693254872175,
    "stick_C2H6_9_14": 1031.7522998419959,
    "stick_C4H_9_24": 1615.0933349228808,
    "loss_C_11_8": 1077.4657243530482,
    "e_CH4_CH3Plus_H_cm3_2_1": 1.7535728431179405e-11
  },
  "target_densities": {
    "H": 29430989154822.008,
    "CH": 18944157343.385365,
    "C2": 200004684052.3601
  },
  "all_densities": {
    "e": 1800387957.4339805,
    "Ar": 1.0260006290377222e+16,
    "CH4": 1810589345360686.2,
    "ArPlus": 163626157.60811982,
    "CH4Plus": 72672521.29921763,
    "CH3Plus": 51093177.93973207,
    "CH5Plus": 245969794.34754556,
    "ArHPlus": 52722440.7015263,
    "CH3Minus": 25415.354822621688,
    "H": 29430989154822.008,
    "C2": 200004684052.3601,
    "CH": 18944157343.385365,
    "H2": 40521187122940.49,
    "ArStar": 1228376798.1677997,
    "C2H4": 268144387708.88577,
    "C2H6": 7044080641560.947,
    "CH2": 1479393671391.1958,
    "C2H2": 4725365432372.666,
    "C2H5": 1677838672584.175,
    "CH3": 33121536224764.664,
    "C": 87804076651.42767,
    "H3Plus": 337671854.15939665,
    "C2H3": 32715733147.1303,
    "C3H2": 8934880247.860226,
    "CHPlus": 494571.6614239337,
    "C3H": 3806660746.2046423,
    "C4H2": 6829045.113322537,
    "C2H": 45212820654.009285,
    "C3H3": 66528337.65134283,
    "C3H4": 332365099.38412994,
    "C3": 8712053325.15852,
    "C3H5": 3178523981.025147,
    "C4H": 9466773.50355087,
    "C3H6": 18815003811.29257,
    "CH2Plus": 16277.84704544083,
    "C2H5Plus": 19995030.695782345,
    "C2H4Plus": 3742.374041341619,
    "C2H3Plus": 2494.9160275610798,
    "HMinus": 326184122.9967086,
    "C2HPlus": 43477.92635594212,
    "H2Plus": 30990658932.444073,
    "C2H2Star": 139040699.95376635
  }
}