{
  "pressure_mTorr": 500.0,
  "n_total": 1.2070595635737908e+16,
  "Te": 0.4340408316906661,
  "Ne": 1775252547.0939376,
  "E_field": 275.7265204871478,
  "n_i_total": 385129987.89027387,
  "Ni_over_Ne": 0.21694377429325534,
  "charge_imbalance_pct": 78.30562257067447,
  "rate_values": {
    "loss_C2_11_3": 1003.7053393822163,
    "e_CH4_CH3_HMinus_cm3_8_1": 1.7450338199483883e-13,
    "loss_C2H2Star_11_25": 4142.882390729404,
    "e_CH4Plus_CH2_H2_cm3_6_9": 2.206505151575332e-06,
    "loss_C3H4_11_18": 1118.1343590293072,
    "e_CH4Plus_CH_H2_H_cm3_6_11": 6.149484931658566e-07,
    "loss_C3H6_11_16": 415.43880417497917,
    "loss_C4H2_11_11": 668.5981842100857,
    "stick_H_9_1": 3617.5556195804675,
    "loss_C4H_11_15": 372.77894066587066,
    "loss_C2H_11_12": 430.4510512907911,
    "loss_CH_11_9": 4127.076404545912,
    "loss_C3H3_11_13": 298.26255431244095,
    "loss_C3H_11_10": 902.4309334920807,
    "ArStar_CH4_CH3_H_cm3_3_1": 3.9005907762751343e-10,
    "e_CH4Plus_C_2H2_cm3_6_13": 4.9609703152861826e-08,
    "stick_ArStar_9_5": 163.60595244599332,
    "loss_C3_11_14": 506.93341181934437,
    "e_CH4Plus_CH3_H_cm3_6_4": 6.869298916679845e-07,
    "e_CH4_CH_H2_H_vib_cm3_1_3": 3.6726032007820485e-11,
    "stick_CH_9_3": 4922.889769924378,
    "stick_C_9_10": 3704.5203348309137,
    "stick_C2_9_9": 5510.355843883711,
    "loss_CH2_11_1": 5465.627334246274,
    "stick_CH3_9_2": 5689.5509132109055,
    "e_Ar_ArStar_cm3_1_7": 1.5439585609957434e-10,
    "loss_C_11_8": 569.5501404576037,
    "stick_C2H4_9_12": 645.581413737188,
    "stick_C4H2_9_20": 1302.7967344382278,
    "stick_C3H3_9_21": 1254.680441971033,
    "stick_C3H4_9_22": 1973.0060096909785,
    "stick_C3H6_9_25": 539.3161170498129,
    "stick_C2H5_9_17": 1818.2887493896542,
    "stick_C4H_9_24": 1778.5053488489011,
    "stick_C2H6_9_14": 948.9926487952425,
    "stick_C3_9_23": 608.140124626469,
    "stick_H2_9_16": 736.4122582303553,
    "stick_C2H2_9_11": 1885.393203104853,
    "stick_C3H_9_19": 1203.4115198318157,
    "e_CH4_CH3Plus_H_cm3_2_1": 1.3970548398094293e-11
  },
  "target_densities": {
    "H": 21974900439087.68,
    "CH": 8404391363.304877,
    "C2": 71797969576.68024
  },
  "all_densities": {
    "e": 1775252547.0939376,
    "Ar": 1.0260006290377222e+16,
    "CH4": 1810589345360686.2,
    "ArPlus": 122315880.68682873,
    "CH4Plus": 71056238.83719529,
    "CH3Plus": 49562119.28615408,
    "CH5Plus": 61385221.425254025,
    "ArHPlus": 51174002.56060226,
    "CH3Minus": 10445.902232079341,
    "H": 21974900439087.68,
    "C2": 71797969576.68024,
    "CH": 8404391363.304877,
    "H2": 94765835808089.72,
    "ArStar": 1086177414.434172,
    "C2H4": 184020723764.91373,
    "C2H6": 5049047440811.571,
    "CH2": 1159053721756.8584,
    "C2H2": 2680045866681.3574,
    "C2H5": 963071755790.0781,
    "CH3": 27059872011389.344,
    "C": 49569547451.89597,
    "H3Plus": 6.054193482745576e-06,
    "C2H3": 36154659490.78143,
    "C3H2": 2250524005.068663,
    "CHPlus": -306.862778202447,
    "C3H": 1069176306.3065258,
    "C4H2": 455808.0184529374,
    "C2H": 857103061.407901,
    "C3H3": 19566584.780944914,
    "C3H4": 55036012.49693984,
    "C3": 2128199623.6467128,
    "C3H5": 809403194.6604997,
    "C4H": 879208.9731374155,
    "C3H6": 7473382354.237247,
    "CH2Plus": 18941.62807785474,
    "C2H5Plus": 29603028.017899256,
    "C2H4Plus": 1292.3510087537657,
    "C2H3Plus": 861.5673391691771,
    "HMinus": 300366120.3913752,
    "C2HPlus": 12401.52972156133,
    "H2Plus": 0.00018673542810957087,
    "C2H2Star": 42159130.02817967
  }
}