{
  "pressure_mTorr": 500.0,
  "n_total": 1.2070595635737908e+16,
  "Te": 6.801655584470928,
  "Ne": 2746776781.5534062,
  "E_field": 194.46974875644491,
  "n_i_total": 128494795983.16887,
  "Ni_over_Ne": 46.780210480190604,
  "charge_imbalance_pct": 4578.021048019061,
  "rate_values": {
    "loss_C2_11_3": 131.52674077842698,
    "e_CH4_CH3_HMinus_cm3_8_1": 5.365679127504031e-13,
    "loss_C2H2Star_11_25": 538.8595189299785,
    "e_CH4Plus_CH2_H2_cm3_6_9": 1.3031407862550774e-06,
    "loss_C3H4_11_18": 1063.3951185137312,
    "e_CH4Plus_CH_H2_H_cm3_6_11": 9.129451031212199e-07,
    "loss_C4H2_11_11": 664.5869866669556,
    "ArStar_CH4_CH3_H_cm3_3_1": 8.033347571284152e-11,
    "e_CH4Plus_C_2H2_cm3_6_13": 5.997182268345417e-08,
    "stick_ArStar_9_5": 150.91186296011597,
    "stick_H_9_1": 1338.42415961358,
    "loss_C3H_11_10": 148.19502359363372,
    "loss_C4H_11_15": 777.9358284468854,
    "loss_C3_11_14": 754.034540400763,
    "loss_C3H3_11_13": 482.3061689304003,
    "loss_C3H6_11_16": 471.068833101579,
    "loss_C2H_11_12": 812.745846895084,
    "loss_CH_11_9": 4359.109349230742,
    "e_CH4Plus_CH3_H_cm3_6_4": 1.5398113831965118e-07,
    "e_CH4_CH_H2_H_vib_cm3_1_3": 8.673035375859063e-11,
    "stick_C2_9_9": 1564.2527860819941,
    "stick_C_9_10": 2711.4718641630297,
    "stick_CH_9_3": 5409.328434093563,
    "loss_CH2_11_1": 1250.7106245065488,
    "stick_CH3_9_2": 1637.1281329495603,
    "e_Ar_ArStar_cm3_1_7": 6.691712467242101e-11,
    "stick_C4H_9_24": 1797.7585147064447,
    "stick_C2H5_9_17": 1859.4536797083874,
    "stick_C2H6_9_14": 475.9623361107484,
    "stick_C3H4_9_22": 986.7916186643924,
    "stick_H2_9_16": 936.2244343120444,
    "stick_C2H2_9_11": 1098.6427709917693,
    "stick_C2H4_9_12": 864.6611601826629,
    "stick_C4H2_9_20": 972.7369398579596,
    "stick_C3_9_23": 1492.3923459623961,
    "loss_C_11_8": 1397.83144049551,
    "stick_C3H3_9_21": 1401.640301348025,
    "stick_C3H_9_19": 759.0287044134103,
    "stick_C3H6_9_25": 1542.4287866295722,
    "e_CH4_CH4Plus_cm3_2_2": 1.712349575633756e-11
  },
  "target_densities": {
    "H": 26511168081020.465,
    "CH": 49725549935.31257,
    "C2": 1006388273438.3854
  },
  "all_densities": {
    "e": 2746776781.5534062,
    "Ar": 1.0260006290377222e+16,
    "CH4": 1810589345360686.2,
    "ArPlus": 222948063.00313258,
    "CH4Plus": 160833233.2962632,
    "CH3Plus": 111176313.61124124,
    "CH5Plus": 1835931898.2950916,
    "ArHPlus": 105218120.957149,
    "CH3Minus": 116603.70750587549,
    "H": 26511168081020.465,
    "C2": 1006388273438.3854,
    "CH": 49725549935.31257,
    "H2": 24720302117181.28,
    "ArStar": 932606173.7094194,
    "C2H4": 1177406215517.049,
    "C2H6": 20398244546080.082,
    "CH2": 3547786025512.2183,
    "C2H2": 11808650834766.871,
    "C2H5": 4899487207602.026,
    "CH3": 45945430931333.21,
    "C": 288738776314.75555,
    "H3Plus": 1258751112.1773376,
    "C2H3": 283496491134.45154,
    "C3H2": 58428626118.715256,
    "CHPlus": 7186743.44595531,
    "C3H": 64371195947.14465,
    "C4H2": 195495409.71157512,
    "C2H": 241503370422.82327,
    "C3H3": 748270672.6963793,
    "C3H4": 3141269404.9941616,
    "C3": 30594277588.792686,
    "C3H5": 24362969579.903976,
    "C4H": 112800479.35194486,
    "C3H6": 89688087038.24907,
    "CH2Plus": 184399.6302809111,
    "C2H5Plus": 95481725.74698527,
    "C2H4Plus": 54413.758352199264,
    "C2H3Plus": 36275.83890146618,
    "HMinus": 689613498.1151563,
    "C2HPlus": 359349.39474414196,
    "H2Plus": 124696634334.01343,
    "C2H2Star": 1226236555.3327289
  }
}