{
  "pressure_mTorr": 500.0,
  "n_total": 1.2070595635737908e+16,
  "Te": 1.2824367074728404,
  "Ne": 2416539903.49582,
  "E_field": 59.76951610586903,
  "n_i_total": 3664984443.2303987,
  "Ni_over_Ne": 1.516624839477532,
  "charge_imbalance_pct": 51.6624839477532,
  "rate_values": {
    "loss_C2_11_3": 935.4792788526781,
    "e_CH4_CH3_HMinus_cm3_8_1": 2.016122504087873e-13,
    "loss_C2H2Star_11_25": 7398.358681377031,
    "e_CH4Plus_CH2_H2_cm3_6_9": 1.143089236544557e-06,
    "e_CH_CHPlus_2e_cm3_2_10": 2.1543622395280723e-11,
    "loss_C3H4_11_18": 462.18031411629136,
    "e_CH4Plus_CH_H2_H_cm3_6_11": 4.2398298027388437e-07,
    "loss_C3_11_14": 513.547834499853,
    "loss_C3H3_11_13": 662.3358905575961,
    "loss_C3H_11_10": 900.2522500435448,
    "loss_C2H_11_12": 583.4671053312882,
    "ArStar_CH4_CH3_H_cm3_3_1": 2.0261637327177243e-10,
    "e_CH4Plus_C_2H2_cm3_6_13": 5.207803200567434e-08,
    "loss_C4H2_11_11": 355.9591706808195,
    "loss_CH_11_9": 4384.248472862495,
    "loss_C3H6_11_16": 776.6619539184887,
    "loss_C4H_11_15": 724.6590790361136,
    "stick_ArStar_9_5": 639.1509288776547,
    "e_CH4Plus_CH3_H_cm3_6_4": 8.915237571927755e-07,
    "e_CH4_CH_H2_H_vib_cm3_1_3": 6.832400169324767e-11,
    "stick_C2_9_9": 3017.4797247628585,
    "stick_C_9_10": 3844.6374359008123,
    "stick_H_9_1": 324.82248557767116,
    "stick_CH_9_3": 3240.76500918838,
    "loss_CH2_11_1": 4016.8702603157476,
    "stick_CH3_9_2": 5060.860264441344,
    "e_Ar_ArStar_cm3_1_7": 1.7687525820328465e-10,
    "e_C2H4_C2H2_H2_cm3_1_15": 7.501972180565195e-11,
    "CH_CH_C2_H2_cm3_5_4": 1.2556129638829706e-10,
    "C_CH3_C2_H2_H_cm3_7_8": 1.0609669621276947e-10,
    "C2HPlus_e_C2_H_cm3_6_18": 2.3370278251559162e-07,
    "C_CH_C2_H_cm3_7_4": 1.1208566603529982e-10,
    "e_C2H4_C2H2_H2_cm3_1_6": 1.3055492937168302e-11,
    "e_CH4_CH2_H2_cm3_1_2": 2.012124327067586e-11,
    "CH2_CH3_C2H2_H_H2_cm3_7_62": 9.935147054505134e-12,
    "CH_CH4_C2H4_H_cm3_7_20": 6.332720423825779e-11,
    "C2H2_C_C2_CH2_cm3_7_19": 1.024984737261676e-10,
    "C2_H_CH_C_cm3_7_6": 9.03805229551386e-11,
    "CH2_CH2_C2H2_H2_cm3_7_15": 9.992040700001729e-11,
    "CH2_H_CH_H2_cm3_7_1": 1.4977306237359598e-11,
    "CH_H_C_H2_cm3_7_3": 9.658815344816736e-11,
    "C2H_H_C2_H2_cm3_7_47": 9.214476903309927e-11,
    "CH3_C2H5_C2H2_CH3_H2_cm3_7_61": 1.1733499551935648e-11,
    "CH2_C2H3_C2H2_CH3_cm3_7_53": 1.1522459598444532e-10,
    "e_CH4_CH3_H_cm3_1_1": 1.0103637935476957e-10,
    "C2H2_H_C2_H2_H_cm3_7_50": 8.364025039099326e-12,
    "C_H_CH_cm3_7_12": 1.0213484625210094e-10,
    "CH_CH3_C2H4_cm3_7_5": 1.1890151098291965e-10,
    "CH_C_C2_H_cm3_7_9": 9.734196551586966e-11,
    "CH3_CH3_C2H2_H2_H2_cm3_7_49": 9.188223985583591e-12,
    "e_C2H2_C2_H2_cm3_1_16": 9.950684996402772e-11,
    "CH_CH4_CH2_CH3_cm3_7_39": 1.1047432488902979e-11,
    "e_C2H4_C2H2_H_H_cm3_1_17": 3.629201825412658e-11
  },
  "target_densities": {
    "H": 10593758151793.764,
    "CH": 3969362286.3234577,
    "C2": 14510171824.204493
  },
  "all_densities": {
    "e": 2416539903.49582,
    "Ar": 1.0260006290377222e+16,
    "CH4": 1810589345360686.2,
    "ArPlus": 370941496.462666,
    "CH4Plus": 935687038.5246619,
    "CH3Plus": 218152980.98198947,
    "CH5Plus": 1283655979.5363178,
    "ArHPlus": 245677049.09436837,
    "CH3Minus": 47588.03972353604,
    "H": 10593758151793.764,
    "C2": 14510171824.204493,
    "CH": 3969362286.3234577,
    "H2": 30766324981048.863,
    "ArStar": 1973705580.7203228,
    "C2H4": 257693591238.90173,
    "C2H6": 1385492476623.8228,
    "CH2": 339969960260.28876,
    "C2H2": 775821113064.6279,
    "C2H5": 115354601787.38289,
    "CH3": 11173046488629.398,
    "C": 9116864779.255241,
    "H3Plus": 186925.80962468972,
    "C2H3": 2322272520.5746546,
    "C3H2": 307829318.1046312,
    "CHPlus": 308.5159998113926,
    "C3H": 143190023.12367326,
    "C4H2": 35391.50234584981,
    "C2H": 276725157.2501905,
    "C3H3": 482025.2031690205,
    "C3H4": 65715458.55675707,
    "C3": 181152292.11530802,
    "C3H5": 45788420.58886981,
    "C4H": 61878.3312462031,
    "C3H6": 453949410.80904967,
    "CH2Plus": 112814.35566672808,
    "C2H5Plus": 600101231.1422358,
    "C2H4Plus": 34069.48239074858,
    "C2H3Plus": 22712.988260499056,
    "HMinus": 316001139.5476554,
    "C2HPlus": 67190.15570256957,
    "H2Plus": 10344646.180514298,
    "C2H2Star": 12418233.771369169
  }
}