{
  "pressure_mTorr": 500.0,
  "n_total": 1.2070595635737908e+16,
  "Te": 2.2309003437417703,
  "Ne": 2247795981.90812,
  "E_field": 33.72865110653228,
  "n_i_total": 14990477396.762783,
  "Ni_over_Ne": 6.6689670759343525,
  "charge_imbalance_pct": 566.8967075934353,
  "rate_values": {
    "loss_C2_11_3": 967.2019103332173,
    "e_CH4_CH3_HMinus_cm3_8_1": 1.0614547159911817e-13,
    "loss_C2H2Star_11_25": 4503.270071885414,
    "e_CH4Plus_CH2_H2_cm3_6_9": 3.557072509274495e-07,
    "loss_C3H4_11_18": 607.637701514619,
    "e_CH4Plus_CH_H2_H_cm3_6_11": 8.431455992664048e-07,
    "ArStar_CH4_CH3_H_cm3_3_1": 3.0097960604921546e-10,
    "stick_ArStar_9_5": 153.52291209989588,
    "loss_C3H6_11_16": 137.09545983864456,
    "loss_C3H_11_10": 576.5884827634469,
    "loss_CH_11_9": 8972.248577193119,
    "loss_C4H_11_15": 393.8490144190594,
    "e_CH4Plus_C_2H2_cm3_6_13": 1.360069759475099e-08,
    "loss_C2H_11_12": 714.1517173162413,
    "loss_C3H3_11_13": 718.0973166900374,
    "loss_C3_11_14": 466.3314306262512,
    "loss_C4H2_11_11": 307.5860956217241,
    "stick_H_9_1": 3818.572035026793,
    "e_CH4Plus_CH3_H_cm3_6_4": 8.960408279468537e-07,
    "e_CH4_CH_H2_H_vib_cm3_1_3": 7.366823693646273e-11,
    "stick_C2_9_9": 5467.905371514549,
    "stick_CH_9_3": 5723.846724864552,
    "stick_C_9_10": 6021.435785337302,
    "loss_CH2_11_1": 4917.599055275745,
    "stick_CH3_9_2": 4992.458739340931,
    "e_Ar_ArStar_cm3_1_7": 9.798118915963785e-11,
    "stick_C3H4_9_22": 960.7041431114458,
    "stick_H2_9_16": 713.8007732697174,
    "stick_C2H2_9_11": 1767.2330695903088,
    "stick_C3H_9_19": 1004.6923513090665,
    "stick_C3H6_9_25": 1846.4177406278773,
    "stick_C2H4_9_12": 1568.6287721329707,
    "stick_C4H2_9_20": 1726.0138759355284,
    "stick_C3H3_9_21": 1516.0891266475264,
    "stick_C3_9_23": 675.3379946213062,
    "stick_C2H5_9_17": 833.0492891955869,
    "stick_C2H6_9_14": 1010.5778688040677,
    "stick_C4H_9_24": 1216.6026039135058,
    "loss_C_11_8": 766.962055830507,
    "e_CH4_CH3Plus_H_cm3_2_1": 1.638740363932705e-11
  },
  "target_densities": {
    "H": 28998361693187.465,
    "CH": 14320958528.771742,
    "C2": 86348470812.4328
  },
  "all_densities": {
    "e": 2247795981.90812,
    "Ar": 1.0260006290377222e+16,
    "CH4": 1810589345360686.2,
    "ArPlus": 246911809.39015716,
    "CH4Plus": 1099996798.9048512,
    "CH3Plus": 138382513.50809312,
    "CH5Plus": 4556669308.5193815,
    "ArHPlus": 179617783.51414025,
    "CH3Minus": 308983.13711179566,
    "H": 28998361693187.465,
    "C2": 86348470812.4328,
    "CH": 14320958528.771742,
    "H2": 83244596885338.4,
    "ArStar": 931795419.1630534,
    "C2H4": 209574782981.34192,
    "C2H6": 4507373417888.088,
    "CH2": 1149709086988.4856,
    "C2H2": 2609842308229.261,
    "C2H5": 1497811219995.5303,
    "CH3": 26135177652323.082,
    "C": 54675476523.98349,
    "H3Plus": 406289178.79571474,
    "C2H3": 18679244852.339046,
    "C3H2": 3732199478.8826985,
    "CHPlus": 224126.916288747,
    "C3H": 2361479631.340792,
    "C4H2": 1662994.3125477938,
    "C2H": 3036824653.258592,
    "C3H3": 11973248.32387335,
    "C3H4": 210505315.83020422,
    "C3": 3490382445.2686806,
    "C3H5": 2145009236.5484996,
    "C4H": 3318862.445152031,
    "C3H6": 6393457065.462715,
    "CH2Plus": 428857.1116721026,
    "C2H5Plus": 676066115.4592475,
    "C2H4Plus": 45646.84653818641,
    "C2H3Plus": 30431.231025457608,
    "HMinus": 259628373.27034032,
    "C2HPlus": 370308.1996566721,
    "H2Plus": 7685444518.366017,
    "C2H2Star": 32400976.206978425
  }
}