{
  "pressure_mTorr": 500.0,
  "n_total": 1.2070595635737908e+16,
  "Te": 2.6802842339021975,
  "Ne": 1804531639.5403652,
  "E_field": 232.87690994764984,
  "n_i_total": 5142354868.474838,
  "Ni_over_Ne": 2.849689501584275,
  "charge_imbalance_pct": 184.9689501584275,
  "rate_values": {
    "loss_C2_11_3": 1687.5409570187292,
    "e_CH4_CH3_HMinus_cm3_8_1": 8.864447848722506e-14,
    "loss_C2H2Star_11_25": 8502.870335659189,
    "e_CH4Plus_CH2_H2_cm3_6_9": 1.570809338388253e-06,
    "loss_C3H4_11_18": 1019.882673012953,
    "e_CH4Plus_CH_H2_H_cm3_6_11": 8.337313029428404e-07,
    "stick_ArStar_9_5": 268.23622455001714,
    "loss_C4H_11_15": 301.2823423335525,
    "loss_C4H2_11_11": 248.31670619649339,
    "loss_C3H6_11_16": 161.38798485875037,
    "loss_CH_11_9": 3682.392679201168,
    "loss_C2H_11_12": 991.7883302476725,
    "e_CH4Plus_C_2H2_cm3_6_13": 7.106257217903319e-08,
    "ArStar_CH4_CH3_H_cm3_3_1": 1.3383829325619548e-10,
    "loss_C3H3_11_13": 745.3743521032646,
    "loss_C3H_11_10": 727.8871916655478,
    "stick_H_9_1": 3097.4444935751308,
    "loss_C3_11_14": 607.8928271216014,
    "e_CH4Plus_CH3_H_cm3_6_4": 4.784830811620675e-07,
    "e_CH4_CH_H2_H_vib_cm3_1_3": 4.022624863383148e-11,
    "stick_C2_9_9": 2779.748303541862,
    "stick_C_9_10": 5684.730794305028,
    "stick_CH_9_3": 4306.743048337443,
    "loss_CH2_11_1": 1628.6193849448046,
    "stick_CH3_9_2": 2446.078343009546,
    "e_Ar_ArStar_cm3_1_7": 1.0612393031351107e-10,
    "stick_C4H_9_24": 1739.8405753448494,
    "stick_C2H2_9_11": 1200.3704152223336,
    "stick_H2_9_16": 970.3643053294066,
    "stick_C2H4_9_12": 1089.6663533667463,
    "stick_C3_9_23": 1885.4735358704838,
    "stick_C3H3_9_21": 653.2053307357137,
    "stick_C4H2_9_20": 1325.8447248765876,
    "stick_C3H6_9_25": 626.8496841685444,
    "stick_C3H4_9_22": 546.7049310097872,
    "stick_C3H_9_19": 721.863843466965,
    "stick_C2H5_9_17": 1444.0762574478028,
    "loss_C_11_8": 1935.1446960930118,
    "stick_C2H6_9_14": 1159.283582285138,
    "e_CH4_CH3Plus_H_cm3_2_1": 2.2652931061397493e-11
  },
  "target_densities": {
    "H": 30581102141829.445,
    "CH": 25801647392.67346,
    "C2": 288849985530.4489
  },
  "all_densities": {
    "e": 1804531639.5403652,
    "Ar": 1.0260006290377222e+16,
    "CH4": 1810589345360686.2,
    "ArPlus": 170041068.679715,
    "CH4Plus": 125829854.82090826,
    "CH3Plus": 69410155.25157666,
    "CH5Plus": 250761239.56357145,
    "ArHPlus": 75813004.09949507,
    "CH3Minus": 48989.67261978665,
    "H": 30581102141829.445,
    "C2": 288849985530.4489,
    "CH": 25801647392.67346,
    "H2": 83608490622739.75,
    "ArStar": 923027237.8628289,
    "C2H4": 551533780137.108,
    "C2H6": 7417377547937.6875,
    "CH2": 2554239140467.005,
    "C2H2": 6374428909718.42,
    "C2H5": 3090834740337.2534,
    "CH3": 35163979444879.03,
    "C": 123672372119.45906,
    "H3Plus": 133090716.85677598,
    "C2H3": 137080815882.60881,
    "C3H2": 16404749748.963085,
    "CHPlus": 115920.22375080246,
    "C3H": 11324604681.958153,
    "C4H2": 18561848.302058812,
    "C2H": 11068299407.934422,
    "C3H3": 252893054.2250898,
    "C3H4": 999211795.8852001,
    "C3": 7194144457.577211,
    "C3H5": 7974862811.920727,
    "C4H": 20737093.534240756,
    "C3H6": 51798080753.17495,
    "CH2Plus": 69215.05245867037,
    "C2H5Plus": 49214871.637964405,
    "C2H4Plus": 13985.618447006618,
    "C2H3Plus": 9323.745631337746,
    "HMinus": 278819745.529402,
    "C2HPlus": 106472.45626378237,
    "H2Plus": 4267879040.4682794,
    "C2H2Star": 41518484.53914508
  }
}