{
  "pressure_mTorr": 500.0,
  "n_total": 1.2070595635737908e+16,
  "Te": 1.408240984825665,
  "Ne": 2238873628.698381,
  "E_field": 99.47125931310893,
  "n_i_total": 1129900222.384915,
  "Ni_over_Ne": 0.5046735143518608,
  "charge_imbalance_pct": 49.53264856481391,
  "rate_values": {
    "loss_C2_11_3": 471.7740150074019,
    "e_CH4_CH3_HMinus_cm3_8_1": 1.2698451255904073e-13,
    "loss_C2H2Star_11_25": 4335.044306849055,
    "e_CH4Plus_CH2_H2_cm3_6_9": 2.1165241120639863e-06,
    "e_CH_CHPlus_2e_cm3_2_10": 1.0195577261987504e-11,
    "loss_C3H4_11_18": 750.9607384695846,
    "e_CH4Plus_CH_H2_H_cm3_6_11": 7.351102191879122e-07,
    "loss_C3H6_11_16": 326.4563496261912,
    "loss_C3H_11_10": 645.7030684585483,
    "loss_C3H3_11_13": 282.2181508793926,
    "loss_C3_11_14": 993.930678345256,
    "loss_C4H_11_15": 482.7309238840437,
    "loss_C4H2_11_11": 383.90333094308113,
    "loss_C2H_11_12": 476.3514972131081,
    "loss_CH_11_9": 3209.4803303923413,
    "stick_ArStar_9_5": 132.13816902573018,
    "e_CH4Plus_C_2H2_cm3_6_13": 9.426742184779768e-08,
    "ArStar_CH4_CH3_H_cm3_3_1": 4.417654190578824e-10,
    "e_CH4Plus_CH3_H_cm3_6_4": 5.020307593357018e-07,
    "e_CH4_CH_H2_H_vib_cm3_1_3": 2.5289954892305515e-11,
    "stick_C_9_10": 3704.577576527903,
    "stick_CH_9_3": 4851.751277910496,
    "stick_H_9_1": 142.5904850477666,
    "stick_C2_9_9": 6165.658752070893,
    "loss_CH2_11_1": 4420.352450591954,
    "stick_CH3_9_2": 4822.927227410568,
    "e_Ar_ArStar_cm3_1_7": 4.380840241938892e-11,
    "stick_C2H5_9_17": 1001.2086476772955,
    "stick_C2H2_9_11": 1111.1049704361023,
    "stick_H2_9_16": 953.0320010697383,
    "stick_C2H6_9_14": 1227.408376261449,
    "stick_C4H_9_24": 1659.8862026088298,
    "stick_C3H_9_19": 1460.5857754165384,
    "stick_C3H4_9_22": 1636.0219215300383,
    "stick_C3_9_23": 1064.4498845449139,
    "loss_C_11_8": 522.8356412325902,
    "stick_C3H6_9_25": 1785.4076559645885,
    "stick_C2H4_9_12": 973.1592103381928,
    "stick_C3H3_9_21": 1606.1896963399731,
    "stick_C4H2_9_20": 574.3980812059351
  },
  "target_densities": {
    "H": 10674919847740.38,
    "CH": 2604969359.580236,
    "C2": 9139051153.909796
  },
  "all_densities": {
    "e": 2238873628.698381,
    "Ar": 1.0260006290377222e+16,
    "CH4": 1810589345360686.2,
    "ArPlus": 162703461.37811124,
    "CH4Plus": 275350955.9970497,
    "CH3Plus": 96764939.23446912,
    "CH5Plus": 322385569.60931325,
    "ArHPlus": 95828295.01957078,
    "CH3Minus": 30668.221437921195,
    "H": 10674919847740.38,
    "C2": 9139051153.909796,
    "CH": 2604969359.580236,
    "H2": 27568247225933.258,
    "ArStar": 379228186.63539606,
    "C2H4": 129953123549.11653,
    "C2H6": 761900705220.0879,
    "CH2": 322993661859.5132,
    "C2H2": 636472675494.0715,
    "C2H5": 183096613061.67197,
    "CH3": 11475311764138.434,
    "C": 8262022751.19075,
    "H3Plus": 237008.50732253728,
    "C2H3": 1575415887.7088041,
    "C3H2": 165756002.8563504,
    "CHPlus": 53.52879775785319,
    "C3H": 78706526.6286982,
    "C4H2": 21394.94815174735,
    "C2H": 218756643.09507394,
    "C3H3": 217321.17466680938,
    "C3H4": 15600293.281140614,
    "C3": 82861534.21213883,
    "C3H5": 47696106.686857395,
    "C4H": 20152.42496049949,
    "C3H6": 167343565.40783453,
    "CH2Plus": 28566.486162571982,
    "C2H5Plus": 160029665.79847848,
    "C2H4Plus": 9568.643218140543,
    "C2H3Plus": 6379.095478760363,
    "HMinus": 131829951.0949068,
    "C2HPlus": 30786.57494850503,
    "H2Plus": 16524972.511994148,
    "C2H2Star": 3340704.6593168774
  }
}