{
  "pressure_mTorr": 500.0,
  "n_total": 1.2070595635737908e+16,
  "Te": 2.8830955381472356,
  "Ne": 1760683291.106186,
  "E_field": 163.0076889152088,
  "n_i_total": 10807116892.848873,
  "Ni_over_Ne": 6.1380243383005455,
  "charge_imbalance_pct": 513.8024338300545,
  "rate_values": {
    "loss_C2_11_3": 1767.0231508456477,
    "e_CH4_CH3_HMinus_cm3_8_1": 7.233575354117534e-13,
    "loss_C2H2Star_11_25": 2007.1065334334521,
    "e_CH4Plus_CH2_H2_cm3_6_9": 2.5987038342731105e-07,
    "loss_C3H4_11_18": 401.9979589341794,
    "e_CH4Plus_CH_H2_H_cm3_6_11": 1.99091600308709e-07,
    "ArStar_CH4_CH3_H_cm3_3_1": 1.3951648736752394e-10,
    "stick_ArStar_9_5": 613.084897092555,
    "loss_C3H6_11_16": 952.4930931219011,
    "loss_C3H_11_10": 852.6136758137048,
    "loss_CH_11_9": 9357.200372365249,
    "loss_C4H_11_15": 137.59077996660233,
    "e_CH4Plus_C_2H2_cm3_6_13": 7.60969439086932e-08,
    "loss_C2H_11_12": 456.63678426056543,
    "loss_C3H3_11_13": 134.92799945754712,
    "loss_C3_11_14": 278.81144480581236,
    "loss_C4H2_11_11": 848.491945424377,
    "stick_H_9_1": 3641.6606989206475,
    "e_CH4Plus_CH3_H_cm3_6_4": 3.248342342514817e-07,
    "e_CH4_CH_H2_H_vib_cm3_1_3": 8.764930890170496e-11,
    "stick_C2_9_9": 5190.798385063892,
    "stick_CH_9_3": 4280.799862610685,
    "stick_C_9_10": 2328.6860589742273,
    "loss_CH2_11_1": 5104.12717684827,
    "stick_CH3_9_2": 3761.954059421177,
    "e_Ar_ArStar_cm3_1_7": 1.3524807199929115e-10,
    "stick_C3H4_9_22": 680.261406456767,
    "stick_H2_9_16": 636.6745926687033,
    "stick_C2H2_9_11": 599.5277445664951,
    "stick_C3H_9_19": 1157.8685880322969,
    "stick_C3H6_9_25": 621.1634528465358,
    "stick_C2H4_9_12": 1937.7628990720318,
    "stick_C4H2_9_20": 1202.7485554806767,
    "stick_C3H3_9_21": 700.1793340226377,
    "stick_C3_9_23": 630.890106710849,
    "stick_C2H5_9_17": 1182.3279544083573,
    "stick_C2H6_9_14": 1090.1434300125445,
    "stick_C4H_9_24": 1705.5676806143233,
    "loss_C_11_8": 669.4611028963552,
    "e_CH4_CH3Plus_H_cm3_2_1": 3.62843866019333e-11
  },
  "target_densities": {
    "H": 29412542918163.445,
    "CH": 18376699832.897568,
    "C2": 181023208116.77325
  },
  "all_densities": {
    "e": 1760683291.106186,
    "Ar": 1.0260006290377222e+16,
    "CH4": 1810589345360686.2,
    "ArPlus": 205538442.07830325,
    "CH4Plus": 205691810.7454057,
    "CH3Plus": 100995330.57881638,
    "CH5Plus": 728945662.262288,
    "ArHPlus": 106285345.82934362,
    "CH3Minus": 58218.86545745856,
    "H": 29412542918163.445,
    "C2": 181023208116.77325,
    "CH": 18376699832.897568,
    "H2": 83755849838372.02,
    "ArStar": 1143907664.0540736,
    "C2H4": 247020119749.29266,
    "C2H6": 5633196051376.71,
    "CH2": 1363062829291.3574,
    "C2H2": 5609740963421.8125,
    "C2H5": 1645809249116.8708,
    "CH3": 30000807599535.117,
    "C": 109460157071.79683,
    "H3Plus": 329743163.53595954,
    "C2H3": 27225653880.734924,
    "C3H2": 10289943063.014565,
    "CHPlus": 157671.92879794896,
    "C3H": 5122869584.109455,
    "C4H2": 4589487.999516532,
    "C2H": 12209226922.217773,
    "C3H3": 59910582.63560319,
    "C3H4": 461382568.01754004,
    "C3": 12063488729.776285,
    "C3H5": 3024454255.322727,
    "C4H": 10259302.117031561,
    "C3H6": 12395621167.974009,
    "CH2Plus": 76780.59803106023,
    "C2H5Plus": 102149658.96838875,
    "C2H4Plus": 8730.67955944544,
    "C2H3Plus": 5820.453039630293,
    "HMinus": 705835449.7128546,
    "C2HPlus": 130494.57608633097,
    "H2Plus": 9027387980.614853,
    "C2H2Star": 191829150.30740365
  }
}