{
  "pressure_mTorr": 500.0,
  "n_total": 1.2070595635737908e+16,
  "Te": 1.051108133639706,
  "Ne": 2393904497.0939097,
  "E_field": 27.654505743246176,
  "n_i_total": 6336318910.685123,
  "Ni_over_Ne": 2.646855343802196,
  "charge_imbalance_pct": 164.6855343802196,
  "rate_values": {
    "loss_C2_11_3": 1447.2502683445696,
    "e_CH4_CH3_HMinus_cm3_8_1": 7.502404542591788e-14,
    "loss_C2H2Star_11_25": 4879.554631148483,
    "e_CH4Plus_CH2_H2_cm3_6_9": 1.6360303106623977e-06,
    "e_CH_CHPlus_2e_cm3_2_10": 1.2852766220626169e-11,
    "loss_C3H4_11_18": 1427.3339905930002,
    "e_CH4Plus_CH_H2_H_cm3_6_11": 9.831644619308025e-07,
    "loss_C3H6_11_16": 714.6830038719581,
    "loss_C3H3_11_13": 998.543669762535,
    "ArStar_CH4_CH3_H_cm3_3_1": 1.384425648850718e-10,
    "loss_C3H_11_10": 556.3274408178412,
    "loss_CH_11_9": 4929.398693111314,
    "stick_ArStar_9_5": 344.02240871288456,
    "loss_C3_11_14": 340.71004385949016,
    "e_CH4Plus_C_2H2_cm3_6_13": 8.612168096090207e-08,
    "loss_C4H2_11_11": 289.62857674172056,
    "loss_C2H_11_12": 743.9194471070956,
    "loss_C4H_11_15": 946.0513624873042,
    "e_CH4Plus_CH3_H_cm3_6_4": 1.8593951196978804e-07,
    "e_CH4_CH_H2_H_vib_cm3_1_3": 3.105626471228119e-11,
    "stick_C_9_10": 5348.678278380603,
    "stick_CH_9_3": 3982.7026188387094,
    "stick_C2_9_9": 5217.484351033314,
    "stick_H_9_1": 474.895983643248,
    "loss_CH2_11_1": 1875.5843508435469,
    "stick_CH3_9_2": 4769.943823063193,
    "e_Ar_ArStar_cm3_1_7": 1.6934337927807757e-10,
    "stick_C2H2_9_11": 1482.7382878109865,
    "stick_C3H4_9_22": 507.65524347822793,
    "stick_C2H5_9_17": 1301.0566002145722,
    "stick_C3H3_9_21": 1003.8783227394879,
    "stick_C4H2_9_20": 802.3443731331096,
    "stick_C3H6_9_25": 1041.7252252183964,
    "stick_C2H6_9_14": 1332.002817477129,
    "loss_C_11_8": 1810.664614143836,
    "stick_C3_9_23": 1041.0153472249074,
    "stick_C4H_9_24": 635.2686647740559,
    "stick_H2_9_16": 574.993249596672,
    "stick_C2H4_9_12": 632.319996413485,
    "stick_C3H_9_19": 861.4737178790047
  },
  "target_densities": {
    "H": 10262684805729.98,
    "CH": 2291657594.6006675,
    "C2": 7508124412.851885
  },
  "all_densities": {
    "e": 2393904497.0939097,
    "Ar": 1.0260006290377222e+16,
    "CH4": 1810589345360686.2,
    "ArPlus": 340414279.6326578,
    "CH4Plus": 1683069486.3928535,
    "CH3Plus": 202896617.72161475,
    "CH5Plus": 2656083468.01882,
    "ArHPlus": 249485284.48843965,
    "CH3Minus": 76913.34507310844,
    "H": 10262684805729.98,
    "C2": 7508124412.851885,
    "CH": 2291657594.6006675,
    "H2": 30406912788139.293,
    "ArStar": 1975715029.8975558,
    "C2H4": 138856370394.4361,
    "C2H6": 682405615616.3835,
    "CH2": 460806320444.3664,
    "C2H2": 532190658531.5446,
    "C2H5": 214824168332.39713,
    "CH3": 11182572633618.982,
    "C": 7146537885.067435,
    "H3Plus": 25373.796020131405,
    "C2H3": 1327746756.5007682,
    "C3H2": 121931933.81571919,
    "CHPlus": 225.2142463513606,
    "C3H": 86006536.20485567,
    "C4H2": 18049.671642667297,
    "C2H": 79783673.09576498,
    "C3H3": 151953.0323595522,
    "C3H4": 18089629.398812316,
    "C3": 90756880.71991041,
    "C3H5": 49230343.68627102,
    "C4H": 17670.44224672653,
    "C3H6": 171805098.5448466,
    "CH2Plus": 307375.8512773921,
    "C2H5Plus": 1202669578.6758566,
    "C2H4Plus": 22350.808803918644,
    "C2H3Plus": 14900.539202612428,
    "HMinus": 197265885.51393974,
    "C2HPlus": 58119.34963893522,
    "H2Plus": 1271850.195691795,
    "C2H2Star": 12928930.965788241
  }
}