{
  "pressure_mTorr": 500.0,
  "n_total": 1.2070595635737908e+16,
  "Te": 5.414018953946154,
  "Ne": 1800387957.4339805,
  "E_field": 422.17461901759657,
  "n_i_total": 36844932654.02723,
  "Ni_over_Ne": 20.46499617034809,
  "charge_imbalance_pct": 1946.4996170348086,
  "rate_values": {
    "loss_C2_11_3": 1715.9929642856237,
    "e_CH4_CH3_HMinus_cm3_8_1": 6.395019871429421e-14,
    "loss_C2H2Star_11_25": 2504.818774037034,
    "e_CH4Plus_CH2_H2_cm3_6_9": 6.653124212461679e-07,
    "loss_C3H4_11_18": 657.1301779649334,
    "e_CH4Plus_CH_H2_H_cm3_6_11": 8.828984509008222e-07,
    "loss_C4H2_11_11": 452.78570827025527,
    "ArStar_CH4_CH3_H_cm3_3_1": 3.803373227113935e-10,
    "e_CH4Plus_C_2H2_cm3_6_13": 5.343678303541979e-08,
    "stick_ArStar_9_5": 407.8180894600634,
    "stick_H_9_1": 3311.1217073901994,
    "loss_C3H_11_10": 172.88413381323596,
    "loss_C4H_11_15": 681.0446808860634,
    "loss_C3_11_14": 232.87809685419205,
    "loss_C3H3_11_13": 376.16343757135286,
    "loss_C3H6_11_16": 208.0536733274384,
    "loss_C2H_11_12": 516.3355129314688,
    "loss_CH_11_9": 9423.66557042586,
    "e_CH4Plus_CH3_H_cm3_6_4": 7.709115099805873e-07,
    "e_CH4_CH_H2_H_vib_cm3_1_3": 9.192384918048016e-11,
    "stick_C2_9_9": 3417.996392221413,
    "stick_C_9_10": 5285.493578813733,
    "stick_CH_9_3": 5112.047138764735,
    "loss_CH2_11_1": 5666.372262022292,
    "stick_CH3_9_2": 2889.9020801053603,
    "e_Ar_ArStar_cm3_1_7": 1.5178921036274323e-10,
    "stick_C4H_9_24": 1024.0771536734374,
    "stick_C2H5_9_17": 652.4516860883116,
    "stick_C2H6_9_14": 1112.175912399999,
    "stick_C3H4_9_22": 1778.5483958722366,
    "stick_H2_9_16": 362.7598935385348,
    "stick_C2H2_9_11": 1881.2416289100802,
    "stick_C2H4_9_12": 539.6537056534977,
    "stick_C4H2_9_20": 555.427547899385,
    "stick_C3_9_23": 906.4471571905995,
    "loss_C_11_8": 1577.1693254872175,
    "stick_C3H3_9_21": 1289.690374802495,
    "stick_C3H_9_19": 1615.0933349228808,
    "stick_C3H6_9_25": 1077.4657243530482,
    "e_CH4_CH4Plus_cm3_2_2": 1.7535728431179405e-11
  },
  "target_densities": {
    "H": 22675034702854.926,
    "CH": 15578831927.01172,
    "C2": 188993548747.86365
  },
  "all_densities": {
    "e": 1800387957.4339805,
    "Ar": 1.0260006290377222e+16,
    "CH4": 1810589345360686.2,
    "ArPlus": 152965603.09527755,
    "CH4Plus": 57237489.71243379,
    "CH3Plus": 56100882.681889914,
    "CH5Plus": 314665028.40849054,
    "ArHPlus": 49280578.48468554,
    "CH3Minus": 28185.03061731592,
    "H": 22675034702854.926,
    "C2": 188993548747.86365,
    "CH": 15578831927.01172,
    "H2": 46856932794030.06,
    "ArStar": 1093446566.0371172,
    "C2H4": 388888305732.4739,
    "C2H6": 8240904907872.485,
    "CH2": 1766245757099.8174,
    "C2H2": 5215332288809.063,
    "C2H5": 3479316228070.7983,
    "CH3": 36733038919586.31,
    "C": 67731612187.369896,
    "H3Plus": 450090241.55606776,
    "C2H3": 83004023799.23656,
    "C3H2": 8112240593.81113,
    "CHPlus": 406713.7244231489,
    "C3H": 4540216826.859623,
    "C4H2": 7015507.326947446,
    "C2H": 56299560781.81979,
    "C3H3": 77624202.46175782,
    "C3H4": 273610326.9252938,
    "C3": 7648156865.1258,
    "C3H5": 5420368273.803934,
    "C4H": 7411742.0937908515,
    "C3H6": 21415945975.216343,
    "CH2Plus": 21338.85521133388,
    "C2H5Plus": 21968134.314349618,
    "C2H4Plus": 5427.544140638769,
    "C2H3Plus": 3618.362760425847,
    "HMinus": 236364393.68029028,
    "C2HPlus": 47986.09470945246,
    "H2Plus": 35742139611.19279,
    "C2H2Star": 136601192.25511178
  }
}