{
  "pressure_mTorr": 500.0,
  "n_total": 1.2070595635737908e+16,
  "Te": 2.6802842339021975,
  "Ne": 1804531639.5403652,
  "E_field": 232.87690994764984,
  "n_i_total": 6443941514.552045,
  "Ni_over_Ne": 3.570977295911193,
  "charge_imbalance_pct": 257.0977295911193,
  "rate_values": {
    "loss_C2_11_3": 1687.5409570187292,
    "e_CH4_CH3_HMinus_cm3_8_1": 8.864447848722506e-14,
    "loss_C2H2Star_11_25": 8502.870335659189,
    "e_CH4Plus_CH2_H2_cm3_6_9": 1.570809338388253e-06,
    "loss_C3H4_11_18": 1019.882673012953,
    "e_CH4Plus_CH_H2_H_cm3_6_11": 8.337313029428404e-07,
    "loss_C4H2_11_11": 375.68098676472994,
    "ArStar_CH4_CH3_H_cm3_3_1": 1.5064117116677625e-10,
    "e_CH4Plus_C_2H2_cm3_6_13": 2.4831670619649336e-08,
    "stick_ArStar_9_5": 115.23102118914773,
    "stick_H_9_1": 1432.4507522092545,
    "loss_C3H_11_10": 991.7883302476725,
    "loss_C4H_11_15": 710.6257217903318,
    "loss_C3_11_14": 267.67658651239094,
    "loss_C3H3_11_13": 745.3743521032646,
    "loss_C3H6_11_16": 727.8871916655478,
    "loss_C2H_11_12": 796.2582245694423,
    "loss_CH_11_9": 6078.928271216014,
    "e_CH4Plus_CH3_H_cm3_6_4": 4.784830811620675e-07,
    "e_CH4_CH_H2_H_vib_cm3_1_3": 4.022624863383148e-11,
    "stick_C2_9_9": 2779.748303541862,
    "stick_C_9_10": 5684.730794305028,
    "stick_CH_9_3": 4306.743048337443,
    "loss_CH2_11_1": 1628.6193849448046,
    "stick_CH3_9_2": 2446.078343009546,
    "e_Ar_ArStar_cm3_1_7": 1.0612393031351107e-10,
    "stick_C4H_9_24": 1739.8405753448494,
    "stick_C2H5_9_17": 1200.3704152223336,
    "stick_C2H6_9_14": 1552.5828885270507,
    "stick_C3H4_9_22": 1089.6663533667463,
    "stick_H2_9_16": 942.7367679352419,
    "stick_C2H2_9_11": 653.2053307357137,
    "stick_C2H4_9_12": 1325.8447248765876,
    "stick_C4H2_9_20": 626.8496841685444,
    "stick_C3_9_23": 546.7049310097872,
    "loss_C_11_8": 721.863843466965,
    "stick_C3H3_9_21": 1444.0762574478028,
    "stick_C3H_9_19": 1935.1446960930118,
    "stick_C3H6_9_25": 1449.1044778564226,
    "e_CH4_CH4Plus_cm3_2_2": 2.2652931061397493e-11
  },
  "target_densities": {
    "H": 25801668589020.68,
    "CH": 27622767862.20392,
    "C2": 490948787016.94293
  },
  "all_densities": {
    "e": 1804531639.5403652,
    "Ar": 1.0260006290377222e+16,
    "CH4": 1810589345360686.2,
    "ArPlus": 168356884.5320583,
    "CH4Plus": 109252001.03926195,
    "CH3Plus": 77354340.22203353,
    "CH5Plus": 346799128.9308735,
    "ArHPlus": 75536546.26479961,
    "CH3Minus": 57994.83775084259,
    "H": 25801668589020.68,
    "C2": 490948787016.94293,
    "CH": 27622767862.20392,
    "H2": 107490325514779.23,
    "ArStar": 905776036.255891,
    "C2H4": 628391674095.4374,
    "C2H6": 8411015487504.601,
    "CH2": 3009978510461.715,
    "C2H2": 11868625317210.504,
    "C2H5": 4653945503217.076,
    "CH3": 41631332632828.15,
    "C": 149115218851.12842,
    "H3Plus": 215705131.99664688,
    "C2H3": 140635156362.06384,
    "C3H2": 32694117994.894966,
    "CHPlus": 124102.05373601038,
    "C3H": 11190388353.043724,
    "C4H2": 30832921.996918213,
    "C2H": 25358932032.759224,
    "C3H3": 177429546.04719672,
    "C3H4": 905108572.2741232,
    "C3": 43587311732.31895,
    "C3H5": 12855485627.871313,
    "C4H": 36854293.11508167,
    "C3H6": 25684338032.67465,
    "CH2Plus": 90900.03746211936,
    "C2H5Plus": 54870112.582021646,
    "C2H4Plus": 15934.556514362119,
    "C2H3Plus": 10623.037676241414,
    "HMinus": 240139746.87598333,
    "C2HPlus": 198242.3379247847,
    "H2Plus": 5395627566.961036,
    "C2H2Star": 75858969.76844224
  }
}