{
  "pressure_mTorr": 500.0,
  "n_total": 1.2070595635737908e+16,
  "Te": 1.0064175295308324,
  "Ne": 1613506115.5115652,
  "E_field": 283.92402415131534,
  "n_i_total": 184216257.77390322,
  "Ni_over_Ne": 0.11417140350626877,
  "charge_imbalance_pct": 88.58285964937312,
  "rate_values": {
    "loss_C2_11_3": 1291.0071326068655,
    "e_CH4_CH3_HMinus_cm3_8_1": 4.586647029365705e-13,
    "loss_C2H2Star_11_25": 2245.52807087237,
    "e_CH4Plus_CH2_H2_cm3_6_9": 1.3274949593393782e-06,
    "loss_C3H4_11_18": 343.6662171210294,
    "e_CH4Plus_CH_H2_H_cm3_6_11": 7.212555018707969e-07,
    "loss_CH_11_9": 7431.3505052648825,
    "loss_C3_11_14": 478.31787027284224,
    "loss_C2H_11_12": 969.450673258306,
    "e_CH4Plus_C_2H2_cm3_6_13": 6.753731089124202e-08,
    "loss_C3H3_11_13": 357.64624670996534,
    "loss_C3H_11_10": 659.559670171598,
    "ArStar_CH4_CH3_H_cm3_3_1": 3.7865361881331044e-10,
    "stick_ArStar_9_5": 399.215541978389,
    "loss_C4H2_11_11": 208.60626629661851,
    "stick_H_9_1": 3848.342209178025,
    "loss_C3H6_11_16": 255.94374669477224,
    "loss_C4H_11_15": 869.0187471660604,
    "e_CH4Plus_CH3_H_cm3_6_4": 7.245417448126919e-07,
    "e_CH4_CH_H2_H_vib_cm3_1_3": 4.354193966059543e-11,
    "stick_CH_9_3": 2586.497920380023,
    "stick_C2_9_9": 4838.438747962842,
    "stick_C_9_10": 4853.2521760288355,
    "loss_CH2_11_1": 5346.018395575824,
    "stick_CH3_9_2": 5506.329341010725,
    "e_Ar_ArStar_cm3_1_7": 5.698317526063331e-11,
    "stick_C3_9_23": 1966.1235458459792,
    "stick_C4H_9_24": 1823.1518043240103,
    "stick_C2H4_9_12": 1293.7563519121998,
    "stick_C3H4_9_22": 1039.0659060953576,
    "stick_C3H6_9_25": 1010.0279037965341,
    "stick_C2H2_9_11": 741.6896033237591,
    "stick_C2H6_9_14": 680.8495727895939,
    "loss_C_11_8": 1828.7674738724234,
    "stick_H2_9_16": 794.9666491766944,
    "stick_C2H5_9_17": 1353.8336890547096,
    "stick_C3H_9_19": 660.0921857233943,
    "stick_C3H3_9_21": 886.4701020594216,
    "stick_C4H2_9_20": 1114.9063145612467,
    "e_CH4_CH3Plus_H_cm3_2_1": 1.9745835878858404e-11
  },
  "target_densities": {
    "H": 28677918595093.0,
    "CH": 11096529710.501137,
    "C2": 112627176602.28648
  },
  "all_densities": {
    "e": 1613506115.5115652,
    "Ar": 1.0260006290377222e+16,
    "CH4": 1810589345360686.2,
    "ArPlus": 56506085.60157578,
    "CH4Plus": 33207814.142287806,
    "CH3Plus": 26637715.555245556,
    "CH5Plus": 29275886.057718612,
    "ArHPlus": 22967549.805587064,
    "CH3Minus": 10554.646601817489,
    "H": 28677918595093.0,
    "C2": 112627176602.28648,
    "CH": 11096529710.501137,
    "H2": 80555671097559.11,
    "ArStar": 367862247.00310504,
    "C2H4": 175041109664.37732,
    "C2H6": 5091710409691.499,
    "CH2": 975331912204.0918,
    "C2H2": 3374272893176.0957,
    "C2H5": 905615721034.6466,
    "CH3": 24537647434169.0,
    "C": 55332856164.76435,
    "H3Plus": 3534.173815319879,
    "C2H3": 13580178258.242043,
    "C3H2": 3740121703.8859134,
    "CHPlus": 30.412900314593845,
    "C3H": 2834934176.921475,
    "C4H2": 2376851.7033010796,
    "C2H": 990750249.6994162,
    "C3H3": 12112440.421311222,
    "C3H4": 154518993.62653908,
    "C3": 1634003612.0251985,
    "C3H5": 1004919175.4757872,
    "C4H": 1541595.1855312188,
    "C3H6": 7389485701.606611,
    "CH2Plus": 8319.355452456046,
    "C2H5Plus": 15462484.435848026,
    "C2H4Plus": 1163.9443424479161,
    "C2H3Plus": 775.9628949652775,
    "HMinus": 350850708.99993026,
    "C2HPlus": 14869.230321984152,
    "H2Plus": 130029.09591291967,
    "C2H2Star": 33166388.554738604
  }
}