{
  "pressure_mTorr": 500.0,
  "n_total": 1.2070595635737908e+16,
  "Te": 1.051108133639706,
  "Ne": 2393904497.0939097,
  "E_field": 27.654505743246176,
  "n_i_total": 5957252933.939853,
  "Ni_over_Ne": 2.48850901995952,
  "charge_imbalance_pct": 148.850901995952,
  "rate_values": {
    "loss_C2_11_3": 1447.2502683445696,
    "e_CH4_CH3_HMinus_cm3_8_1": 7.502404542591788e-14,
    "loss_C2H2Star_11_25": 4879.554631148483,
    "e_CH4Plus_CH2_H2_cm3_6_9": 1.6360303106623977e-06,
    "e_CH_CHPlus_2e_cm3_2_10": 1.2852766220626169e-11,
    "loss_C3H4_11_18": 1427.3339905930002,
    "e_CH4Plus_CH_H2_H_cm3_6_11": 9.831644619308025e-07,
    "loss_C3H3_11_13": 714.6830038719581,
    "e_CH4Plus_C_2H2_cm3_6_13": 9.98543669762535e-08,
    "loss_C2H_11_12": 276.8851297701436,
    "loss_C3_11_14": 556.3274408178412,
    "ArStar_CH4_CH3_H_cm3_3_1": 2.464699346555657e-10,
    "loss_C4H_11_15": 481.82410183877386,
    "loss_C3H6_11_16": 340.71004385949016,
    "loss_C4H2_11_11": 861.2168096090209,
    "loss_CH_11_9": 2896.2857674172055,
    "stick_ArStar_9_5": 531.1584852344663,
    "loss_C3H_11_10": 946.0513624873042,
    "e_CH4Plus_CH3_H_cm3_6_4": 1.8593951196978804e-07,
    "e_CH4_CH_H2_H_vib_cm3_1_3": 3.105626471228119e-11,
    "stick_H_9_1": 427.89426227044817,
    "stick_CH_9_3": 3982.7026188387094,
    "stick_C_9_10": 5217.484351033314,
    "stick_C2_9_9": 5936.199795540599,
    "loss_CH2_11_1": 1875.5843508435469,
    "stick_CH3_9_2": 4769.943823063193,
    "e_Ar_ArStar_cm3_1_7": 1.6934337927807757e-10,
    "stick_C4H_9_24": 1482.7382878109865,
    "stick_H2_9_16": 253.82762173911397,
    "stick_C2H4_9_12": 1301.0566002145722,
    "stick_C3H6_9_25": 1003.8783227394879,
    "stick_C2H2_9_11": 802.3443731331096,
    "stick_C2H5_9_17": 1041.7252252183964,
    "stick_C3H4_9_22": 1665.0035218464113,
    "loss_C_11_8": 1810.664614143836,
    "stick_C3_9_23": 1041.0153472249074,
    "stick_C4H2_9_20": 635.2686647740559,
    "stick_C3H_9_19": 1149.986499193344,
    "stick_C3H3_9_21": 632.319996413485,
    "stick_C2H6_9_14": 689.1789743032036
  },
  "target_densities": {
    "H": 10358557818355.479,
    "CH": 2337375267.331434,
    "C2": 9531443665.555319
  },
  "all_densities": {
    "e": 2393904497.0939097,
    "Ar": 1.0260006290377222e+16,
    "CH4": 1810589345360686.2,
    "ArPlus": 319459975.8062082,
    "CH4Plus": 1578679664.1133728,
    "CH3Plus": 190833610.42633376,
    "CH5Plus": 2500962560.801603,
    "ArHPlus": 234434638.31925845,
    "CH3Minus": 77816.6121652948,
    "H": 10358557818355.479,
    "C2": 9531443665.555319,
    "CH": 2337375267.331434,
    "H2": 35080429231316.62,
    "ArStar": 1806488262.52977,
    "C2H4": 107778062551.02254,
    "C2H6": 1075355036384.9388,
    "CH2": 463878341279.9798,
    "C2H2": 740528194537.1499,
    "C2H5": 252718868342.1958,
    "CH3": 11310775135882.05,
    "C": 7545944811.159733,
    "H3Plus": 32925.63829664256,
    "C2H3": 1368800823.9376094,
    "C3H2": 173048780.67327476,
    "CHPlus": 229.70718248337982,
    "C3H": 82570039.46087904,
    "C4H2": 12896.695047307552,
    "C2H": 152281361.75240687,
    "C3H3": 237519.9751668461,
    "C3H4": 8961167.868310293,
    "C3": 111150181.49735332,
    "C3H5": 59069883.24510374,
    "C4H": 20588.806042432905,
    "C3H6": 330878841.4922644,
    "CH2Plus": 291028.46742912853,
    "C2H5Plus": 1131016597.5563667,
    "C2H4Plus": 17348.335279770596,
    "C2H3Plus": 11565.556853180395,
    "HMinus": 187894228.7768973,
    "C2HPlus": 80871.42524175477,
    "H2Plus": 1431917.786426805,
    "C2H2Star": 16449314.652171776
  }
}