{
  "pressure_mTorr": 500.0,
  "n_total": 1.2070595635737908e+16,
  "Te": 1.0064175295308324,
  "Ne": 1613506115.5115652,
  "E_field": 283.92402415131534,
  "n_i_total": 206310652.3919076,
  "Ni_over_Ne": 0.1278648096889899,
  "charge_imbalance_pct": 87.213519031101,
  "rate_values": {
    "loss_C2_11_3": 1291.0071326068655,
    "e_CH4_CH3_HMinus_cm3_8_1": 4.586647029365705e-13,
    "loss_C2H2Star_11_25": 2245.52807087237,
    "e_CH4Plus_CH2_H2_cm3_6_9": 1.3274949593393782e-06,
    "loss_C3H4_11_18": 343.6662171210294,
    "e_CH4Plus_CH_H2_H_cm3_6_11": 7.212555018707969e-07,
    "loss_C4H_11_15": 743.1350505264883,
    "stick_ArStar_9_5": 341.51895937480936,
    "loss_C4H2_11_11": 969.450673258306,
    "loss_C2H_11_12": 675.3731089124203,
    "loss_C3H3_11_13": 357.64624670996534,
    "e_CH4Plus_C_2H2_cm3_6_13": 6.59559670171598e-08,
    "loss_C3H6_11_16": 757.3072376266208,
    "loss_CH_11_9": 5591.25408933318,
    "ArStar_CH4_CH3_H_cm3_3_1": 1.0430313314830928e-10,
    "stick_H_9_1": 3848.342209178025,
    "loss_C3_11_14": 255.94374669477224,
    "loss_C3H_11_10": 869.0187471660604,
    "e_CH4Plus_CH3_H_cm3_6_4": 7.245417448126919e-07,
    "e_CH4_CH_H2_H_vib_cm3_1_3": 4.354193966059543e-11,
    "stick_C2_9_9": 2586.497920380023,
    "stick_CH_9_3": 4838.438747962842,
    "stick_C_9_10": 4853.2521760288355,
    "loss_CH2_11_1": 5346.018395575824,
    "stick_CH3_9_2": 5506.329341010725,
    "e_Ar_ArStar_cm3_1_7": 5.698317526063331e-11,
    "stick_C2H4_9_12": 1966.1235458459792,
    "stick_C3H4_9_22": 1823.1518043240103,
    "stick_C3H_9_19": 1293.7563519121998,
    "stick_C3H3_9_21": 1039.0659060953576,
    "stick_C4H2_9_20": 1010.0279037965341,
    "stick_C3_9_23": 741.6896033237591,
    "stick_C2H2_9_11": 851.0619659869924,
    "stick_C2H5_9_17": 1828.7674738724234,
    "stick_C4H_9_24": 1589.9332983533889,
    "loss_C_11_8": 1353.8336890547096,
    "stick_C3H6_9_25": 660.0921857233943,
    "stick_C2H6_9_14": 709.1760816475373,
    "stick_H2_9_16": 557.4531572806234,
    "e_CH4_CH4Plus_cm3_2_2": 1.9745835878858404e-11
  },
  "target_densities": {
    "H": 28659928178061.066,
    "CH": 12340721474.20668,
    "C2": 143294777866.24673
  },
  "all_densities": {
    "e": 1613506115.5115652,
    "Ar": 1.0260006290377222e+16,
    "CH4": 1810589345360686.2,
    "ArPlus": 64473834.7903595,
    "CH4Plus": 43909185.5080477,
    "CH3Plus": 25689220.828585226,
    "CH5Plus": 30817013.756266773,
    "ArHPlus": 26339982.958689794,
    "CH3Minus": 10541.672824546285,
    "H": 28659928178061.066,
    "C2": 143294777866.24673,
    "CH": 12340721474.20668,
    "H2": 87937323609456.9,
    "ArStar": 455810411.49996215,
    "C2H4": 153891864660.20346,
    "C2H6": 4959669394625.924,
    "CH2": 976388129583.8857,
    "C2H2": 3190788629434.4688,
    "C2H5": 739364439995.6584,
    "CH3": 24507502025718.53,
    "C": 65121330362.99356,
    "H3Plus": 4189.900669404623,
    "C2H3": 15072591243.160656,
    "C3H2": 3932810004.6038656,
    "CHPlus": 33.822928590912184,
    "C3H": 1819614920.4216993,
    "C4H2": 1134407.8780910613,
    "C2H": 1127252890.762702,
    "C3H3": 13317464.880133988,
    "C3H4": 96410971.39373484,
    "C3": 4301515746.524577,
    "C3H5": 912429062.191922,
    "C4H": 2080252.509579978,
    "C3H6": 6901106901.598972,
    "CH2Plus": 8031.814911466001,
    "C2H5Plus": 14912065.782074805,
    "C2H4Plus": 1023.3114127501292,
    "C2H3Plus": 682.2076085000859,
    "HMinus": 370679880.97118735,
    "C2HPlus": 14060.679898113161,
    "H2Plus": 141327.03045500827,
    "C2H2Star": 38861095.447189964
  }
}