{
  "pressure_mTorr": 500.0,
  "n_total": 1.2070595635737908e+16,
  "Te": 1.0680284233902197,
  "Ne": 2140964956.1886706,
  "E_field": 232.87690994764984,
  "n_i_total": 797513176.2798121,
  "Ni_over_Ne": 0.3725017422515588,
  "charge_imbalance_pct": 62.74982577484411,
  "rate_values": {
    "loss_C2_11_3": 1687.5409570187292,
    "e_CH4_CH3_HMinus_cm3_8_1": 8.864447848722506e-14,
    "loss_C2H2Star_11_25": 8502.870335659189,
    "e_CH4Plus_CH2_H2_cm3_6_9": 1.570809338388253e-06,
    "e_CH_CHPlus_2e_cm3_2_10": 1.676941725165062e-11,
    "loss_C3H4_11_18": 1033.8398401090697,
    "e_CH4Plus_CH_H2_H_cm3_6_11": 4.369434282680032e-07,
    "loss_CH_11_9": 3012.8234233355247,
    "loss_C3H_11_10": 248.31670619649339,
    "stick_ArStar_9_5": 115.23102118914773,
    "ArStar_CH4_CH3_H_cm3_3_1": 1.841196339600584e-10,
    "loss_C4H2_11_11": 991.7883302476725,
    "loss_C3H6_11_16": 710.6257217903318,
    "loss_C4H_11_15": 267.67658651239094,
    "loss_C2H_11_12": 745.3743521032646,
    "loss_C3_11_14": 727.8871916655478,
    "e_CH4Plus_C_2H2_cm3_6_13": 7.962582245694422e-08,
    "loss_C3H3_11_13": 607.8928271216014,
    "e_CH4Plus_CH3_H_cm3_6_4": 4.784830811620675e-07,
    "e_CH4_CH_H2_H_vib_cm3_1_3": 4.022624863383148e-11,
    "stick_CH_9_3": 2779.748303541862,
    "stick_H_9_1": 454.77846354440226,
    "stick_C2_9_9": 4306.743048337443,
    "stick_C_9_10": 1683.35340056398,
    "loss_CH2_11_1": 2512.7182676917982,
    "stick_CH3_9_2": 3382.0897003458654,
    "e_Ar_ArStar_cm3_1_7": 1.557184536988526e-10,
    "stick_C3_9_23": 1200.3704152223336,
    "stick_C2H4_9_12": 1940.7286106588133,
    "stick_H2_9_16": 544.8331766833732,
    "stick_C3H3_9_21": 1885.4735358704838,
    "stick_C3H4_9_22": 653.2053307357137,
    "stick_C3H_9_19": 1325.8447248765876,
    "stick_C3H6_9_25": 626.8496841685444,
    "stick_C4H_9_24": 546.7049310097872,
    "stick_C2H5_9_17": 721.863843466965,
    "stick_C2H6_9_14": 1155.2610059582423,
    "loss_C_11_8": 1935.1446960930118,
    "stick_C4H2_9_20": 1449.1044778564226,
    "stick_C2H2_9_11": 1168.288612397755
  },
  "target_densities": {
    "H": 41036372256209.74,
    "CH": 38757603754.32658,
    "C2": 365736643995.6725
  },
  "all_densities": {
    "e": 2140964956.1886706,
    "Ar": 1.0260006290377222e+16,
    "CH4": 1810589345360686.2,
    "ArPlus": 229756767.35836098,
    "CH4Plus": 152980558.58389756,
    "CH3Plus": 95565796.23034763,
    "CH5Plus": 145268387.7296652,
    "ArHPlus": 105145512.8709008,
    "CH3Minus": 30030.543289452977,
    "H": 41036372256209.74,
    "C2": 365736643995.6725,
    "CH": 38757603754.32658,
    "H2": 135890796634879.9,
    "ArStar": 1528088145.6535199,
    "C2H4": 614453968193.2546,
    "C2H6": 9429832831088.2,
    "CH2": 2596047690176.2075,
    "C2H2": 8130518286589.855,
    "C2H5": 4950343542226.911,
    "CH3": 39575180370653.98,
    "C": 228327628430.7148,
    "H3Plus": 42445.8912073001,
    "C2H3": 68702772904.0658,
    "C3H2": 31390279405.800827,
    "CHPlus": 536.5896215485901,
    "C3H": 19969073465.226833,
    "C4H2": 31707801.101984832,
    "C2H": 6560385912.383025,
    "C3H3": 106793565.86185406,
    "C3H4": 1552788284.4915664,
    "C3": 17812431113.711143,
    "C3H5": 19186345345.74201,
    "C4H": 149390916.26849136,
    "C3H6": 64214111506.37338,
    "CH2Plus": 96857.02599799812,
    "C2H5Plus": 67678159.05131954,
    "C2H4Plus": 12429.12259225471,
    "C2H3Plus": 8286.081728169807,
    "HMinus": 559729426.2594582,
    "C2HPlus": 114719.09545228575,
    "H2Plus": 842720.6487208203,
    "C2H2Star": 87670267.4835787
  }
}