{
  "pressure_mTorr": 500.0,
  "n_total": 1.2070595635737908e+16,
  "Te": 4.8747853982878455,
  "Ne": 1800387957.4339805,
  "E_field": 422.17461901759657,
  "n_i_total": 30196465386.829197,
  "Ni_over_Ne": 16.772199159711658,
  "charge_imbalance_pct": 1577.2199159711658,
  "rate_values": {
    "loss_C2_11_3": 1715.9929642856237,
    "e_CH4_CH3_HMinus_cm3_8_1": 6.395019871429421e-14,
    "loss_C2H2Star_11_25": 2504.818774037034,
    "e_CH4Plus_CH2_H2_cm3_6_9": 6.653124212461679e-07,
    "loss_C3H4_11_18": 657.1301779649334,
    "e_CH4Plus_CH_H2_H_cm3_6_11": 8.828984509008222e-07,
    "stick_ArStar_9_5": 323.28899570496225,
    "stick_H_9_1": 2959.024370694641,
    "e_CH4Plus_C_2H2_cm3_6_13": 5.343678303541979e-08,
    "loss_C3_11_14": 571.1737947619936,
    "loss_C4H2_11_11": 851.1880995861695,
    "loss_C2H_11_12": 172.88413381323596,
    "loss_C3H_11_10": 681.0446808860634,
    "loss_C3H3_11_13": 232.87809685419205,
    "loss_C3H6_11_16": 376.16343757135286,
    "loss_C4H_11_15": 208.0536733274384,
    "loss_CH_11_9": 5163.3551293146875,
    "ArStar_CH4_CH3_H_cm3_3_1": 4.71183278521293e-10,
    "e_CH4Plus_CH3_H_cm3_6_4": 7.709115099805873e-07,
    "e_CH4_CH_H2_H_vib_cm3_1_3": 9.192384918048016e-11,
    "stick_C_9_10": 3417.996392221413,
    "stick_CH_9_3": 5285.493578813733,
    "stick_C2_9_9": 5112.047138764735,
    "loss_CH2_11_1": 5666.372262022292,
    "stick_CH3_9_2": 2889.9020801053603,
    "e_Ar_ArStar_cm3_1_7": 1.5178921036274323e-10,
    "stick_C4H2_9_20": 1024.0771536734374,
    "stick_C3_9_23": 652.4516860883116,
    "stick_H2_9_16": 695.1099452499994,
    "stick_C2H2_9_11": 1778.5483958722366,
    "stick_C2H6_9_14": 580.4158296616556,
    "loss_C_11_8": 1881.2416289100802,
    "stick_C3H_9_19": 539.6537056534977,
    "stick_C2H4_9_12": 555.427547899385,
    "stick_C3H6_9_25": 906.4471571905995,
    "stick_C3H4_9_22": 1577.1693254872175,
    "stick_C2H5_9_17": 1289.690374802495,
    "stick_C3H3_9_21": 1615.0933349228808,
    "stick_C4H_9_24": 1077.4657243530482,
    "e_CH4_CH4Plus_cm3_2_2": 1.7535728431179405e-11
  },
  "target_densities": {
    "H": 23243899307175.56,
    "CH": 15994325544.808788,
    "C2": 162951490671.61566
  },
  "all_densities": {
    "e": 1800387957.4339805,
    "Ar": 1.0260006290377222e+16,
    "CH4": 1810589345360686.2,
    "ArPlus": 147762666.798146,
    "CH4Plus": 55171205.47781978,
    "CH3Plus": 54462065.55044229,
    "CH5Plus": 303138139.3502298,
    "ArHPlus": 47737135.964516476,
    "CH3Minus": 28683.276294332918,
    "H": 23243899307175.56,
    "C2": 162951490671.61566,
    "CH": 15994325544.808788,
    "H2": 55361328664130.73,
    "ArStar": 1026437670.1145644,
    "C2H4": 401372665117.52985,
    "C2H6": 12687967366460.87,
    "CH2": 1818932087854.0164,
    "C2H2": 5473312657196.569,
    "C2H5": 2591000427459.8154,
    "CH3": 37382674127283.72,
    "C": 73912694848.1895,
    "H3Plus": 433134747.5371643,
    "C2H3": 86393979149.70862,
    "C3H2": 8740215060.271873,
    "CHPlus": 318804.3865528659,
    "C3H": 7162079738.685111,
    "C4H2": 6108609.687045183,
    "C2H": 53828207770.16535,
    "C3H3": 74774609.81650907,
    "C3H4": 316056713.3830656,
    "C3": 7580304944.524041,
    "C3H5": 4144130432.353102,
    "C4H": 10874502.964160984,
    "C3H6": 27030708680.58898,
    "CH2Plus": 21333.439649948243,
    "C2H5Plus": 21370514.05300364,
    "C2H4Plus": 5601.782888966168,
    "C2H3Plus": 3734.521925977446,
    "HMinus": 229121388.32351807,
    "C2HPlus": 50359.76328991585,
    "H2Plus": 29133289078.203568,
    "C2H2Star": 134572952.3403438
  }
}