{
  "pressure_mTorr": 500.0,
  "n_total": 1.2070595635737908e+16,
  "Te": 1.0063512621773394,
  "Ne": 2147124999.3927011,
  "E_field": 53.501726602133886,
  "n_i_total": 2217278070.9169216,
  "Ni_over_Ne": 1.0326730262765618,
  "charge_imbalance_pct": 3.2673026276561803,
  "rate_values": {
    "loss_C2_11_3": 1480.5343482144326,
    "e_CH4_CH3_HMinus_cm3_8_1": 5.701298424620242e-13,
    "loss_C2H2Star_11_25": 2441.2338195712705,
    "e_CH4Plus_CH2_H2_cm3_6_9": 1.0062359046634729e-06,
    "e_CH_CHPlus_2e_cm3_2_10": 1.4215652290892475e-11,
    "loss_C3H4_11_18": 430.6037938986015,
    "e_CH4Plus_CH_H2_H_cm3_6_11": 1.3061924507405832e-07,
    "loss_C3_11_14": 477.8422779368587,
    "loss_CH_11_9": 6192.482168082294,
    "loss_C2H_11_12": 915.7411553335078,
    "ArStar_CH4_CH3_H_cm3_3_1": 2.903434475972474e-10,
    "loss_C4H2_11_11": 558.1995957528117,
    "loss_C3H3_11_13": 410.55955979496724,
    "stick_ArStar_9_5": 362.23485495409903,
    "loss_C3H6_11_16": 166.5728410941083,
    "loss_C3H_11_10": 126.71869801421906,
    "e_CH4Plus_C_2H2_cm3_6_13": 8.158851918312914e-08,
    "loss_C4H_11_15": 968.0171955252708,
    "e_CH4Plus_CH3_H_cm3_6_4": 2.871465126106191e-07,
    "e_CH4_CH_H2_H_vib_cm3_1_3": 4.822788672062596e-11,
    "stick_C2_9_9": 1743.6009811294139,
    "stick_CH_9_3": 2557.6731630724535,
    "stick_H_9_1": 346.56041713155304,
    "stick_C_9_10": 2550.304252030962,
    "loss_CH2_11_1": 4545.000792291075,
    "stick_CH3_9_2": 5215.8609280707715,
    "e_Ar_ArStar_cm3_1_7": 1.5464588173945374e-10,
    "e_C2H4_C2H2_H_H_cm3_1_17": 3.93913083688254e-11,
    "C_CH3_C2_H2_H_cm3_7_8": 9.375361721835692e-11,
    "C2_H_CH_C_cm3_7_6": 1.1077786006279791e-10,
    "CH3_CH3_C2H2_H2_H2_cm3_7_49": 1.1665857880240208e-11,
    "CH2_H_CH_H2_cm3_7_1": 2.1223237781915822e-11,
    "C2H2_H_C2_H2_H_cm3_7_50": 1.1701813631896604e-11,
    "CH3_C2H5_C2H2_CH3_H2_cm3_7_61": 1.068110216514676e-11,
    "e_CH4_CH3_H_cm3_1_1": 6.87994347480989e-11,
    "C2HPlus_e_C2_H_cm3_6_18": 2.3659054400903055e-07,
    "CH_CH4_C2H4_H_cm3_7_20": 6.897012682180246e-11,
    "e_C2H4_C2H2_H2_cm3_1_15": 7.50849946932431e-11,
    "e_CH4_CH2_H2_cm3_1_2": 3.727241394001445e-11,
    "C_CH_C2_H_cm3_7_4": 9.399916081616406e-11,
    "CH_CH4_CH2_CH3_cm3_7_39": 1.0291130601508289e-11,
    "CH2_CH3_C2H2_H_H2_cm3_7_62": 1.0005810090351855e-11,
    "C2H2_C_C2_CH2_cm3_7_19": 1.1002823793565118e-10,
    "CH_C_C2_H_cm3_7_9": 8.455926665620009e-11,
    "e_C2H4_C2H2_H2_cm3_1_6": 2.9058263161753592e-11,
    "CH_CH_C2_H2_cm3_5_4": 1.740792045414163e-10,
    "CH2_C2H3_C2H2_CH3_cm3_7_53": 9.836672909139087e-11,
    "C_H_CH_cm3_7_12": 1.1417230520746177e-10,
    "e_C2H2_C2_H2_cm3_1_16": 1.1554119986098983e-10,
    "CH_H_C_H2_cm3_7_3": 9.124415704264532e-11,
    "C2H_H_C2_H2_cm3_7_47": 9.404889523015613e-11,
    "CH2_CH2_C2H2_H2_cm3_7_15": 9.589781562994712e-11,
    "CH_CH3_C2H4_cm3_7_5": 1.0915754232871026e-10
  },
  "target_densities": {
    "H": 10417945942961.512,
    "CH": 2197875221.028473,
    "C2": 24446202363.860107
  },
  "all_densities": {
    "e": 2147124999.3927011,
    "Ar": 1.0260006290377222e+16,
    "CH4": 1810589345360686.2,
    "ArPlus": 212417504.70834133,
    "CH4Plus": 563945409.6516838,
    "CH3Plus": 119219964.01694444,
    "CH5Plus": 811503406.6607103,
    "ArHPlus": 143659208.04963315,
    "CH3Minus": 32242.457232670844,
    "H": 10417945942961.512,
    "C2": 24446202363.860107,
    "CH": 2197875221.028473,
    "H2": 30259884201742.36,
    "ArStar": 1431410828.9330027,
    "C2H4": 154471136106.42865,
    "C2H6": 1265020010181.028,
    "CH2": 277880035422.0879,
    "C2H2": 858953884695.5797,
    "C2H5": 90638748097.3085,
    "CH3": 10672636260732.44,
    "C": 12149128282.243645,
    "H3Plus": 5928.433402105138,
    "C2H3": 1229329764.0931447,
    "C3H2": 188745861.93255493,
    "CHPlus": 111.76932409696362,
    "C3H": 137106594.0134014,
    "C4H2": 16665.371805716328,
    "C2H": 109861578.3209496,
    "C3H3": 162711.0217779067,
    "C3H4": 22221722.45531729,
    "C3": 115481192.32321681,
    "C3H5": 19921265.8508116,
    "C4H": 18703.184711558624,
    "C3H6": 343989517.8837956,
    "CH2Plus": 56296.441634475545,
    "C2H5Plus": 366104939.484166,
    "C2H4Plus": 7241.724738059027,
    "C2H3Plus": 4827.81649203935,
    "HMinus": 534169692.115914,
    "C2HPlus": 26509.87180090209,
    "H2Plus": 326722.28805088357,
    "C2H2Star": 30218716.836961977
  }
}