{
  "pressure_mTorr": 500.0,
  "n_total": 1.2070595635737908e+16,
  "Te": 1.4801655584470927,
  "Ne": 2823751290.980729,
  "E_field": 194.46974875644491,
  "n_i_total": 1293236698.1237557,
  "Ni_over_Ne": 0.45798534107959493,
  "charge_imbalance_pct": 54.20146589204051,
  "rate_values": {
    "loss_C2_11_3": 131.52674077842698,
    "e_CH4_CH3_HMinus_cm3_8_1": 5.365679127504031e-13,
    "loss_C2H2Star_11_25": 538.8595189299785,
    "e_CH4Plus_CH2_H2_cm3_6_9": 1.3031407862550774e-06,
    "e_CH_CHPlus_2e_cm3_2_10": 1.751534488880682e-11,
    "loss_C3H4_11_18": 1134.657403972462,
    "e_CH4Plus_CH_H2_H_cm3_6_11": 7.900507614818346e-07,
    "loss_C4H_11_15": 160.66695142568307,
    "stick_ArStar_9_5": 428.19881395986283,
    "loss_C3_11_14": 211.36115260520444,
    "loss_CH_11_9": 3440.679073556761,
    "loss_C3H3_11_13": 148.19502359363372,
    "ArStar_CH4_CH3_H_cm3_3_1": 3.889679142234427e-10,
    "loss_C3H6_11_16": 754.034540400763,
    "loss_C2H_11_12": 482.3061689304003,
    "e_CH4Plus_C_2H2_cm3_6_13": 4.7106883310157894e-08,
    "loss_C3H_11_10": 812.745846895084,
    "loss_C4H2_11_11": 435.9109349230742,
    "e_CH4Plus_CH3_H_cm3_6_4": 1.5398113831965118e-07,
    "e_CH4_CH_H2_H_vib_cm3_1_3": 8.673035375859063e-11,
    "stick_CH_9_3": 1564.2527860819941,
    "stick_H_9_1": 216.91774913304238,
    "stick_C2_9_9": 5409.328434093563,
    "stick_C_9_10": 1292.1435036299677,
    "loss_CH2_11_1": 1666.9975935381765,
    "stick_CH3_9_2": 2088.265114189893,
    "e_Ar_ArStar_cm3_1_7": 1.6112412803926816e-10,
    "loss_C_11_8": 1859.4536797083874,
    "stick_H2_9_16": 297.47646006921775,
    "stick_C2H5_9_17": 986.7916186643924,
    "stick_C3H4_9_22": 1872.4488686240888,
    "stick_C2H2_9_11": 1098.6427709917693,
    "stick_C2H6_9_14": 691.7289281461303,
    "stick_C3H_9_19": 972.7369398579596,
    "stick_C4H2_9_20": 1492.3923459623961,
    "stick_C4H_9_24": 1397.83144049551,
    "stick_C2H4_9_12": 1401.640301348025,
    "stick_C3H3_9_21": 759.0287044134103,
    "stick_C3_9_23": 1542.4287866295722,
    "stick_C3H6_9_25": 876.240973045998
  },
  "target_densities": {
    "H": 10863357173806.094,
    "CH": 5861323374.416896,
    "C2": 29547515693.43048
  },
  "all_densities": {
    "e": 2823751290.980729,
    "Ar": 1.0260006290377222e+16,
    "CH4": 1810589345360686.2,
    "ArPlus": 315260580.63262975,
    "CH4Plus": 270048292.1832805,
    "CH3Plus": 148842966.59193447,
    "CH5Plus": 256842146.39313152,
    "ArHPlus": 149440769.43733907,
    "CH3Minus": 32624.85789352924,
    "H": 10863357173806.094,
    "C2": 29547515693.43048,
    "CH": 5861323374.416896,
    "H2": 38258854321630.3,
    "ArStar": 1819913555.2502363,
    "C2H4": 269744151690.91147,
    "C2H6": 2658900894317.7314,
    "CH2": 887844783196.3826,
    "C2H2": 1658991426415.2263,
    "C2H5": 755052755394.0753,
    "CH3": 17813198728435.375,
    "C": 24048044542.544456,
    "H3Plus": 409286.5741339253,
    "C2H3": 5300481620.646619,
    "C3H2": 971818908.0723209,
    "CHPlus": 133.80640505592316,
    "C3H": 544429451.8352886,
    "C4H2": 165486.26470716906,
    "C2H": 1106727898.722649,
    "C3H3": 3424495.6188493734,
    "C3H4": 57835118.34645929,
    "C3": 574199913.518629,
    "C3H5": 442560836.41091764,
    "C4H": 365489.3011832271,
    "C3H6": 1785667381.915706,
    "CH2Plus": 61781.11218549141,
    "C2H5Plus": 126011495.585835,
    "C2H4Plus": 12815.447096630385,
    "C2H3Plus": 8543.63139775359,
    "HMinus": 685995479.4041796,
    "C2HPlus": 51893.936443117884,
    "H2Plus": 26245992.79194356,
    "C2H2Star": 336179009.0640664
  }
}