{
  "pressure_mTorr": 500.0,
  "n_total": 1.2070595635737908e+16,
  "Te": 1.163571599970152,
  "Ne": 2122845282.376215,
  "E_field": 320.8114429496643,
  "n_i_total": 375794089.4162977,
  "Ni_over_Ne": 0.17702377678492476,
  "charge_imbalance_pct": 82.29762232150752,
  "rate_values": {
    "loss_C2_11_3": 1472.8737694892102,
    "e_CH4_CH3_HMinus_cm3_8_1": 9.548903671180106e-13,
    "loss_C2H2Star_11_25": 8957.668799572533,
    "e_CH4Plus_CH2_H2_cm3_6_9": 1.704742587015097e-06,
    "e_CH_CHPlus_2e_cm3_2_10": 1.0985857788808504e-12,
    "loss_C3H4_11_18": 115.35011249848935,
    "e_CH4Plus_CH_H2_H_cm3_6_11": 1.214729443934119e-07,
    "loss_C4H_11_15": 245.10784857654414,
    "stick_ArStar_9_5": 579.9922627212457,
    "loss_C3H_11_10": 362.23364268774253,
    "loss_C3H3_11_13": 387.2274891595064,
    "loss_C3_11_14": 824.7991813713935,
    "ArStar_CH4_CH3_H_cm3_3_1": 2.8353513675332483e-10,
    "loss_C3H6_11_16": 464.27584496973367,
    "loss_C2H_11_12": 138.28218600051537,
    "e_CH4Plus_C_2H2_cm3_6_13": 5.7873859632075636e-08,
    "loss_C4H2_11_11": 289.26357029969097,
    "loss_CH_11_9": 4824.9562674998715,
    "e_CH4Plus_CH3_H_cm3_6_4": 7.148384012350169e-07,
    "e_CH4_CH_H2_H_vib_cm3_1_3": 6.20516235987718e-11,
    "stick_C2_9_9": 5199.574598136338,
    "stick_CH_9_3": 5946.7187002105875,
    "stick_C_9_10": 3620.609948724199,
    "stick_H_9_1": 436.518173347094,
    "loss_CH2_11_1": 5920.361917911338,
    "stick_CH3_9_2": 5494.12819510438,
    "e_Ar_ArStar_cm3_1_7": 4.325207268261074e-11,
    "stick_C4H2_9_20": 1877.7203859258216,
    "stick_C3H4_9_22": 996.0878947091434,
    "stick_C2H5_9_17": 1204.544154639799,
    "stick_C2H6_9_14": 893.8491436372691,
    "stick_C2H2_9_11": 1846.1975714166206,
    "stick_C3H3_9_21": 1596.5126753023355,
    "stick_H2_9_16": 507.5068571903241,
    "stick_C3_9_23": 840.2230027426833,
    "stick_C3H6_9_25": 1375.4895579913082,
    "stick_C2H4_9_12": 1950.2343706859738,
    "loss_C_11_8": 1206.316443618344,
    "stick_C4H_9_24": 1566.6186723605333,
    "stick_C3H_9_19": 1019.1656533364985
  },
  "target_densities": {
    "H": 41277395401280.44,
    "CH": 11943710290.590076,
    "C2": 160133184730.34927
  },
  "all_densities": {
    "e": 2122845282.376215,
    "Ar": 1.0260006290377222e+16,
    "CH4": 1810589345360686.2,
    "ArPlus": 121400041.04009776,
    "CH4Plus": 72716079.32833809,
    "CH3Plus": 53372120.241102375,
    "CH5Plus": 52309707.519046284,
    "ArHPlus": 46246165.120029785,
    "CH3Minus": 20262.941242552137,
    "H": 41277395401280.44,
    "C2": 160133184730.34927,
    "CH": 11943710290.590076,
    "H2": 132162701299153.73,
    "ArStar": 390355378.42885697,
    "C2H4": 488251509388.74304,
    "C2H6": 7750378612962.59,
    "CH2": 1515204258266.6257,
    "C2H2": 3940485908983.0312,
    "C2H5": 1940214130864.7546,
    "CH3": 32891279379408.47,
    "C": 114371087788.39378,
    "H3Plus": 86057.22128382698,
    "C2H3": 18900431567.60551,
    "C3H2": 4700787725.431571,
    "CHPlus": 7.801788737789401,
    "C3H": 3404038599.522348,
    "C4H2": 1876195.2867199655,
    "C2H": 1168356127.2542975,
    "C3H3": 11379578.991981728,
    "C3H4": 577152121.2331872,
    "C3": 3056367135.479373,
    "C3H5": 2317335548.075766,
    "C4H": 3098969.1921646562,
    "C3H6": 9060148132.33982,
    "CH2Plus": 22918.078258306265,
    "C2H5Plus": 27493047.990760617,
    "C2H4Plus": 10572.727539808666,
    "C2H3Plus": 7048.485026539112,
    "HMinus": 855339845.4717809,
    "C2HPlus": 56232.62706637199,
    "H2Plus": 2074091.2359590312,
    "C2H2Star": 10303059.217380665
  }
}