{
  "pressure_mTorr": 500.0,
  "n_total": 1.2070595635737908e+16,
  "Te": 6.734218483191043,
  "Ne": 2746776781.5534062,
  "E_field": 194.46974875644491,
  "n_i_total": 133994947105.7917,
  "Ni_over_Ne": 48.78261240799206,
  "charge_imbalance_pct": 4778.2612407992065,
  "rate_values": {
    "loss_C2_11_3": 131.52674077842698,
    "e_CH4_CH3_HMinus_cm3_8_1": 5.365679127504031e-13,
    "loss_C2H2Star_11_25": 538.8595189299785,
    "e_CH4Plus_CH2_H2_cm3_6_9": 1.3031407862550774e-06,
    "loss_C3H4_11_18": 1063.3951185137312,
    "e_CH4Plus_CH_H2_H_cm3_6_11": 9.129451031212199e-07,
    "stick_ArStar_9_5": 474.5151084802063,
    "loss_C3H_11_10": 160.66695142568307,
    "e_CH4Plus_C_2H2_cm3_6_13": 5.997182268345417e-08,
    "stick_H_9_1": 822.1948836342453,
    "loss_C2H_11_12": 344.0679073556761,
    "loss_C4H2_11_11": 148.19502359363372,
    "ArStar_CH4_CH3_H_cm3_3_1": 3.889679142234427e-10,
    "loss_C3H3_11_13": 754.034540400763,
    "loss_C3H6_11_16": 482.3061689304003,
    "loss_C3_11_14": 471.068833101579,
    "loss_C4H_11_15": 812.745846895084,
    "loss_CH_11_9": 4359.109349230742,
    "e_CH4Plus_CH3_H_cm3_6_4": 1.5398113831965118e-07,
    "e_CH4_CH_H2_H_vib_cm3_1_3": 8.673035375859063e-11,
    "stick_C_9_10": 1564.2527860819941,
    "stick_C2_9_9": 2711.4718641630297,
    "stick_CH_9_3": 5409.328434093563,
    "loss_CH2_11_1": 1250.7106245065488,
    "stick_CH3_9_2": 1637.1281329495603,
    "e_Ar_ArStar_cm3_1_7": 6.691712467242101e-11,
    "stick_C3H_9_19": 1797.7585147064447,
    "stick_C2H4_9_12": 1859.4536797083874,
    "stick_C2H6_9_14": 475.9623361107484,
    "stick_C4H2_9_20": 986.7916186643924,
    "stick_H2_9_16": 936.2244343120444,
    "stick_C3H3_9_21": 1098.6427709917693,
    "stick_C3H4_9_22": 864.6611601826629,
    "stick_C3H6_9_25": 972.7369398579596,
    "stick_C2H2_9_11": 1492.3923459623961,
    "stick_C4H_9_24": 1397.83144049551,
    "stick_C2H5_9_17": 1401.640301348025,
    "loss_C_11_8": 759.0287044134103,
    "stick_C3_9_23": 1542.4287866295722,
    "e_CH4_CH4Plus_cm3_2_2": 1.712349575633756e-11
  },
  "target_densities": {
    "H": 27765612424510.92,
    "CH": 45096804480.89386,
    "C2": 761614220965.8682
  },
  "all_densities": {
    "e": 2746776781.5534062,
    "Ar": 1.0260006290377222e+16,
    "CH4": 1810589345360686.2,
    "ArPlus": 202720113.11914968,
    "CH4Plus": 145325921.98125994,
    "CH3Plus": 102689045.04259197,
    "CH5Plus": 2015205690.574496,
    "ArHPlus": 95621972.02881715,
    "CH3Minus": 120161.73629110289,
    "H": 27765612424510.92,
    "C2": 761614220965.8682,
    "CH": 45096804480.89386,
    "H2": 26525657922436.96,
    "ArStar": 730185273.7514876,
    "C2H4": 834815704827.9303,
    "C2H6": 21693793448217.12,
    "CH2": 3671315574474.727,
    "C2H2": 10944440950102.564,
    "C2H5": 6169272516202.792,
    "CH3": 47348409510564.02,
    "C": 290192012252.25494,
    "H3Plus": 1407114928.1608644,
    "C2H3": 226696408106.75244,
    "C3H2": 49134351145.25706,
    "CHPlus": -216.57747776385006,
    "C3H": 25143943983.036427,
    "C4H2": 99905274.95774348,
    "C2H": 242984788236.106,
    "C3H3": 551811345.1298752,
    "C3H4": 2147876757.416288,
    "C3": 27924147681.886486,
    "C3H5": 27821447645.254944,
    "C4H": 100236360.86068788,
    "C3H6": 125648919397.69391,
    "CH2Plus": 176252.86672963048,
    "C2H5Plus": 88163158.87090258,
    "C2H4Plus": 38580.958238936815,
    "C2H3Plus": 25720.638825957874,
    "HMinus": 654301548.8350418,
    "C2HPlus": 333050.5987740132,
    "H2Plus": 129937532670.95105,
    "C2H2Star": 889820370.2972249
  }
}