{
  "pressure_mTorr": 500.0,
  "n_total": 1.2070595635737908e+16,
  "Te": 2.7299425532248716,
  "Ne": 1695907968.3746781,
  "E_field": 238.81638585786123,
  "n_i_total": 5700665180.326324,
  "Ni_over_Ne": 3.3614236660434584,
  "charge_imbalance_pct": 236.14236660434585,
  "rate_values": {
    "loss_C2_11_3": 1174.2049856382432,
    "e_CH4_CH3_HMinus_cm3_8_1": 3.895919360334221e-13,
    "loss_C2H2Star_11_25": 7573.59976810274,
    "e_CH4Plus_CH2_H2_cm3_6_9": 1.7617829362048976e-06,
    "loss_C3H4_11_18": 164.00450180933467,
    "e_CH4Plus_CH_H2_H_cm3_6_11": 2.1092662266162614e-07,
    "loss_C3H6_11_16": 658.2905593456617,
    "loss_C4H2_11_11": 567.5878156771762,
    "stick_H_9_1": 2885.5612267241927,
    "loss_C4H_11_15": 972.7302085404037,
    "loss_C2H_11_12": 961.8497276712649,
    "loss_CH_11_9": 9979.114132017032,
    "loss_C3H3_11_13": 461.42262749312647,
    "loss_C3H_11_10": 451.518318584193,
    "ArStar_CH4_CH3_H_cm3_3_1": 2.516887756318829e-10,
    "e_CH4Plus_C_2H2_cm3_6_13": 9.336805723292963e-08,
    "stick_ArStar_9_5": 158.34667934895194,
    "loss_C3_11_14": 285.42895004344473,
    "e_CH4Plus_CH3_H_cm3_6_4": 5.667095034973774e-07,
    "e_CH4_CH_H2_H_vib_cm3_1_3": 6.319730136380817e-11,
    "stick_CH_9_3": 3021.629481140786,
    "stick_C_9_10": 3181.6328090445163,
    "stick_C2_9_9": 4604.0428026318805,
    "loss_CH2_11_1": 3867.822250542593,
    "stick_CH3_9_2": 5790.679119829985,
    "e_Ar_ArStar_cm3_1_7": 1.430895927222122e-10,
    "loss_C_11_8": 980.0072134210765,
    "stick_C2H4_9_12": 644.5330047161895,
    "stick_C4H2_9_20": 1163.2632763623938,
    "stick_C3H3_9_21": 1909.5274665222414,
    "stick_C3H4_9_22": 683.3593169785371,
    "stick_C3H6_9_25": 1572.7937975981006,
    "stick_C2H5_9_17": 500.18910346798043,
    "stick_C4H_9_24": 565.6884966538281,
    "stick_C2H6_9_14": 433.79678434059304,
    "stick_C3_9_23": 1237.9623439817053,
    "stick_H2_9_16": 865.5323918202781,
    "stick_C2H2_9_11": 1701.8844152516144,
    "stick_C3H_9_19": 797.4283829746108,
    "e_CH4_CH3Plus_H_cm3_2_1": 1.655974199908183e-11
  },
  "target_densities": {
    "H": 23214408506687.125,
    "CH": 12352597832.84233,
    "C2": 101818113083.23532
  },
  "all_densities": {
    "e": 1695907968.3746781,
    "Ar": 1.0260006290377222e+16,
    "CH4": 1810589345360686.2,
    "ArPlus": 177511739.67028555,
    "CH4Plus": 126846242.19313438,
    "CH3Plus": 68374069.58639547,
    "CH5Plus": 274829916.7465331,
    "ArHPlus": 78509397.78938699,
    "CH3Minus": 35720.536719814845,
    "H": 23214408506687.125,
    "C2": 101818113083.23532,
    "CH": 12352597832.84233,
    "H2": 91277096979829.22,
    "ArStar": 1064586828.3251972,
    "C2H4": 274070980714.9696,
    "C2H6": 8327392068101.616,
    "CH2": 1443017091656.502,
    "C2H2": 3256820147815.449,
    "C2H5": 2507169559066.0527,
    "CH3": 27972855338900.902,
    "C": 67311382257.37202,
    "H3Plus": 160174785.37801477,
    "C2H3": 55668315690.21123,
    "C3H2": 4018055607.4873066,
    "CHPlus": -265.85151607807273,
    "C3H": 3217946726.464896,
    "C4H2": 2296558.146587436,
    "C2H": 5647463873.611324,
    "C3H3": 29003070.013519596,
    "C3H4": 439485068.88036585,
    "C3": 2805951830.8622284,
    "C3H5": 3097005726.188759,
    "C4H": 3226262.448688912,
    "C3H6": 8769929146.45162,
    "CH2Plus": 37561.350077876916,
    "C2H5Plus": 47265556.84126104,
    "C2H4Plus": 6369.111263497838,
    "C2H3Plus": 4246.074175665226,
    "HMinus": 429039810.1646418,
    "C2HPlus": 49855.77634456791,
    "H2Plus": 4767055439.809452,
    "C2H2Star": 27467792.894398022
  }
}