{
  "pressure_mTorr": 500.0,
  "n_total": 1.2070595635737908e+16,
  "Te": 1.1813389965093188,
  "Ne": 2062252150.9961433,
  "E_field": 238.81638585786123,
  "n_i_total": 564745169.129769,
  "Ni_over_Ne": 0.27384874776684137,
  "charge_imbalance_pct": 72.61512522331587,
  "rate_values": {
    "loss_C2_11_3": 1174.2049856382432,
    "e_CH4_CH3_HMinus_cm3_8_1": 3.895919360334221e-13,
    "loss_C2H2Star_11_25": 7573.59976810274,
    "stick_H_9_1": 2271.778389040194,
    "e_CH4Plus_CH2_H2_cm3_6_9": 2.325807537479075e-07,
    "e_CH_CHPlus_2e_cm3_2_10": 3.4202172217082087e-12,
    "loss_C3H4_11_18": 968.4519812043626,
    "e_CH4Plus_CH_H2_H_cm3_6_11": 6.714962191609931e-07,
    "loss_C3H_11_10": 741.7895184380958,
    "loss_C3H6_11_16": 972.7302085404037,
    "loss_C4H_11_15": 961.8497276712649,
    "loss_C4H2_11_11": 997.9114132017032,
    "loss_C2H_11_12": 461.42262749312647,
    "e_CH4Plus_C_2H2_cm3_6_13": 4.51518318584193e-08,
    "stick_ArStar_9_5": 359.41157160232876,
    "ArStar_CH4_CH3_H_cm3_3_1": 4.668402861646482e-10,
    "loss_C3_11_14": 221.77406071281786,
    "loss_CH_11_9": 2854.2895004344473,
    "loss_C3H3_11_13": 625.0481914345496,
    "e_CH4Plus_CH3_H_cm3_6_4": 5.319730136380817e-07,
    "e_CH4_CH_H2_H_vib_cm3_1_3": 4.834607169825258e-11,
    "stick_C_9_10": 3181.6328090445163,
    "stick_CH_9_3": 4604.0428026318805,
    "stick_C2_9_9": 4001.3687893815663,
    "loss_CH2_11_1": 6009.34635254953,
    "stick_CH3_9_2": 4601.956559833003,
    "e_Ar_ArStar_cm3_1_7": 8.48006732526338e-11,
    "loss_C_11_8": 644.5330047161895,
    "stick_C3_9_23": 1163.2632763623938,
    "stick_C4H_9_24": 1909.5274665222414,
    "stick_C2H2_9_11": 683.3593169785371,
    "stick_C2H4_9_12": 1572.7937975981006,
    "stick_C2H6_9_14": 400.1512827743844,
    "stick_C2H5_9_17": 565.6884966538281,
    "stick_C3H_9_19": 542.2459804257413,
    "stick_C3H4_9_22": 1237.9623439817053,
    "stick_C3H3_9_21": 1731.0647836405562,
    "stick_C4H2_9_20": 1701.8844152516144,
    "stick_C3H6_9_25": 797.4283829746108,
    "stick_H2_9_16": 423.2326232151893
  },
  "target_densities": {
    "H": 33429305835060.293,
    "CH": 22588245481.98422,
    "C2": 232957225104.5999
  },
  "all_densities": {
    "e": 2062252150.9961433,
    "Ar": 1.0260006290377222e+16,
    "CH4": 1810589345360686.2,
    "ArPlus": 155200235.2833782,
    "CH4Plus": 115611461.26707569,
    "CH3Plus": 72612998.77404414,
    "CH5Plus": 99485927.0142854,
    "ArHPlus": 68558712.43857512,
    "CH3Minus": 24918.43127846655,
    "H": 33429305835060.293,
    "C2": 232957225104.5999,
    "CH": 22588245481.98422,
    "H2": 111334343762683.88,
    "ArStar": 655547066.3449059,
    "C2H4": 322785139643.98175,
    "C2H6": 10211444122097.17,
    "CH2": 1321016485676.9614,
    "C2H2": 5531034001357.159,
    "C2H5": 2306707312476.398,
    "CH3": 30376850995637.137,
    "C": 126187038987.30283,
    "H3Plus": 113594.3082807882,
    "C2H3": 33340486739.43579,
    "C3H2": 12465478051.35826,
    "CHPlus": 59.914764658656885,
    "C3H": 9712890084.164385,
    "C4H2": 8126434.719558983,
    "C2H": 3395306714.08963,
    "C3H3": 31963794.050886232,
    "C3H4": 363497683.9066681,
    "C3": 9780281017.754988,
    "C3H5": 5210447102.930496,
    "C4H": 9806210.025062663,
    "C3H6": 22826493203.35359,
    "CH2Plus": 36517.488334953414,
    "C2H5Plus": 50229145.60689496,
    "C2H4Plus": 9121.070798462835,
    "C2H3Plus": 6080.71386564189,
    "HMinus": 460105372.00687945,
    "C2HPlus": 102949.07960311242,
    "H2Plus": 2778366.169867877,
    "C2H2Star": 28724938.40021274
  }
}