{
  "pressure_mTorr": 500.0,
  "n_total": 1.2070595635737908e+16,
  "Te": 1.0680284233902197,
  "Ne": 2140964956.1886706,
  "E_field": 232.87690994764984,
  "n_i_total": 839698327.7812182,
  "Ni_over_Ne": 0.3922055451463543,
  "charge_imbalance_pct": 60.77944548536457,
  "rate_values": {
    "loss_C2_11_3": 1687.5409570187292,
    "e_CH4_CH3_HMinus_cm3_8_1": 8.864447848722506e-14,
    "loss_C2H2Star_11_25": 8502.870335659189,
    "e_CH4Plus_CH2_H2_cm3_6_9": 1.570809338388253e-06,
    "e_CH_CHPlus_2e_cm3_2_10": 1.676941725165062e-11,
    "loss_C3H4_11_18": 1033.8398401090697,
    "e_CH4Plus_CH_H2_H_cm3_6_11": 4.369434282680032e-07,
    "loss_C3H6_11_16": 301.2823423335525,
    "loss_C3H3_11_13": 248.31670619649339,
    "ArStar_CH4_CH3_H_cm3_3_1": 8.06939924293752e-11,
    "loss_C3H_11_10": 368.2392679201168,
    "loss_CH_11_9": 9917.883302476725,
    "stick_ArStar_9_5": 507.38676535829694,
    "loss_C3_11_14": 267.67658651239094,
    "e_CH4Plus_C_2H2_cm3_6_13": 7.453743521032645e-08,
    "loss_C4H2_11_11": 727.8871916655478,
    "loss_C2H_11_12": 796.2582245694423,
    "loss_C4H_11_15": 607.8928271216014,
    "e_CH4Plus_CH3_H_cm3_6_4": 4.784830811620675e-07,
    "e_CH4_CH_H2_H_vib_cm3_1_3": 4.022624863383148e-11,
    "stick_C_9_10": 2779.748303541862,
    "stick_CH_9_3": 5684.730794305028,
    "stick_C2_9_9": 4306.743048337443,
    "stick_H_9_1": 134.66827204511839,
    "loss_CH2_11_1": 2512.7182676917982,
    "stick_CH3_9_2": 3382.0897003458654,
    "e_Ar_ArStar_cm3_1_7": 1.557184536988526e-10,
    "stick_C2H2_9_11": 1200.3704152223336,
    "stick_C3H4_9_22": 1940.7286106588133,
    "stick_C2H5_9_17": 1089.6663533667463,
    "stick_C3H3_9_21": 1885.4735358704838,
    "stick_C4H2_9_20": 653.2053307357137,
    "stick_C3H6_9_25": 1325.8447248765876,
    "stick_C2H6_9_14": 501.4797473348355,
    "loss_C_11_8": 546.7049310097872,
    "stick_C3_9_23": 721.863843466965,
    "stick_C4H_9_24": 1444.0762574478028,
    "stick_H2_9_16": 967.5723480465059,
    "stick_C2H4_9_12": 1449.1044778564226,
    "stick_C3H_9_19": 1168.288612397755
  },
  "target_densities": {
    "H": 10667395916423.932,
    "CH": 2482312406.0676866,
    "C2": 14943997539.45632
  },
  "all_densities": {
    "e": 2140964956.1886706,
    "Ar": 1.0260006290377222e+16,
    "CH4": 1810589345360686.2,
    "ArPlus": 245678351.6990713,
    "CH4Plus": 164522517.6447311,
    "CH3Plus": 100867101.35705581,
    "CH5Plus": 149629618.998206,
    "ArHPlus": 107479761.35950288,
    "CH3Minus": 10670.47387051473,
    "H": 10667395916423.932,
    "C2": 14943997539.45632,
    "CH": 2482312406.0676866,
    "H2": 27892695639532.406,
    "ArStar": 1708769919.2977843,
    "C2H4": 110008077487.80736,
    "C2H6": 1967234659746.7969,
    "CH2": 522648501285.9382,
    "C2H2": 940325898314.5682,
    "C2H5": 337995157695.0746,
    "CH3": 14040066862016.3,
    "C": 14210581365.214506,
    "H3Plus": 1956.372621414391,
    "C2H3": 1796270831.8260798,
    "C3H2": 233360336.9873407,
    "CHPlus": 34.36701306356017,
    "C3H": 151888269.57791844,
    "C4H2": 27299.701489505056,
    "C2H": 143881234.91949797,
    "C3H3": 208966.43365376495,
    "C3H4": 10098333.994958501,
    "C3": 243383080.78631145,
    "C3H5": 83900957.31372876,
    "C4H": 28230.116327964537,
    "C3H6": 493280310.43285185,
    "CH2Plus": 20581.415053921428,
    "C2H5Plus": 71294618.13212754,
    "C2H4Plus": 2225.2340321841266,
    "C2H3Plus": 1483.4893547894178,
    "HMinus": 210321430.38171557,
    "C2HPlus": 13267.707258333967,
    "H2Plus": 186810.00518962857,
    "C2H2Star": 11338293.159461895
  }
}