{
  "pressure_mTorr": 500.0,
  "n_total": 1.2070595635737908e+16,
  "Te": 3.230392020634064,
  "Ne": 1791370456.7127476,
  "E_field": 414.5464389326303,
  "n_i_total": 7175452901.86417,
  "Ni_over_Ne": 4.005566171405706,
  "charge_imbalance_pct": 300.5566171405705,
  "rate_values": {
    "loss_C2_11_3": 1419.9211601861798,
    "e_CH4_CH3_HMinus_cm3_8_1": 7.867686735364934e-14,
    "loss_C2H2Star_11_25": 9869.160892415619,
    "e_CH4Plus_CH2_H2_cm3_6_9": 5.725820735137171e-07,
    "loss_C3H4_11_18": 906.9518328937128,
    "e_CH4Plus_CH_H2_H_cm3_6_11": 3.1972869853208625e-07,
    "ArStar_CH4_CH3_H_cm3_3_1": 2.151514002844774e-10,
    "stick_ArStar_9_5": 505.3953428971755,
    "loss_C3H6_11_16": 636.9569816226203,
    "loss_C3H_11_10": 139.04035789810962,
    "loss_CH_11_9": 2784.2432409678563,
    "loss_C4H_11_15": 559.7725153687641,
    "e_CH4Plus_C_2H2_cm3_6_13": 4.91354164310002e-08,
    "loss_C2H_11_12": 371.3173764395259,
    "loss_C3H3_11_13": 832.6692848721315,
    "loss_C3_11_14": 548.341500396323,
    "loss_C4H2_11_11": 858.1693050194558,
    "stick_H_9_1": 2337.2474152782797,
    "e_CH4Plus_CH3_H_cm3_6_4": 4.352750601751574e-07,
    "e_CH4_CH_H2_H_vib_cm3_1_3": 5.009807813810028e-11,
    "stick_C2_9_9": 3132.1065529986254,
    "stick_CH_9_3": 5368.791167174416,
    "stick_C_9_10": 4478.516353206362,
    "loss_CH2_11_1": 4126.240921889469,
    "stick_CH3_9_2": 5536.483254269639,
    "e_Ar_ArStar_cm3_1_7": 7.982346379252866e-11,
    "stick_C3H4_9_22": 1211.4528964300468,
    "stick_H2_9_16": 990.841836300858,
    "stick_C2H2_9_11": 1892.5264174958982,
    "stick_C3H_9_19": 1345.4653405804875,
    "stick_C3H6_9_25": 1299.7674498535373,
    "stick_C2H4_9_12": 1658.9241013600536,
    "stick_C4H2_9_20": 610.3419339665854,
    "stick_C3H3_9_21": 846.8304991601894,
    "stick_C3_9_23": 1294.2477369598323,
    "stick_C2H5_9_17": 1334.1760579318639,
    "stick_C2H6_9_14": 569.6109546700762,
    "stick_C4H_9_24": 870.8410028616634,
    "loss_C_11_8": 945.8467177921668,
    "e_CH4_CH3Plus_H_cm3_2_1": 2.91261453733142e-11
  },
  "target_densities": {
    "H": 33299947011247.555,
    "CH": 17591142144.492413,
    "C2": 129539141097.9579
  },
  "all_densities": {
    "e": 1791370456.7127476,
    "Ar": 1.0260006290377222e+16,
    "CH4": 1810589345360686.2,
    "ArPlus": 118568064.71082532,
    "CH4Plus": 55721360.252504654,
    "CH3Plus": 41667474.38952479,
    "CH5Plus": 118766360.7155395,
    "ArHPlus": 38893942.371339634,
    "CH3Minus": 21467.74943788384,
    "H": 33299947011247.555,
    "C2": 129539141097.9579,
    "CH": 17591142144.492413,
    "H2": 77428558937544.44,
    "ArStar": 646309095.6982931,
    "C2H4": 257021037167.80762,
    "C2H6": 7062348930414.509,
    "CH2": 1349554167931.7122,
    "C2H2": 2800601374097.447,
    "C2H5": 1420903615244.53,
    "CH3": 27606935316755.938,
    "C": 86575477042.76685,
    "H3Plus": 139507146.64782137,
    "C2H3": 24325989511.955585,
    "C3H2": 4917926491.783582,
    "CHPlus": 95213.60281527389,
    "C3H": 3314737484.267123,
    "C4H2": 3970689.2742394875,
    "C2H": 7434030803.616524,
    "C3H3": 25479130.3564709,
    "C3H4": 234772085.33356002,
    "C3": 2921066652.2559686,
    "C3H5": 2499531746.9389677,
    "C4H": 6047191.842569707,
    "C3H6": 10920286365.117102,
    "CH2Plus": 12332.658902869642,
    "C2H5Plus": 16614463.057302643,
    "C2H4Plus": 3634.8362814974307,
    "C2H3Plus": 2423.224187664954,
    "HMinus": 221175010.98262,
    "C2HPlus": 26110.43038586399,
    "H2Plus": 6645574374.966739,
    "C2H2Star": 11004304.182913858
  }
}