{
  "pressure_mTorr": 500.0,
  "n_total": 1.2070595635737908e+16,
  "Te": 1.1400718016282905,
  "Ne": 2593631337.753578,
  "E_field": 184.17117535445487,
  "n_i_total": 1135559831.027371,
  "Ni_over_Ne": 0.43782623015764194,
  "charge_imbalance_pct": 56.2173769842358,
  "rate_values": {
    "loss_C2_11_3": 1911.1891694549397,
    "e_CH4_CH3_HMinus_cm3_8_1": 7.061856557758632e-13,
    "loss_C2H2Star_11_25": 5719.234721716479,
    "stick_H_9_1": 3432.0100382968512,
    "e_CH4Plus_CH2_H2_cm3_6_9": 4.1745777156785305e-07,
    "loss_C3H4_11_18": 244.178359954602,
    "e_CH4Plus_CH_H2_H_cm3_6_11": 8.235675095470699e-07,
    "loss_C4H2_11_11": 641.2384006206195,
    "loss_CH_11_9": 4021.9073460417703,
    "stick_ArStar_9_5": 513.9660627006899,
    "e_CH4Plus_C_2H2_cm3_6_13": 7.496616245279618e-08,
    "loss_C3H6_11_16": 475.42243469537175,
    "loss_C3H3_11_13": 170.6867002277529,
    "loss_C3_11_14": 395.7621729787671,
    "loss_C4H_11_15": 942.2106434924204,
    "loss_C2H_11_12": 133.0475872202532,
    "loss_C3H_11_10": 409.4891300650977,
    "ArStar_CH4_CH3_H_cm3_3_1": 2.4407037302068437e-10,
    "e_CH4Plus_CH3_H_cm3_6_4": 8.555562399880149e-07,
    "e_CH4_CH_H2_H_vib_cm3_1_3": 2.594730797015062e-11,
    "stick_C2_9_9": 2286.59458355933,
    "stick_CH_9_3": 4676.714137327184,
    "stick_C_9_10": 2974.6472606563834,
    "loss_CH2_11_1": 2342.0115414439833,
    "stick_CH3_9_2": 5092.299474881616,
    "e_Ar_ArStar_cm3_1_7": 1.3343175025332586e-10,
    "stick_C4H_9_24": 986.647199206061,
    "stick_C2H2_9_11": 1837.2619460386277,
    "stick_C2H6_9_14": 857.3089148623621,
    "stick_C4H2_9_20": 1883.7944517703186,
    "stick_C3H4_9_22": 1405.4373030455326,
    "stick_C2H5_9_17": 1930.26657740352,
    "stick_C3H6_9_25": 1057.1785234425977,
    "stick_H2_9_16": 971.4114742616284,
    "loss_C_11_8": 563.7043569958155,
    "stick_C3_9_23": 570.0885875381726,
    "stick_C3H3_9_21": 1583.9110926796175,
    "stick_C3H_9_19": 937.161654187079,
    "stick_C2H4_9_12": 602.4900080921551,
    "e_CH4_CH4Plus_cm3_2_2": 1.617490941241592e-11
  },
  "target_densities": {
    "H": 29948722832275.406,
    "CH": 17889297605.742054,
    "C2": 123312423341.08412
  },
  "all_densities": {
    "e": 2593631337.753578,
    "Ar": 1.0260006290377222e+16,
    "CH4": 1810589345360686.2,
    "ArPlus": 279324972.58394694,
    "CH4Plus": 212326239.76146355,
    "CH3Plus": 135116321.84376222,
    "CH5Plus": 248061796.3796381,
    "ArHPlus": 137576415.5177105,
    "CH3Minus": 33742.85333081342,
    "H": 29948722832275.406,
    "C2": 123312423341.08412,
    "CH": 17889297605.742054,
    "H2": 80088400087544.17,
    "ArStar": 1529159729.745319,
    "C2H4": 414734511831.364,
    "C2H6": 5156117065657.181,
    "CH2": 1529453987582.8054,
    "C2H2": 2710096304039.309,
    "C2H5": 1191968456360.7695,
    "CH3": 26482555336636.188,
    "C": 101476088111.46501,
    "H3Plus": 66626.29259924348,
    "C2H3": 22778455097.020084,
    "C3H2": 4839514381.015158,
    "CHPlus": 446.1251893034135,
    "C3H": 3595393907.4448214,
    "C4H2": 2547256.8231834653,
    "C2H": 1614083421.7761917,
    "C3H3": 23224157.916807372,
    "C3H4": 494735846.8719329,
    "C3": 5476380696.137676,
    "C3H5": 2132347845.249478,
    "C4H": 4488434.093625541,
    "C3H6": 10606678961.19235,
    "CH2Plus": 102015.22257873077,
    "C2H5Plus": 120866388.38852173,
    "C2H4Plus": 19109.55197620417,
    "C2H3Plus": 12739.701317469448,
    "HMinus": 1002399199.0253625,
    "C2HPlus": 82206.46966271232,
    "H2Plus": 2004553.1890042378,
    "C2H2Star": 43476132.73642428
  }
}