{
  "pressure_mTorr": 500.0,
  "n_total": 1.2070595635737908e+16,
  "Te": 1.011757766694235,
  "Ne": 2408433487.9206038,
  "E_field": 224.87143101170258,
  "n_i_total": 492609384.50727636,
  "Ni_over_Ne": 0.20453518312958938,
  "charge_imbalance_pct": 79.54648168704107,
  "rate_values": {
    "loss_C2_11_3": 1450.5560183017692,
    "e_CH4_CH3_HMinus_cm3_8_1": 8.507426966084877e-13,
    "loss_C2H2Star_11_25": 5690.063028596023,
    "e_CH4Plus_CH2_H2_cm3_6_9": 3.211311806336425e-07,
    "e_CH_CHPlus_2e_cm3_2_10": 1.4824226597056537e-11,
    "loss_C3H4_11_18": 354.02988524126727,
    "e_CH4Plus_CH_H2_H_cm3_6_11": 4.133091994571428e-07,
    "loss_C4H_11_15": 376.90217108657515,
    "stick_ArStar_9_5": 388.00839669391496,
    "loss_C3H_11_10": 438.4580354422955,
    "loss_C3H3_11_13": 251.49274082454184,
    "loss_C3_11_14": 813.6649969319647,
    "ArStar_CH4_CH3_H_cm3_3_1": 4.5565674437547516e-10,
    "loss_C3H6_11_16": 436.09772919823683,
    "loss_C2H_11_12": 730.2380639701282,
    "e_CH4Plus_C_2H2_cm3_6_13": 7.027791678339592e-08,
    "loss_C4H2_11_11": 644.6936105175586,
    "loss_CH_11_9": 3571.9891657793305,
    "e_CH4Plus_CH3_H_cm3_6_4": 6.31651963920491e-07,
    "e_CH4_CH_H2_H_vib_cm3_1_3": 2.0348727477387414e-11,
    "stick_C2_9_9": 5677.331225755853,
    "stick_CH_9_3": 5453.978687483542,
    "stick_C_9_10": 2925.6442994072713,
    "stick_H_9_1": 488.17203662534496,
    "loss_CH2_11_1": 3826.9700269950313,
    "stick_CH3_9_2": 5451.286100267156,
    "e_Ar_ArStar_cm3_1_7": 1.1096772165957712e-10,
    "stick_C4H2_9_20": 1013.5286098787866,
    "stick_C3H4_9_22": 630.6487085921117,
    "stick_C2H5_9_17": 1206.7065308495346,
    "stick_C2H6_9_14": 1198.3641166801174,
    "stick_C2H2_9_11": 1684.68450152978,
    "stick_C3H3_9_21": 1756.1807267695485,
    "stick_H2_9_16": 862.5836283632635,
    "stick_C3_9_23": 1242.9188515165367,
    "stick_C3H6_9_25": 1261.3270153622504,
    "stick_C2H4_9_12": 1176.6402287919493,
    "loss_C_11_8": 1433.5120204658444,
    "stick_C4H_9_24": 1046.8544728920763,
    "stick_C3H_9_19": 1522.5547853996854
  },
  "target_densities": {
    "H": 41015231644151.43,
    "CH": 11476995762.332808,
    "C2": 166243672497.97986
  },
  "all_densities": {
    "e": 2408433487.9206038,
    "Ar": 1.0260006290377222e+16,
    "CH4": 1810589345360686.2,
    "ArPlus": 137999533.19257835,
    "CH4Plus": 96810155.0333239,
    "CH3Plus": 58659337.019090116,
    "CH5Plus": 91737643.69429368,
    "ArHPlus": 63939468.92722287,
    "CH3Minus": 26794.307833744293,
    "H": 41015231644151.43,
    "C2": 166243672497.97986,
    "CH": 11476995762.332808,
    "H2": 115161280993558.25,
    "ArStar": 1008110323.4302047,
    "C2H4": 640527361757.5366,
    "C2H6": 6332490747243.113,
    "CH2": 1781552103907.7686,
    "C2H2": 4253476881441.1685,
    "C2H5": 2270610280092.531,
    "CH3": 32811621390863.996,
    "C": 130295199497.1459,
    "H3Plus": 15953.720368689876,
    "C2H3": 17809656112.061886,
    "C3H2": 4876117296.593122,
    "CHPlus": 163.6175634492458,
    "C3H": 2487927752.8770165,
    "C4H2": 1721960.7797762353,
    "C2H": 1033742198.3292623,
    "C3H3": 10181005.578147361,
    "C3H4": 821228657.6398093,
    "C3": 2559248534.0549316,
    "C3H5": 2605978456.2531285,
    "C4H": 3930670.1595610688,
    "C3H6": 8636667393.197395,
    "CH2Plus": 42251.662857825955,
    "C2H5Plus": 42986439.123465784,
    "C2H4Plus": 8502.911587163682,
    "C2H3Plus": 5668.607724775787,
    "HMinus": 1060259098.9053385,
    "C2HPlus": 37580.41463833366,
    "H2Plus": 366686.582561422,
    "C2H2Star": 45215393.21905097
  }
}