{
  "pressure_mTorr": 500.0,
  "n_total": 1.2070595635737908e+16,
  "Te": 1.4801655584470927,
  "Ne": 2746776781.5534062,
  "E_field": 194.46974875644491,
  "n_i_total": 915453876.2125163,
  "Ni_over_Ne": 0.33328295271769137,
  "charge_imbalance_pct": 66.67170472823086,
  "rate_values": {
    "loss_C2_11_3": 131.52674077842698,
    "e_CH4_CH3_HMinus_cm3_8_1": 5.365679127504031e-13,
    "loss_C2H2Star_11_25": 538.8595189299785,
    "e_CH4Plus_CH2_H2_cm3_6_9": 1.3031407862550774e-06,
    "loss_C3H4_11_18": 1063.3951185137312,
    "e_CH4Plus_CH_H2_H_cm3_6_11": 9.129451031212199e-07,
    "loss_C4H_11_15": 664.5869866669556,
    "stick_ArStar_9_5": 114.7162033179377,
    "loss_C4H2_11_11": 599.7182268345418,
    "loss_C2H_11_12": 211.36115260520444,
    "loss_C3H3_11_13": 344.0679073556761,
    "e_CH4Plus_C_2H2_cm3_6_13": 1.4819502359363373e-08,
    "loss_C3H6_11_16": 777.9358284468854,
    "loss_CH_11_9": 7540.345404007629,
    "ArStar_CH4_CH3_H_cm3_3_1": 2.4115308446520016e-10,
    "stick_H_9_1": 1832.4577607651422,
    "loss_C3_11_14": 812.745846895084,
    "loss_C3H_11_10": 435.9109349230742,
    "e_CH4Plus_CH3_H_cm3_6_4": 1.5398113831965118e-07,
    "e_CH4_CH_H2_H_vib_cm3_1_3": 8.673035375859063e-11,
    "stick_C2_9_9": 1564.2527860819941,
    "stick_CH_9_3": 2711.4718641630297,
    "stick_C_9_10": 5409.328434093563,
    "loss_CH2_11_1": 1250.7106245065488,
    "stick_CH3_9_2": 1637.1281329495603,
    "e_Ar_ArStar_cm3_1_7": 6.691712467242101e-11,
    "stick_C2H4_9_12": 1797.7585147064447,
    "stick_C3H4_9_22": 1859.4536797083874,
    "stick_C3H_9_19": 594.9529201384355,
    "stick_C3H3_9_21": 986.7916186643924,
    "stick_C4H2_9_20": 1872.4488686240888,
    "stick_C3_9_23": 1098.6427709917693,
    "stick_C2H2_9_11": 864.6611601826629,
    "stick_C2H5_9_17": 972.7369398579596,
    "stick_C4H_9_24": 1492.3923459623961,
    "loss_C_11_8": 1397.83144049551,
    "stick_C3H6_9_25": 1401.640301348025,
    "stick_C2H6_9_14": 607.2229635307283,
    "stick_H2_9_16": 771.2143933147861,
    "e_CH4_CH4Plus_cm3_2_2": 1.712349575633756e-11
  },
  "target_densities": {
    "H": 34921653360240.36,
    "CH": 55885209849.805534,
    "C2": 869352786109.2592
  },
  "all_densities": {
    "e": 2746776781.5534062,
    "Ar": 1.0260006290377222e+16,
    "CH4": 1810589345360686.2,
    "ArPlus": 210760407.51373437,
    "CH4Plus": 150649910.70068765,
    "CH3Plus": 105826079.54154575,
    "CH5Plus": 183020593.6785836,
    "ArHPlus": 101675769.86408111,
    "CH3Minus": 75378.88181432826,
    "H": 34921653360240.36,
    "C2": 869352786109.2592,
    "CH": 55885209849.805534,
    "H2": 111168499208359.72,
    "ArStar": 807163209.6609653,
    "C2H4": 934137596640.0043,
    "C2H6": 16068137495641.08,
    "CH2": 3145266651125.671,
    "C2H2": 11146067264401.258,
    "C2H5": 5465736947613.351,
    "CH3": 42343695847916.375,
    "C": 276681501836.72534,
    "H3Plus": 3130118.0235689958,
    "C2H3": 102606964036.70618,
    "C3H2": 61943856266.47542,
    "CHPlus": 13598.872819705764,
    "C3H": 60099269630.42362,
    "C4H2": 135858951.49588093,
    "C2H": 18166726756.06476,
    "C3H3": 430865287.06684154,
    "C3H4": 1964690175.3327599,
    "C3": 37672518665.3903,
    "C3H5": 30545385630.120773,
    "C4H": 160490430.01901704,
    "C3H6": 81587896604.51105,
    "CH2Plus": 155611.0865915208,
    "C2H5Plus": 90074944.89840174,
    "C2H4Plus": 43171.11357268638,
    "C2H3Plus": 28780.742381790922,
    "HMinus": 744234454.4372339,
    "C2HPlus": 339152.63699825946,
    "H2Plus": 69735737.53954917,
    "C2H2Star": 1001748520.2187028
  }
}