{
  "pressure_mTorr": 500.0,
  "n_total": 1.2070595635737908e+16,
  "Te": 1.0680284233902197,
  "Ne": 2140964956.1886706,
  "E_field": 232.87690994764984,
  "n_i_total": 819247517.7520543,
  "Ni_over_Ne": 0.3826533990591198,
  "charge_imbalance_pct": 61.73466009408802,
  "rate_values": {
    "loss_C2_11_3": 1687.5409570187292,
    "e_CH4_CH3_HMinus_cm3_8_1": 8.864447848722506e-14,
    "loss_C2H2Star_11_25": 8502.870335659189,
    "e_CH4Plus_CH2_H2_cm3_6_9": 1.570809338388253e-06,
    "e_CH_CHPlus_2e_cm3_2_10": 1.676941725165062e-11,
    "loss_C3H4_11_18": 1033.8398401090697,
    "e_CH4Plus_CH_H2_H_cm3_6_11": 4.369434282680032e-07,
    "loss_C3_11_14": 301.2823423335525,
    "ArStar_CH4_CH3_H_cm3_3_1": 1.241583530982467e-10,
    "loss_CH_11_9": 1613.8798485875036,
    "loss_C2H_11_12": 368.2392679201168,
    "loss_C4H2_11_11": 991.7883302476725,
    "loss_C3H3_11_13": 710.6257217903318,
    "loss_C3H_11_10": 267.67658651239094,
    "loss_C4H_11_15": 745.3743521032646,
    "stick_ArStar_9_5": 519.7114548492011,
    "loss_C3H6_11_16": 796.2582245694423,
    "e_CH4Plus_C_2H2_cm3_6_13": 6.078928271216014e-08,
    "e_CH4Plus_CH3_H_cm3_6_4": 4.784830811620675e-07,
    "e_CH4_CH_H2_H_vib_cm3_1_3": 4.022624863383148e-11,
    "stick_CH_9_3": 2779.748303541862,
    "stick_C2_9_9": 5684.730794305028,
    "stick_C_9_10": 4306.743048337443,
    "stick_H_9_1": 134.66827204511839,
    "loss_CH2_11_1": 2512.7182676917982,
    "stick_CH3_9_2": 3382.0897003458654,
    "e_Ar_ArStar_cm3_1_7": 1.557184536988526e-10,
    "stick_C3H3_9_21": 1200.3704152223336,
    "stick_C4H2_9_20": 1940.7286106588133,
    "stick_C4H_9_24": 1089.6663533667463,
    "loss_C_11_8": 1885.4735358704838,
    "stick_C2H5_9_17": 653.2053307357137,
    "stick_C3H6_9_25": 1325.8447248765876,
    "stick_C3_9_23": 626.8496841685444,
    "stick_H2_9_16": 273.3524655048936,
    "stick_C3H4_9_22": 721.863843466965,
    "stick_C2H6_9_14": 1155.2610059582423,
    "stick_C2H2_9_11": 1935.1446960930118,
    "stick_C2H4_9_12": 1449.1044778564226,
    "stick_C3H_9_19": 1168.288612397755
  },
  "target_densities": {
    "H": 10683651954436.885,
    "CH": 2603333367.4181414,
    "C2": 9618905366.416935
  },
  "all_densities": {
    "e": 2140964956.1886706,
    "Ar": 1.0260006290377222e+16,
    "CH4": 1810589345360686.2,
    "ArPlus": 239411681.14005953,
    "CH4Plus": 160347650.77309635,
    "CH3Plus": 98397105.24262719,
    "CH5Plus": 146211228.32203966,
    "ArHPlus": 105061005.2534612,
    "CH3Minus": 10697.849888184324,
    "H": 10683651954436.885,
    "C2": 9618905366.416935,
    "CH": 2603333367.4181414,
    "H2": 36466211766522.29,
    "ArStar": 1642257968.7289476,
    "C2H4": 114953235237.09175,
    "C2H6": 1196607236503.4607,
    "CH2": 524151248246.5319,
    "C2H2": 719835227820.4701,
    "C2H5": 453709915201.7675,
    "CH3": 14076147994832.098,
    "C": 9078245231.310064,
    "H3Plus": 3319.122708194056,
    "C2H3": 1889099633.3206499,
    "C3H2": 187348333.74594983,
    "CHPlus": 36.04251891428599,
    "C3H": 130478885.49205467,
    "C4H2": 11583.225031259204,
    "C2H": 148898748.7526965,
    "C3H3": 257350.39514464646,
    "C3H4": 18749619.04809778,
    "C3": 207303858.42585552,
    "C3H5": 118115816.13732168,
    "C4H": 26578.71114886787,
    "C3H6": 302154715.672432,
    "CH2Plus": 20135.152693933298,
    "C2H5Plus": 69538653.0794894,
    "C2H4Plus": 2325.264262413778,
    "C2H3Plus": 1550.1761749425186,
    "HMinus": 205068567.03897393,
    "C2HPlus": 10156.652171418951,
    "H2Plus": 242671.53075095706,
    "C2H2Star": 8341807.59479972
  }
}