{
  "pressure_mTorr": 500.0,
  "n_total": 1.2070595635737908e+16,
  "Te": 2.487018283503547,
  "Ne": 2749644861.12868,
  "E_field": 495.7888894174853,
  "n_i_total": 2642084562.549732,
  "Ni_over_Ne": 0.9608821124140386,
  "charge_imbalance_pct": 3.9117887585961353,
  "rate_values": {
    "loss_C2_11_3": 1122.4558842882511,
    "e_CH4_CH3_HMinus_cm3_8_1": 2.223049833534661e-13,
    "loss_C2H2Star_11_25": 5369.764981991176,
    "e_CH4Plus_CH2_H2_cm3_6_9": 2.9987373140402423e-06,
    "loss_C3H4_11_18": 866.7805166652888,
    "e_CH4Plus_CH_H2_H_cm3_6_11": 1.123179130077356e-06,
    "stick_ArStar_9_5": 399.8976289025151,
    "loss_C4H_11_15": 902.1330170868655,
    "loss_C4H2_11_11": 675.2892258274758,
    "loss_C3H6_11_16": 726.978745865432,
    "loss_CH_11_9": 6072.618701783895,
    "loss_C2H_11_12": 956.0313107481257,
    "e_CH4Plus_C_2H2_cm3_6_13": 5.3794517704736926e-08,
    "ArStar_CH4_CH3_H_cm3_3_1": 2.038322742555384e-10,
    "loss_C3H3_11_13": 782.031402547692,
    "loss_C3H_11_10": 167.51525237978422,
    "stick_H_9_1": 3379.240435158921,
    "loss_C3_11_14": 498.9847786923333,
    "e_CH4Plus_CH3_H_cm3_6_4": 2.556673222095181e-07,
    "e_CH4_CH_H2_H_vib_cm3_1_3": 9.11956656375493e-11,
    "stick_C2_9_9": 1629.2167276080895,
    "stick_C_9_10": 1710.497973947426,
    "stick_CH_9_3": 1946.376895674532,
    "loss_CH2_11_1": 4508.005033738697,
    "stick_CH3_9_2": 5687.608097310038,
    "e_Ar_ArStar_cm3_1_7": 1.421858745136859e-10,
    "stick_C4H_9_24": 1716.9932868268882,
    "stick_C2H2_9_11": 1769.6098318546547,
    "stick_H2_9_16": 559.2062796079763,
    "stick_C2H4_9_12": 701.0385849074991,
    "stick_C3_9_23": 1807.089274946985,
    "stick_C3H3_9_21": 641.8396930785867,
    "stick_C4H2_9_20": 756.858164962159,
    "stick_C3H6_9_25": 1290.9996331112757,
    "stick_C3H4_9_22": 1501.4758250716136,
    "stick_C3H_9_19": 1471.0221366606722,
    "stick_C2H5_9_17": 1814.356124354143,
    "loss_C_11_8": 1805.7879219786491,
    "stick_C2H6_9_14": 558.9200243122555,
    "e_CH4_CH3Plus_H_cm3_2_1": 2.2587928121920027e-11
  },
  "target_densities": {
    "H": 30026296241909.996,
    "CH": 22251349345.200027,
    "C2": 140122942396.6628
  },
  "all_densities": {
    "e": 2749644861.12868,
    "Ar": 1.0260006290377222e+16,
    "CH4": 1810589345360686.2,
    "ArPlus": 227349982.41197306,
    "CH4Plus": 89165241.80037916,
    "CH3Plus": 68638274.42204632,
    "CH5Plus": 68847634.8719459,
    "ArHPlus": 67636189.30043471,
    "CH3Minus": 24893.160725395504,
    "H": 30026296241909.996,
    "C2": 140122942396.6628,
    "CH": 22251349345.200027,
    "H2": 88441075883107.11,
    "ArStar": 1782368828.7026157,
    "C2H4": 381314684089.22284,
    "C2H6": 5828188846412.199,
    "CH2": 1284289849957.7402,
    "C2H2": 2427525375707.7646,
    "C2H5": 1001239390320.0845,
    "CH3": 24937383202669.2,
    "C": 101819200394.22246,
    "H3Plus": 43835519.39826627,
    "C2H3": 97546701768.77867,
    "C3H2": 5389578977.45605,
    "CHPlus": 50680.6339723673,
    "C3H": 3292110490.6973867,
    "C4H2": 5114969.386713463,
    "C2H": 4542033797.575996,
    "C3H3": 152439764.0486155,
    "C3H4": 394097661.9064463,
    "C3": 2612733280.1484284,
    "C3H5": 2227892745.2187285,
    "C4H": 4578832.432468656,
    "C3H6": 10562473959.962376,
    "CH2Plus": 16164.974643050431,
    "C2H5Plus": 22857875.438923948,
    "C2H4Plus": 6920.790516715395,
    "C2H3Plus": 4613.860344476931,
    "HMinus": 641171168.2978642,
    "C2HPlus": 29051.073856139454,
    "H2Plus": 2053646413.57243,
    "C2H2Star": 48345641.662794515
  }
}