{
  "pressure_mTorr": 500.0,
  "n_total": 1.2070595635737908e+16,
  "Te": 1.2115808734289444,
  "Ne": 1804531639.5403652,
  "E_field": 232.87690994764984,
  "n_i_total": 557050331.1209555,
  "Ni_over_Ne": 0.30869524197583065,
  "charge_imbalance_pct": 69.13047580241694,
  "rate_values": {
    "loss_C2_11_3": 1687.5409570187292,
    "e_CH4_CH3_HMinus_cm3_8_1": 8.864447848722506e-14,
    "loss_C2H2Star_11_25": 8502.870335659189,
    "e_CH4Plus_CH2_H2_cm3_6_9": 1.570809338388253e-06,
    "loss_C3H4_11_18": 1019.882673012953,
    "e_CH4Plus_CH_H2_H_cm3_6_11": 8.337313029428404e-07,
    "stick_ArStar_9_5": 268.23622455001714,
    "loss_C3H_11_10": 301.2823423335525,
    "e_CH4Plus_C_2H2_cm3_6_13": 2.4831670619649336e-08,
    "stick_H_9_1": 627.7992611005391,
    "loss_C2H_11_12": 368.2392679201168,
    "loss_C4H2_11_11": 991.7883302476725,
    "ArStar_CH4_CH3_H_cm3_3_1": 3.55312860895166e-10,
    "loss_C3H3_11_13": 267.67658651239094,
    "loss_C3H6_11_16": 745.3743521032646,
    "loss_C3_11_14": 727.8871916655478,
    "loss_C4H_11_15": 796.2582245694423,
    "loss_CH_11_9": 6078.928271216014,
    "e_CH4Plus_CH3_H_cm3_6_4": 4.784830811620675e-07,
    "e_CH4_CH_H2_H_vib_cm3_1_3": 4.022624863383148e-11,
    "stick_C_9_10": 2779.748303541862,
    "stick_C2_9_9": 5684.730794305028,
    "stick_CH_9_3": 4306.743048337443,
    "loss_CH2_11_1": 1628.6193849448046,
    "stick_CH3_9_2": 2446.078343009546,
    "e_Ar_ArStar_cm3_1_7": 1.0612393031351107e-10,
    "stick_C3H_9_19": 1739.8405753448494,
    "stick_C2H4_9_12": 1200.3704152223336,
    "stick_C2H6_9_14": 1552.5828885270507,
    "stick_C4H2_9_20": 1089.6663533667463,
    "stick_H2_9_16": 942.7367679352419,
    "stick_C3H3_9_21": 653.2053307357137,
    "stick_C3H4_9_22": 1325.8447248765876,
    "stick_C3H6_9_25": 626.8496841685444,
    "stick_C2H2_9_11": 546.7049310097872,
    "stick_C4H_9_24": 721.863843466965,
    "stick_C2H5_9_17": 1444.0762574478028,
    "loss_C_11_8": 1935.1446960930118,
    "stick_C3_9_23": 1449.1044778564226,
    "e_CH4_CH4Plus_cm3_2_2": 2.2652931061397493e-11
  },
  "target_densities": {
    "H": 27477918390698.855,
    "CH": 27057566317.861847,
    "C2": 408382809267.73016
  },
  "all_densities": {
    "e": 1804531639.5403652,
    "Ar": 1.0260006290377222e+16,
    "CH4": 1810589345360686.2,
    "ArPlus": 155560729.2301941,
    "CH4Plus": 100879629.41872947,
    "CH3Plus": 72314547.66207139,
    "CH5Plus": 102817900.87671593,
    "ArHPlus": 69930518.23860902,
    "CH3Minus": 33058.27282146773,
    "H": 27477918390698.855,
    "C2": 408382809267.73016,
    "CH": 27057566317.861847,
    "H2": 120715218272105.05,
    "ArStar": 772013699.7750307,
    "C2H4": 683900657067.0491,
    "C2H6": 9173542012810.29,
    "CH2": 3188891500372.1104,
    "C2H2": 13538668372656.676,
    "C2H5": 4570185096786.702,
    "CH3": 43436247348225.98,
    "C": 160447247091.9815,
    "H3Plus": 168581.9158289564,
    "C2H3": 153449162124.9833,
    "C3H2": 36533490999.31597,
    "CHPlus": -259.25209641994616,
    "C3H": 17923391620.5004,
    "C4H2": 23299251.299123473,
    "C2H": 12105028314.335394,
    "C3H3": 450867891.1867965,
    "C3H4": 867754545.5655534,
    "C3": 17842195387.16289,
    "C3H5": 12365808634.121004,
    "C4H": 65113825.584234536,
    "C3H6": 41537970142.742355,
    "CH2Plus": 90028.78682538735,
    "C2H5Plus": 51272443.54089787,
    "C2H4Plus": 17341.894049299917,
    "C2H3Plus": 11561.262699533281,
    "HMinus": 224702882.24364442,
    "C2HPlus": 226121.42690112453,
    "H2Plus": 3760926.8674335573,
    "C2H2Star": 73754182.16059324
  }
}