{
  "pressure_mTorr": 500.0,
  "n_total": 1.2070595635737908e+16,
  "Te": 1.4024675192363056,
  "Ne": 2206665482.6452165,
  "E_field": 236.71242807969358,
  "n_i_total": 684060878.0404409,
  "Ni_over_Ne": 0.3099975430895082,
  "charge_imbalance_pct": 69.00024569104917,
  "rate_values": {
    "loss_C2_11_3": 1644.6733608444647,
    "e_CH4_CH3_HMinus_cm3_8_1": 3.211523200121689e-13,
    "loss_C2H2Star_11_25": 5111.583799334825,
    "e_CH4Plus_CH2_H2_cm3_6_9": 1.3795600992037683e-06,
    "e_CH_CHPlus_2e_cm3_2_10": 1.6039141376066543e-11,
    "loss_C3H4_11_18": 1139.641234979098,
    "e_CH4Plus_CH_H2_H_cm3_6_11": 6.591618574747576e-07,
    "loss_C3_11_14": 238.44909108808884,
    "loss_C3H3_11_13": 964.7532826142346,
    "loss_C3H_11_10": 853.9496302249657,
    "loss_C2H_11_12": 604.4237973364824,
    "ArStar_CH4_CH3_H_cm3_3_1": 2.1274568695199593e-10,
    "e_CH4Plus_C_2H2_cm3_6_13": 8.707723104836557e-08,
    "loss_C4H2_11_11": 744.339353993597,
    "loss_CH_11_9": 8230.753037148817,
    "loss_C3H6_11_16": 205.2223461047605,
    "loss_C4H_11_15": 800.9275127667271,
    "stick_ArStar_9_5": 364.59696827425483,
    "e_CH4Plus_CH3_H_cm3_6_4": 8.522027788088955e-07,
    "e_CH4_CH_H2_H_vib_cm3_1_3": 6.694352553656279e-11,
    "stick_C2_9_9": 4250.231888539091,
    "stick_C_9_10": 1708.309909798272,
    "stick_H_9_1": 117.07883104245496,
    "stick_CH_9_3": 4407.641781343766,
    "loss_CH2_11_1": 2579.8580324736467,
    "stick_CH3_9_2": 2805.6166277085717,
    "e_Ar_ArStar_cm3_1_7": 9.315538940144872e-11,
    "e_C2H4_C2H2_H2_cm3_1_15": 4.340218891869123e-11,
    "CH_CH_C2_H2_cm3_5_4": 1.3290945205808284e-10,
    "C_CH3_C2_H2_H_cm3_7_8": 1.1940577770336702e-10,
    "C2HPlus_e_C2_H_cm3_6_18": 2.3162635465529685e-07,
    "C_CH_C2_H_cm3_7_4": 9.303524038534395e-11,
    "e_C2H4_C2H2_H2_cm3_1_6": 2.186940239846687e-11,
    "e_CH4_CH2_H2_cm3_1_2": 4.707717169605245e-11,
    "CH2_CH3_C2H2_H_H2_cm3_7_62": 9.790013786769607e-12,
    "CH_CH4_C2H4_H_cm3_7_20": 7.236941886327725e-11,
    "C2H2_C_C2_CH2_cm3_7_19": 1.044551131944903e-10,
    "C2_H_CH_C_cm3_7_6": 8.887920699019655e-11,
    "CH2_CH2_C2H2_H2_cm3_7_15": 1.034025348995097e-10,
    "CH2_H_CH_H2_cm3_7_1": 1.3322988614723867e-11,
    "CH_H_C_H2_cm3_7_3": 8.20707508907543e-11,
    "C2H_H_C2_H2_cm3_7_47": 1.1063470661380441e-10,
    "CH3_C2H5_C2H2_CH3_H2_cm3_7_61": 9.506259255198015e-12,
    "CH2_C2H3_C2H2_CH3_cm3_7_53": 1.0397292967126166e-10,
    "e_CH4_CH3_H_cm3_1_1": 8.627473336974111e-11,
    "C2H2_H_C2_H2_H_cm3_7_50": 1.0598981189217611e-11,
    "C_H_CH_cm3_7_12": 9.020176532275524e-11,
    "CH_CH3_C2H4_cm3_7_5": 1.0761892753772068e-10,
    "CH_C_C2_H_cm3_7_9": 8.438861774133634e-11,
    "CH3_CH3_C2H2_H2_H2_cm3_7_49": 8.259679966198935e-12,
    "e_C2H2_C2_H2_cm3_1_16": 7.719166425308172e-11,
    "CH_CH4_CH2_CH3_cm3_7_39": 1.0640680936068435e-11,
    "e_C2H4_C2H2_H_H_cm3_1_17": 4.8841855825885365e-11
  },
  "target_densities": {
    "H": 10738791911279.838,
    "CH": 3465098954.5950003,
    "C2": 24200058522.78796
  },
  "all_densities": {
    "e": 2206665482.6452165,
    "Ar": 1.0260006290377222e+16,
    "CH4": 1810589345360686.2,
    "ArPlus": 188930613.76839674,
    "CH4Plus": 139788933.18270043,
    "CH3Plus": 86439274.76786044,
    "CH5Plus": 118938134.63210423,
    "ArHPlus": 81891915.92598529,
    "CH3Minus": 17221.305772693293,
    "H": 10738791911279.838,
    "C2": 24200058522.78796,
    "CH": 3465098954.5950003,
    "H2": 31931646467401.69,
    "ArStar": 940376999.0214244,
    "C2H4": 267642069444.97186,
    "C2H6": 2703817040255.08,
    "CH2": 614404926016.972,
    "C2H2": 1388162652610.8318,
    "C2H5": 289042720380.1665,
    "CH3": 15608528867952.695,
    "C": 20079233150.419533,
    "H3Plus": 92365.87192054967,
    "C2H3": 2793291596.8735175,
    "C3H2": 480845477.9206751,
    "CHPlus": 46.52961287619413,
    "C3H": 228585742.50363547,
    "C4H2": 39716.02003433224,
    "C2H": 469348697.6118538,
    "C3H3": 437025.2825985456,
    "C3H4": 42690378.18776504,
    "C3": 334430796.53517824,
    "C3H5": 100156162.822261,
    "C4H": 81240.17804105474,
    "C3H6": 1176779951.1657622,
    "CH2Plus": 20397.979642079554,
    "C2H5Plus": 60148172.30449376,
    "C2H4Plus": 8164.440004750757,
    "C2H3Plus": 5442.9600031671725,
    "HMinus": 332041036.9440129,
    "C2HPlus": 27893.338123449284,
    "H2Plus": 7769522.339593287,
    "C2H2Star": 15322799.51570783
  }
}