{
  "pressure_mTorr": 500.0,
  "n_total": 1.2070595635737908e+16,
  "Te": 3.400718016282905,
  "Ne": 2593631337.753578,
  "E_field": 184.17117535445487,
  "n_i_total": 31485165929.66811,
  "Ni_over_Ne": 12.139414523321713,
  "charge_imbalance_pct": 1113.9414523321714,
  "rate_values": {
    "loss_C2_11_3": 1911.1891694549397,
    "e_CH4_CH3_HMinus_cm3_8_1": 7.061856557758632e-13,
    "loss_C2H2Star_11_25": 5719.234721716479,
    "e_CH4Plus_CH2_H2_cm3_6_9": 2.6495591322060336e-06,
    "loss_C3H4_11_18": 253.25547592930843,
    "e_CH4Plus_CH_H2_H_cm3_6_11": 2.1328299710718724e-07,
    "loss_C4H2_11_11": 692.0097805385118,
    "ArStar_CH4_CH3_H_cm3_3_1": 3.2061920031030975e-10,
    "e_CH4Plus_C_2H2_cm3_6_13": 4.02190734604177e-08,
    "stick_ArStar_9_5": 513.9660627006899,
    "stick_H_9_1": 2916.183719413772,
    "loss_C3H_11_10": 475.42243469537175,
    "loss_C4H_11_15": 170.6867002277529,
    "loss_C3_11_14": 395.7621729787671,
    "loss_C3H3_11_13": 942.2106434924204,
    "loss_C3H6_11_16": 133.0475872202532,
    "loss_C2H_11_12": 409.4891300650977,
    "loss_CH_11_9": 4881.407460413687,
    "e_CH4Plus_CH3_H_cm3_6_4": 8.555562399880149e-07,
    "e_CH4_CH_H2_H_vib_cm3_1_3": 2.594730797015062e-11,
    "stick_C2_9_9": 2286.59458355933,
    "stick_C_9_10": 4676.714137327184,
    "stick_CH_9_3": 2974.6472606563834,
    "loss_CH2_11_1": 2342.0115414439833,
    "stick_CH3_9_2": 5092.299474881616,
    "e_Ar_ArStar_cm3_1_7": 1.3343175025332586e-10,
    "stick_C4H_9_24": 986.647199206061,
    "stick_C2H5_9_17": 1837.2619460386277,
    "stick_C2H6_9_14": 857.3089148623621,
    "stick_C3H4_9_22": 1883.7944517703186,
    "stick_H2_9_16": 702.7186515227663,
    "stick_C2H2_9_11": 1930.26657740352,
    "stick_C2H4_9_12": 1057.1785234425977,
    "stick_C4H2_9_20": 1942.8229485232569,
    "stick_C3_9_23": 563.7043569958155,
    "loss_C_11_8": 570.0885875381726,
    "stick_C3H3_9_21": 1583.9110926796175,
    "stick_C3H_9_19": 937.161654187079,
    "stick_C3H6_9_25": 602.4900080921551,
    "e_CH4_CH4Plus_cm3_2_2": 1.617490941241592e-11
  },
  "target_densities": {
    "H": 23483638740803.273,
    "CH": 16193440446.510307,
    "C2": 144450742469.75076
  },
  "all_densities": {
    "e": 2593631337.753578,
    "Ar": 1.0260006290377222e+16,
    "CH4": 1810589345360686.2,
    "ArPlus": 270300754.993187,
    "CH4Plus": 204838213.38476393,
    "CH3Plus": 131516103.1733619,
    "CH5Plus": 1544111090.6170444,
    "ArHPlus": 132931893.49098726,
    "CH3Minus": 76161.00248051508,
    "H": 23483638740803.273,
    "C2": 144450742469.75076,
    "CH": 16193440446.510307,
    "H2": 80621335661212.77,
    "ArStar": 1442222806.8882432,
    "C2H4": 336113071665.64465,
    "C2H6": 6604850739594.543,
    "CH2": 1886058237980.8303,
    "C2H2": 3483522094689.4497,
    "C2H5": 1731819962158.7122,
    "CH3": 30095813498889.883,
    "C": 79993362102.2954,
    "H3Plus": 941563112.6140561,
    "C2H3": 70946179085.98364,
    "C3H2": 5631900773.468062,
    "CHPlus": 345124.73532841937,
    "C3H": 3988832601.5231943,
    "C4H2": 2451499.9556296454,
    "C2H": 19178827299.94716,
    "C3H3": 45479309.62651317,
    "C3H4": 280157689.9369434,
    "C3": 6366925230.560252,
    "C3H5": 2804412342.1294837,
    "C4H": 7880167.497074683,
    "C3H6": 26528906520.725037,
    "CH2Plus": 122448.87012121972,
    "C2H5Plus": 117878496.82936089,
    "C2H4Plus": 15487.576630411451,
    "C2H3Plus": 10325.051086940968,
    "HMinus": 883335498.5225813,
    "C2HPlus": 105680.47023992406,
    "H2Plus": 28141427197.861942,
    "C2H2Star": 52706509.780235805
  }
}