{
  "pressure_mTorr": 500.0,
  "n_total": 1.2070595635737908e+16,
  "Te": 1.0150742586168633,
  "Ne": 2877070105.6148806,
  "E_field": 37.92996091757135,
  "n_i_total": 5080450461.915974,
  "Ni_over_Ne": 1.7658417332274883,
  "charge_imbalance_pct": 76.58417332274884,
  "rate_values": {
    "loss_C2_11_3": 108.17671163360615,
    "e_CH4_CH3_HMinus_cm3_8_1": 1.7199109503803283e-13,
    "loss_C2H2Star_11_25": 4049.2095133187668,
    "e_CH4Plus_CH2_H2_cm3_6_9": 2.4696683052101327e-06,
    "e_CH_CHPlus_2e_cm3_2_10": 1.3608015403903845e-11,
    "loss_C3H4_11_18": 263.3287363352689,
    "e_CH4Plus_CH_H2_H_cm3_6_11": 7.041450642459192e-07,
    "loss_C3_11_14": 762.7131476563674,
    "loss_C3H3_11_13": 551.3460720283446,
    "loss_C3H_11_10": 314.3751119484608,
    "loss_C2H_11_12": 936.7101372277853,
    "ArStar_CH4_CH3_H_cm3_3_1": 1.1839824791576987e-10,
    "e_CH4Plus_C_2H2_cm3_6_13": 3.111874782455634e-08,
    "loss_C4H2_11_11": 722.3648204188901,
    "loss_CH_11_9": 7596.233077265031,
    "loss_C3H6_11_16": 739.791016230867,
    "loss_C4H_11_15": 802.1649946506352,
    "stick_ArStar_9_5": 527.3056579862355,
    "e_CH4Plus_CH3_H_cm3_6_4": 1.1467104671000503e-07,
    "e_CH4_CH_H2_H_vib_cm3_1_3": 2.451958055403581e-11,
    "stick_C2_9_9": 5435.349321526932,
    "stick_C_9_10": 3128.475998016015,
    "stick_H_9_1": 312.15136929275656,
    "stick_CH_9_3": 5296.018137147255,
    "loss_CH2_11_1": 3821.0081359878777,
    "stick_CH3_9_2": 2821.4628143736077,
    "e_Ar_ArStar_cm3_1_7": 1.7088373879928918e-10,
    "e_C2H4_C2H2_H2_cm3_1_15": 9.949849745280833e-11,
    "CH_CH_C2_H2_cm3_5_4": 1.6451511527919385e-10,
    "C_CH3_C2_H2_H_cm3_7_8": 1.1600582558266828e-10,
    "C2HPlus_e_C2_H_cm3_6_18": 1.95967890595656e-07,
    "C_CH_C2_H_cm3_7_4": 1.0173308738060662e-10,
    "e_C2H4_C2H2_H2_cm3_1_6": 1.755943306211726e-11,
    "e_CH4_CH2_H2_cm3_1_2": 5.087225620459342e-11,
    "CH2_CH3_C2H2_H_H2_cm3_7_62": 9.282168526376309e-12,
    "CH_CH4_C2H4_H_cm3_7_20": 5.298942489949435e-11,
    "C2H2_C_C2_CH2_cm3_7_19": 9.879062204882085e-11,
    "C2_H_CH_C_cm3_7_6": 1.0165241273738153e-10,
    "CH2_CH2_C2H2_H2_cm3_7_15": 9.124108921051022e-11,
    "CH2_H_CH_H2_cm3_7_1": 1.0496060505925502e-11,
    "CH_H_C_H2_cm3_7_3": 8.402350282020844e-11,
    "C2H_H_C2_H2_cm3_7_47": 1.151750702630898e-10,
    "CH3_C2H5_C2H2_CH3_H2_cm3_7_61": 1.1887547035235012e-11,
    "CH2_C2H3_C2H2_CH3_cm3_7_53": 1.1856385679590445e-10,
    "e_CH4_CH3_H_cm3_1_1": 6.47159181168874e-11,
    "C2H2_H_C2_H2_H_cm3_7_50": 1.0843923044336898e-11,
    "C_H_CH_cm3_7_12": 8.456875795341935e-11,
    "CH_CH3_C2H4_cm3_7_5": 1.0244247879896093e-10,
    "CH_C_C2_H_cm3_7_9": 1.0842666060886607e-10,
    "CH3_CH3_C2H2_H2_H2_cm3_7_49": 9.127192323702897e-12,
    "e_C2H2_C2_H2_cm3_1_16": 5.3567602924518006e-11,
    "CH_CH4_CH2_CH3_cm3_7_39": 9.256076459760761e-12,
    "e_C2H4_C2H2_H_H_cm3_1_17": 4.4516720759820896e-11
  },
  "target_densities": {
    "H": 10473881185385.367,
    "CH": 2418019262.460961,
    "C2": 25511090383.812546
  },
  "all_densities": {
    "e": 2877070105.6148806,
    "Ar": 1.0260006290377222e+16,
    "CH4": 1810589345360686.2,
    "ArPlus": 362636169.1913435,
    "CH4Plus": 1319285557.1871,
    "CH3Plus": 210394972.49548638,
    "CH5Plus": 2019871168.8318605,
    "ArHPlus": 257511883.1173148,
    "CH3Minus": 87867.30191274232,
    "H": 10473881185385.367,
    "C2": 25511090383.812546,
    "CH": 2418019262.460961,
    "H2": 31276419878487.246,
    "ArStar": 2434855631.155324,
    "C2H4": 146379204671.18768,
    "C2H6": 2591033701069.646,
    "CH2": 540799419627.4945,
    "C2H2": 1434456235470.7712,
    "C2H5": 245819306511.62888,
    "CH3": 15275016029205.834,
    "C": 15024090521.610413,
    "H3Plus": 13841.037779832224,
    "C2H3": 1889447883.9322648,
    "C3H2": 346770431.0943523,
    "CHPlus": 221.4773560459753,
    "C3H": 221686393.50420055,
    "C4H2": 27177.627798330584,
    "C2H": 183701533.4838618,
    "C3H3": 253628.18670483818,
    "C3H4": 25727556.79729956,
    "C3": 178461368.35827413,
    "C3H5": 59439581.82299137,
    "C4H": 40859.169911958415,
    "C3H6": 536473160.73706996,
    "CH2Plus": 272729.1696958538,
    "C2H5Plus": 909648017.629175,
    "C2H4Plus": 14234.808361120986,
    "C2H3Plus": 9489.872240747321,
    "HMinus": 341577743.1421292,
    "C2HPlus": 92270.84583848227,
    "H2Plus": 699906.25242128,
    "C2H2Star": 51753713.87072386
  }
}