{
  "pressure_mTorr": 500.0,
  "n_total": 1.2070595635737908e+16,
  "Te": 1.0680284233902197,
  "Ne": 2140964956.1886706,
  "E_field": 232.87690994764984,
  "n_i_total": 730970168.1309484,
  "Ni_over_Ne": 0.34142089342378396,
  "charge_imbalance_pct": 65.8579106576216,
  "rate_values": {
    "loss_C2_11_3": 1687.5409570187292,
    "e_CH4_CH3_HMinus_cm3_8_1": 8.864447848722506e-14,
    "loss_C2H2Star_11_25": 8502.870335659189,
    "e_CH4Plus_CH2_H2_cm3_6_9": 1.570809338388253e-06,
    "e_CH_CHPlus_2e_cm3_2_10": 1.676941725165062e-11,
    "loss_C3H4_11_18": 1033.8398401090697,
    "e_CH4Plus_CH_H2_H_cm3_6_11": 4.369434282680032e-07,
    "loss_C4H_11_15": 301.2823423335525,
    "stick_ArStar_9_5": 177.29812822429628,
    "loss_C3_11_14": 161.38798485875037,
    "loss_CH_11_9": 3682.392679201168,
    "loss_C3H3_11_13": 991.7883302476725,
    "ArStar_CH4_CH3_H_cm3_3_1": 3.55312860895166e-10,
    "loss_C3H6_11_16": 267.67658651239094,
    "loss_C2H_11_12": 745.3743521032646,
    "e_CH4Plus_C_2H2_cm3_6_13": 7.278871916655477e-08,
    "loss_C3H_11_10": 796.2582245694423,
    "loss_C4H2_11_11": 607.8928271216014,
    "e_CH4Plus_CH3_H_cm3_6_4": 4.784830811620675e-07,
    "e_CH4_CH_H2_H_vib_cm3_1_3": 4.022624863383148e-11,
    "stick_CH_9_3": 2779.748303541862,
    "stick_H_9_1": 454.77846354440226,
    "stick_C2_9_9": 4306.743048337443,
    "stick_C_9_10": 1683.35340056398,
    "loss_CH2_11_1": 2512.7182676917982,
    "stick_CH3_9_2": 3382.0897003458654,
    "e_Ar_ArStar_cm3_1_7": 1.557184536988526e-10,
    "loss_C_11_8": 1200.3704152223336,
    "stick_H2_9_16": 970.3643053294066,
    "stick_C2H5_9_17": 1089.6663533667463,
    "stick_C3H4_9_22": 1885.4735358704838,
    "stick_C2H2_9_11": 653.2053307357137,
    "stick_C2H6_9_14": 1060.67577990127,
    "stick_C3H_9_19": 626.8496841685444,
    "stick_C4H2_9_20": 546.7049310097872,
    "stick_C4H_9_24": 721.863843466965,
    "stick_C2H4_9_12": 1444.0762574478028,
    "stick_C3H3_9_21": 1935.1446960930118,
    "stick_C3_9_23": 1449.1044778564226,
    "stick_C3H6_9_25": 1168.288612397755
  },
  "target_densities": {
    "H": 10299289529395.045,
    "CH": 2626735629.723654,
    "C2": 18079607409.771645
  },
  "all_densities": {
    "e": 2140964956.1886706,
    "Ar": 1.0260006290377222e+16,
    "CH4": 1810589345360686.2,
    "ArPlus": 213380800.97062632,
    "CH4Plus": 143430158.2076879,
    "CH3Plus": 88154157.30152519,
    "CH5Plus": 130249643.79068036,
    "ArHPlus": 93233756.65382889,
    "CH3Minus": 10430.125086166257,
    "H": 10299289529395.045,
    "C2": 18079607409.771645,
    "CH": 2626735629.723654,
    "H2": 26891270620362.766,
    "ArStar": 1369241775.625188,
    "C2H4": 115251223798.9785,
    "C2H6": 1206203772142.1614,
    "CH2": 500925315956.87854,
    "C2H2": 1178353303244.9783,
    "C2H5": 317232461400.8736,
    "CH3": 13722918610651.168,
    "C": 15041098973.06689,
    "H3Plus": 1820.002276898242,
    "C2H3": 1860354192.4962795,
    "C3H2": 309440978.6392258,
    "CHPlus": 36.366517558616366,
    "C3H": 217457255.65246284,
    "C4H2": 49472.01025997913,
    "C2H": 198794741.5847039,
    "C3H3": 166954.91824919413,
    "C3H4": 11407064.012183907,
    "C3": 198088682.67331234,
    "C3H5": 83328580.92666082,
    "C4H": 79443.15828654084,
    "C3H6": 402897199.41785216,
    "CH2Plus": 17239.781609469177,
    "C2H5Plus": 62301804.93942904,
    "C2H4Plus": 2331.291949691428,
    "C2H3Plus": 1554.1946331276185,
    "HMinus": 178422077.46079138,
    "C2HPlus": 16626.200237989327,
    "H2Plus": 180238.42994608468,
    "C2H2Star": 11385218.206721315
  }
}