{
  "pressure_mTorr": 500.0,
  "n_total": 1.2070595635737908e+16,
  "Te": 1.3414018953946154,
  "Ne": 2137962287.9956381,
  "E_field": 422.17461901759657,
  "n_i_total": 368888452.9829025,
  "Ni_over_Ne": 0.17254207665596352,
  "charge_imbalance_pct": 82.74579233440365,
  "rate_values": {
    "loss_C2_11_3": 1715.9929642856237,
    "e_CH4_CH3_HMinus_cm3_8_1": 6.395019871429421e-14,
    "loss_C2H2Star_11_25": 2504.818774037034,
    "e_CH4Plus_CH2_H2_cm3_6_9": 6.653124212461679e-07,
    "e_CH_CHPlus_2e_cm3_2_10": 1.0550803050827431e-11,
    "loss_C3H4_11_18": 1096.4162102374103,
    "e_CH4Plus_CH_H2_H_cm3_6_11": 5.311825323303119e-07,
    "loss_C3H_11_10": 760.674645422787,
    "stick_ArStar_9_5": 381.53863087289733,
    "loss_C3_11_14": 571.1737947619936,
    "ArStar_CH4_CH3_H_cm3_3_1": 4.2559404979308483e-10,
    "loss_C4H_11_15": 172.88413381323596,
    "loss_C3H3_11_13": 681.0446808860634,
    "loss_C3H6_11_16": 232.87809685419205,
    "loss_C4H2_11_11": 376.16343757135286,
    "e_CH4Plus_C_2H2_cm3_6_13": 2.0805367332743838e-08,
    "loss_C2H_11_12": 516.3355129314688,
    "loss_CH_11_9": 9423.66557042586,
    "e_CH4Plus_CH3_H_cm3_6_4": 7.709115099805873e-07,
    "e_CH4_CH_H2_H_vib_cm3_1_3": 9.192384918048016e-11,
    "stick_C_9_10": 3417.996392221413,
    "stick_C2_9_9": 5285.493578813733,
    "stick_H_9_1": 408.9637711011788,
    "stick_CH_9_3": 5863.221803335706,
    "loss_CH2_11_1": 2976.71581101924,
    "stick_CH3_9_2": 4889.043941970526,
    "e_Ar_ArStar_cm3_1_7": 8.891386767618747e-11,
    "stick_C3H3_9_21": 652.4516860883116,
    "stick_H2_9_16": 695.1099452499994,
    "stick_C4H_9_24": 1778.5483958722366,
    "stick_C2H6_9_14": 580.4158296616556,
    "stick_C3H6_9_25": 1881.2416289100802,
    "stick_C2H2_9_11": 539.6537056534977,
    "stick_C2H5_9_17": 555.427547899385,
    "stick_C2H4_9_12": 906.4471571905995,
    "stick_C3H4_9_22": 1577.1693254872175,
    "stick_C3_9_23": 1289.690374802495,
    "stick_C4H2_9_20": 1615.0933349228808,
    "stick_C3H_9_19": 1077.4657243530482,
    "loss_C_11_8": 898.0138255904615
  },
  "target_densities": {
    "H": 41495442742041.805,
    "CH": 18272723585.157505,
    "C2": 323614564512.97266
  },
  "all_densities": {
    "e": 2137962287.9956381,
    "Ar": 1.0260006290377222e+16,
    "CH4": 1810589345360686.2,
    "ArPlus": 137438105.37979922,
    "CH4Plus": 63759625.897196256,
    "CH3Plus": 52544371.72332437,
    "CH5Plus": 39165508.129791364,
    "ArHPlus": 45293713.25223301,
    "CH3Minus": 19704.68250486312,
    "H": 41495442742041.805,
    "C2": 323614564512.97266,
    "CH": 18272723585.157505,
    "H2": 126012147682336.55,
    "ArStar": 730267086.8831122,
    "C2H4": 1108668872461.725,
    "C2H6": 11133310875794.918,
    "CH2": 2101272483383.9067,
    "C2H2": 8040850121610.573,
    "C2H5": 4074536315405.0044,
    "CH3": 34731050922188.87,
    "C": 189159175954.97348,
    "H3Plus": 323181.4708257029,
    "C2H3": 29417928351.47539,
    "C3H2": 14666024345.29154,
    "CHPlus": 87.76476976067754,
    "C3H": 7985370410.722782,
    "C4H2": 7327757.437201917,
    "C2H": 3475889850.770574,
    "C3H3": 40310996.45469135,
    "C3H4": 833496424.2435479,
    "C3": 8531244420.165176,
    "C3H5": 7445287582.908177,
    "C4H": 13732896.468518777,
    "C3H6": 19552934136.50274,
    "CH2Plus": 23777.099080799053,
    "C2H5Plus": 20613177.269899305,
    "C2H4Plus": 18374.120569257993,
    "C2H3Plus": 12249.413712838665,
    "HMinus": 289503515.88997513,
    "C2HPlus": 87850.42380674153,
    "H2Plus": 9608431.037893914,
    "C2H2Star": 140656120.64001852
  }
}