{
  "pressure_mTorr": 500.0,
  "n_total": 1.2070595635737908e+16,
  "Te": 1.408240984825665,
  "Ne": 2238873628.698381,
  "E_field": 99.47125931310893,
  "n_i_total": 1194236752.5840886,
  "Ni_over_Ne": 0.5334096294119042,
  "charge_imbalance_pct": 46.65903705880958,
  "rate_values": {
    "loss_C2_11_3": 471.7740150074019,
    "e_CH4_CH3_HMinus_cm3_8_1": 1.2698451255904073e-13,
    "loss_C2H2Star_11_25": 4335.044306849055,
    "e_CH4Plus_CH2_H2_cm3_6_9": 2.1165241120639863e-06,
    "e_CH_CHPlus_2e_cm3_2_10": 1.0195577261987504e-11,
    "loss_C3H4_11_18": 750.9607384695846,
    "e_CH4Plus_CH_H2_H_cm3_6_11": 7.351102191879122e-07,
    "loss_C3H3_11_13": 326.4563496261912,
    "loss_C4H2_11_11": 645.7030684585483,
    "loss_C3H_11_10": 282.2181508793926,
    "loss_C3H6_11_16": 993.930678345256,
    "loss_C4H_11_15": 482.7309238840437,
    "loss_C2H_11_12": 383.90333094308113,
    "loss_C3_11_14": 476.3514972131081,
    "ArStar_CH4_CH3_H_cm3_3_1": 1.6047401651961708e-10,
    "loss_CH_11_9": 1850.6746362147092,
    "e_CH4Plus_C_2H2_cm3_6_13": 9.426742184779768e-08,
    "stick_ArStar_9_5": 630.841018414656,
    "e_CH4Plus_CH3_H_cm3_6_4": 5.020307593357018e-07,
    "e_CH4_CH_H2_H_vib_cm3_1_3": 2.5289954892305515e-11,
    "stick_CH_9_3": 3704.577576527903,
    "stick_C2_9_9": 4851.751277910496,
    "stick_C_9_10": 1782.3810630970827,
    "stick_H_9_1": 493.25270016567146,
    "loss_CH2_11_1": 4420.352450591954,
    "stick_CH3_9_2": 4822.927227410568,
    "e_Ar_ArStar_cm3_1_7": 4.380840241938892e-11,
    "stick_C3H4_9_22": 1001.2086476772955,
    "stick_C3H6_9_25": 1111.1049704361023,
    "stick_C4H2_9_20": 1906.0640021394765,
    "loss_C_11_8": 1534.2604703268112,
    "stick_C2H6_9_14": 1327.9089620870639,
    "stick_C2H4_9_12": 1460.5857754165384,
    "stick_C3H3_9_21": 1636.0219215300383,
    "stick_C2H2_9_11": 1064.4498845449139,
    "stick_C2H5_9_17": 522.8356412325902,
    "stick_C3H_9_19": 1785.4076559645885,
    "stick_H2_9_16": 486.5796051690964,
    "stick_C3_9_23": 1606.1896963399731,
    "stick_C4H_9_24": 574.3980812059351
  },
  "target_densities": {
    "H": 10179083976362.34,
    "CH": 2635103359.923423,
    "C2": 10015711595.818924
  },
  "all_densities": {
    "e": 2238873628.698381,
    "Ar": 1.0260006290377222e+16,
    "CH4": 1810589345360686.2,
    "ArPlus": 172787096.6366808,
    "CH4Plus": 289590203.64612,
    "CH3Plus": 101699908.65639038,
    "CH5Plus": 341131731.86951005,
    "ArHPlus": 101897704.12395297,
    "CH3Minus": 29358.714383229388,
    "H": 10179083976362.34,
    "C2": 10015711595.818924,
    "CH": 2635103359.923423,
    "H2": 31185284240946.348,
    "ArStar": 469042739.7323889,
    "C2H4": 109335433823.25146,
    "C2H6": 659731437008.3655,
    "CH2": 304378185798.1531,
    "C2H2": 600602518064.2687,
    "C2H5": 235379916222.69275,
    "CH3": 10984305107014.52,
    "C": 9073334915.52834,
    "H3Plus": 301246.28467528947,
    "C2H3": 1525208079.4300365,
    "C3H2": 158223277.86385056,
    "CHPlus": 54.14801302964642,
    "C3H": 76534546.61141716,
    "C4H2": 7903.40322397439,
    "C2H": 228634412.0260815,
    "C3H3": 204796.20048585435,
    "C3H4": 18087360.071157053,
    "C3": 78530719.53384486,
    "C3H5": 62025040.80969114,
    "C4H": 39440.28487626655,
    "C3H6": 166291696.88506368,
    "CH2Plus": 28292.992314494782,
    "C2H5Plus": 168179170.83136737,
    "C2H4Plus": 8050.531828578138,
    "C2H3Plus": 5367.0212190520915,
    "HMinus": 137290559.25230032,
    "C2HPlus": 29051.51336197257,
    "H2Plus": 18578874.328654267,
    "C2H2Star": 3899036.281377207
  }
}