{
  "pressure_mTorr": 500.0,
  "n_total": 1.2070595635737908e+16,
  "Te": 1.4801655584470927,
  "Ne": 2823751290.980729,
  "E_field": 194.46974875644491,
  "n_i_total": 1463655699.3919115,
  "Ni_over_Ne": 0.5183373281021372,
  "charge_imbalance_pct": 48.16626718978629,
  "rate_values": {
    "loss_C2_11_3": 131.52674077842698,
    "e_CH4_CH3_HMinus_cm3_8_1": 5.365679127504031e-13,
    "loss_C2H2Star_11_25": 538.8595189299785,
    "e_CH4Plus_CH2_H2_cm3_6_9": 1.3031407862550774e-06,
    "e_CH_CHPlus_2e_cm3_2_10": 1.751534488880682e-11,
    "loss_C3H4_11_18": 1134.657403972462,
    "e_CH4Plus_CH_H2_H_cm3_6_11": 7.900507614818346e-07,
    "loss_C3H6_11_16": 160.66695142568307,
    "loss_C3H3_11_13": 599.7182268345418,
    "ArStar_CH4_CH3_H_cm3_3_1": 1.0568057630260225e-10,
    "loss_C3H_11_10": 344.0679073556761,
    "loss_CH_11_9": 1481.9502359363373,
    "stick_ArStar_9_5": 555.4461815110761,
    "loss_C3_11_14": 754.034540400763,
    "e_CH4Plus_C_2H2_cm3_6_13": 4.8230616893040025e-08,
    "loss_C4H2_11_11": 471.068833101579,
    "loss_C2H_11_12": 812.745846895084,
    "loss_C4H_11_15": 435.9109349230742,
    "e_CH4Plus_CH3_H_cm3_6_4": 1.5398113831965118e-07,
    "e_CH4_CH_H2_H_vib_cm3_1_3": 8.673035375859063e-11,
    "stick_C_9_10": 1564.2527860819941,
    "stick_CH_9_3": 2711.4718641630297,
    "stick_C2_9_9": 5409.328434093563,
    "stick_H_9_1": 103.37148029039741,
    "loss_CH2_11_1": 1666.9975935381765,
    "stick_CH3_9_2": 2088.265114189893,
    "e_Ar_ArStar_cm3_1_7": 1.6112412803926816e-10,
    "stick_C2H2_9_11": 1859.4536797083874,
    "stick_C3H4_9_22": 594.9529201384355,
    "stick_C2H5_9_17": 986.7916186643924,
    "stick_C3H3_9_21": 1872.4488686240888,
    "stick_C4H2_9_20": 1098.6427709917693,
    "stick_C3H6_9_25": 864.6611601826629,
    "stick_C2H6_9_14": 778.1895518863677,
    "loss_C_11_8": 1492.3923459623961,
    "stick_C3_9_23": 1397.83144049551,
    "stick_C4H_9_24": 1401.640301348025,
    "stick_H2_9_16": 379.51435220670515,
    "stick_C2H4_9_12": 1542.4287866295722,
    "stick_C3H_9_19": 876.240973045998
  },
  "target_densities": {
    "H": 10934405467728.148,
    "CH": 5858212095.71117,
    "C2": 22307006166.49865
  },
  "all_densities": {
    "e": 2823751290.980729,
    "Ar": 1.0260006290377222e+16,
    "CH4": 1810589345360686.2,
    "ArPlus": 360533384.5206731,
    "CH4Plus": 304783250.8466428,
    "CH3Plus": 167730989.8161315,
    "CH5Plus": 291592620.7914387,
    "ArHPlus": 171013387.37673044,
    "CH3Minus": 32541.15941315311,
    "H": 10934405467728.148,
    "C2": 22307006166.49865,
    "CH": 5858212095.71117,
    "H2": 37139187365265.52,
    "ArStar": 2275093686.728389,
    "C2H4": 257315404590.85144,
    "C2H6": 2466650440409.0327,
    "CH2": 890955153676.2283,
    "C2H2": 1228622837485.5984,
    "C2H5": 755899252593.1143,
    "CH3": 17767767078510.09,
    "C": 23589833866.643936,
    "H3Plus": 386119.3277944768,
    "C2H3": 5280996284.738422,
    "C3H2": 719331916.8688879,
    "CHPlus": 133.73537860129053,
    "C3H": 589529396.6077785,
    "C4H2": 220014.18814634797,
    "C2H": 674286710.5212563,
    "C3H3": 1251420.11514885,
    "C3H4": 95868359.13447738,
    "C3": 346624352.0986276,
    "C3H5": 442821814.46800154,
    "C4H": 229326.88096272043,
    "C3H6": 2695882991.6079283,
    "CH2Plus": 69864.97561746315,
    "C2H5Plus": 141984028.95146134,
    "C2H4Plus": 12224.961816635401,
    "C2H3Plus": 8149.974544423601,
    "HMinus": 722759181.5652378,
    "C2HPlus": 38431.82937889571,
    "H2Plus": 25503112.28430338,
    "C2H2Star": 311238676.8058961
  }
}