{
  "pressure_mTorr": 500.0,
  "n_total": 1.2070595635737908e+16,
  "Te": 1.408240984825665,
  "Ne": 2238873628.698381,
  "E_field": 99.47125931310893,
  "n_i_total": 1199677287.473836,
  "Ni_over_Ne": 0.5358396615584307,
  "charge_imbalance_pct": 46.416033844156935,
  "rate_values": {
    "loss_C2_11_3": 471.7740150074019,
    "e_CH4_CH3_HMinus_cm3_8_1": 1.2698451255904073e-13,
    "loss_C2H2Star_11_25": 4335.044306849055,
    "e_CH4Plus_CH2_H2_cm3_6_9": 2.1165241120639863e-06,
    "e_CH_CHPlus_2e_cm3_2_10": 1.0195577261987504e-11,
    "loss_C3H4_11_18": 750.9607384695846,
    "e_CH4Plus_CH_H2_H_cm3_6_11": 7.351102191879122e-07,
    "loss_C3H6_11_16": 326.4563496261912,
    "loss_C3H3_11_13": 645.7030684585483,
    "ArStar_CH4_CH3_H_cm3_3_1": 1.4110907543969634e-10,
    "loss_C3H_11_10": 993.930678345256,
    "loss_CH_11_9": 4827.3092388404375,
    "stick_ArStar_9_5": 274.10697829335993,
    "loss_C3_11_14": 476.3514972131081,
    "e_CH4Plus_C_2H2_cm3_6_13": 3.209480330392341e-08,
    "loss_C4H2_11_11": 185.0674636214709,
    "loss_C2H_11_12": 942.674218477977,
    "loss_C4H_11_15": 883.5308381157647,
    "e_CH4Plus_CH3_H_cm3_6_4": 5.020307593357018e-07,
    "e_CH4_CH_H2_H_vib_cm3_1_3": 2.5289954892305515e-11,
    "stick_C_9_10": 3704.577576527903,
    "stick_CH_9_3": 4851.751277910496,
    "stick_C2_9_9": 1782.3810630970827,
    "stick_H_9_1": 493.25270016567146,
    "loss_CH2_11_1": 4420.352450591954,
    "stick_CH3_9_2": 4822.927227410568,
    "e_Ar_ArStar_cm3_1_7": 4.380840241938892e-11,
    "stick_C2H2_9_11": 1001.2086476772955,
    "stick_C3H4_9_22": 1111.1049704361023,
    "stick_C2H5_9_17": 1906.0640021394765,
    "stick_C3H3_9_21": 1534.2604703268112,
    "stick_C4H2_9_20": 1659.8862026088298,
    "stick_C3H6_9_25": 1460.5857754165384,
    "stick_C2H6_9_14": 1308.8175372240307,
    "loss_C_11_8": 1064.4498845449139,
    "stick_C3_9_23": 522.8356412325902,
    "stick_C4H_9_24": 1785.4076559645885,
    "stick_H2_9_16": 486.5796051690964,
    "stick_C2H4_9_12": 1606.1896963399731,
    "stick_C3H_9_19": 574.3980812059351
  },
  "target_densities": {
    "H": 10176085893042.639,
    "CH": 2624464607.119942,
    "C2": 19820415014.91517
  },
  "all_densities": {
    "e": 2238873628.698381,
    "Ar": 1.0260006290377222e+16,
    "CH4": 1810589345360686.2,
    "ArPlus": 173669550.9310811,
    "CH4Plus": 290875826.19945127,
    "CH3Plus": 102133624.92478485,
    "CH5Plus": 342737788.9569594,
    "ArHPlus": 102423039.25968792,
    "CH3Minus": 29346.482158932336,
    "H": 10176085893042.639,
    "C2": 19820415014.91517,
    "CH": 2624464607.119942,
    "H2": 31170528631931.87,
    "ArStar": 476920456.99631655,
    "C2H4": 103804472951.55817,
    "C2H6": 666136374278.6375,
    "CH2": 304335890798.0975,
    "C2H2": 610854049480.444,
    "C2H5": 106141649936.22356,
    "CH3": 10979730289341.252,
    "C": 8547840208.8385725,
    "H3Plus": 300969.5139658475,
    "C2H3": 1517859308.6443975,
    "C3H2": 160274419.84350133,
    "CHPlus": 53.92940022903172,
    "C3H": 102204119.64780287,
    "C4H2": 14538.635827401205,
    "C2H": 165957228.3980588,
    "C3H3": 182735.5349413021,
    "C3H4": 16093646.986841785,
    "C3": 170858963.52140105,
    "C3H5": 27856500.35989334,
    "C4H": 15760.368522500972,
    "C3H6": 158354227.17203918,
    "CH2Plus": 28409.70428068881,
    "C2H5Plus": 168895191.6666406,
    "C2H4Plus": 7643.278891601011,
    "C2H3Plus": 5095.519261067341,
    "HMinus": 137885793.58407137,
    "C2HPlus": 29547.386244553178,
    "H2Plus": 18570546.203186676,
    "C2H2Star": 4032191.2093399228
  }
}