{
  "pressure_mTorr": 500.0,
  "n_total": 1.2070595635737908e+16,
  "Te": 1.051108133639706,
  "Ne": 2393904497.0939097,
  "E_field": 27.654505743246176,
  "n_i_total": 5975797388.780665,
  "Ni_over_Ne": 2.4962555507268602,
  "charge_imbalance_pct": 149.62555507268604,
  "rate_values": {
    "loss_C2_11_3": 1447.2502683445696,
    "e_CH4_CH3_HMinus_cm3_8_1": 7.502404542591788e-14,
    "loss_C2H2Star_11_25": 4879.554631148483,
    "e_CH4Plus_CH2_H2_cm3_6_9": 1.6360303106623977e-06,
    "e_CH_CHPlus_2e_cm3_2_10": 1.2852766220626169e-11,
    "loss_C3H4_11_18": 1427.3339905930002,
    "e_CH4Plus_CH_H2_H_cm3_6_11": 9.831644619308025e-07,
    "loss_C4H_11_15": 714.6830038719581,
    "stick_ArStar_9_5": 712.96018021045,
    "loss_C3_11_14": 276.8851297701436,
    "loss_CH_11_9": 5563.274408178412,
    "loss_C3H3_11_13": 492.9398693111314,
    "ArStar_CH4_CH3_H_cm3_3_1": 2.40912050919387e-10,
    "loss_C3H6_11_16": 340.71004385949016,
    "loss_C2H_11_12": 861.2168096090209,
    "e_CH4Plus_C_2H2_cm3_6_13": 2.896285767417205e-08,
    "loss_C3H_11_10": 743.9194471070956,
    "loss_C4H2_11_11": 946.0513624873042,
    "e_CH4Plus_CH3_H_cm3_6_4": 1.8593951196978804e-07,
    "e_CH4_CH_H2_H_vib_cm3_1_3": 3.105626471228119e-11,
    "stick_CH_9_3": 5348.678278380603,
    "stick_H_9_1": 318.61620950709676,
    "stick_C2_9_9": 5217.484351033314,
    "stick_C_9_10": 5936.199795540599,
    "loss_CH2_11_1": 1875.5843508435469,
    "stick_CH3_9_2": 4769.943823063193,
    "e_Ar_ArStar_cm3_1_7": 1.6934337927807757e-10,
    "loss_C_11_8": 1482.7382878109865,
    "stick_H2_9_16": 253.82762173911397,
    "stick_C2H5_9_17": 1301.0566002145722,
    "stick_C3H4_9_22": 1003.8783227394879,
    "stick_C2H2_9_11": 802.3443731331096,
    "stick_C2H6_9_14": 833.3801801747171,
    "stick_C3H_9_19": 1665.0035218464113,
    "stick_C4H2_9_20": 1810.664614143836,
    "stick_C4H_9_24": 1041.0153472249074,
    "stick_C2H4_9_12": 635.2686647740559,
    "stick_C3H3_9_21": 1149.986499193344,
    "stick_C3_9_23": 632.319996413485,
    "stick_C3H6_9_25": 861.4737178790047
  },
  "target_densities": {
    "H": 10504257393838.406,
    "CH": 2294182799.507693,
    "C2": 10765091254.430496
  },
  "all_densities": {
    "e": 2393904497.0939097,
    "Ar": 1.0260006290377222e+16,
    "CH4": 1810589345360686.2,
    "ArPlus": 320405392.2635037,
    "CH4Plus": 1583582158.5851967,
    "CH3Plus": 191391050.7232718,
    "CH5Plus": 2508827235.420663,
    "ArHPlus": 235176666.6556905,
    "CH3Minus": 78752.94497000134,
    "H": 10504257393838.406,
    "C2": 10765091254.430496,
    "CH": 2294182799.507693,
    "H2": 35584279560732.77,
    "ArStar": 1814090312.049246,
    "C2H4": 139277583531.15735,
    "C2H6": 982421324198.7214,
    "CH2": 471554319593.27966,
    "C2H2": 756085510977.3256,
    "C2H5": 224721768679.71198,
    "CH3": 11447410507263.045,
    "C": 7514828989.223485,
    "H3Plus": 33786.83485573372,
    "C2H3": 1359657127.9886835,
    "C3H2": 173420051.69414788,
    "CHPlus": 225.46241262251658,
    "C3H": 72000359.2729593,
    "C4H2": 5991.9842015882605,
    "C2H": 105061461.18017232,
    "C3H3": 189862.55598898864,
    "C3H4": 14457028.627903586,
    "C3": 196214528.19030297,
    "C3H5": 51555281.637994185,
    "C4H": 22660.91435569722,
    "C3H6": 329493384.77437246,
    "CH2Plus": 296708.41529041075,
    "C2H5Plus": 1134515511.1681118,
    "C2H4Plus": 22418.608748982835,
    "C2H3Plus": 14945.739165988556,
    "HMinus": 190221701.92427656,
    "C2HPlus": 82570.40491968636,
    "H2Plus": 1448718.498833065,
    "C2H2Star": 16865564.63726207
  }
}