{
  "pressure_mTorr": 500.0,
  "n_total": 1.2070595635737908e+16,
  "Te": 1.4547420331000442,
  "Ne": 2133995760.9589467,
  "E_field": 123.73693142192178,
  "n_i_total": 1097243921.2731736,
  "Ni_over_Ne": 0.5141734305883103,
  "charge_imbalance_pct": 48.58265694116896,
  "rate_values": {
    "loss_C2_11_3": 1428.9595639239883,
    "e_CH4_CH3_HMinus_cm3_8_1": 8.005511650574665e-13,
    "loss_C2H2Star_11_25": 1142.78965778462,
    "e_CH4Plus_CH2_H2_cm3_6_9": 7.530609035659847e-07,
    "e_CH_CHPlus_2e_cm3_2_10": 8.28599141601205e-12,
    "loss_C3H4_11_18": 1456.0545630123456,
    "e_CH4Plus_CH_H2_H_cm3_6_11": 1.0399011073326805e-06,
    "loss_C3_11_14": 551.203497956653,
    "loss_CH_11_9": 9958.62423503986,
    "loss_C2H_11_12": 934.9524527518602,
    "ArStar_CH4_CH3_H_cm3_3_1": 4.161303854767703e-10,
    "loss_C4H2_11_11": 865.8321782596666,
    "loss_C3H3_11_13": 608.5130921285661,
    "stick_ArStar_9_5": 371.7736600010097,
    "loss_C3H6_11_16": 538.7473460243348,
    "loss_C3H_11_10": 231.9089308876322,
    "e_CH4Plus_C_2H2_cm3_6_13": 2.761111095430812e-08,
    "loss_C4H_11_15": 585.9391907213773,
    "e_CH4Plus_CH3_H_cm3_6_4": 1.1852957277769359e-07,
    "e_CH4_CH_H2_H_vib_cm3_1_3": 2.2451477117221364e-11,
    "stick_C2_9_9": 5187.866343337268,
    "stick_CH_9_3": 4674.511122876173,
    "stick_H_9_1": 359.2061691183527,
    "stick_C_9_10": 3797.4050218338843,
    "loss_CH2_11_1": 4736.601369811398,
    "stick_CH3_9_2": 4385.465883094884,
    "e_Ar_ArStar_cm3_1_7": 8.69497419932221e-11,
    "e_C2H4_C2H2_H_H_cm3_1_17": 3.4726682546067046e-11,
    "C_CH3_C2_H2_H_cm3_7_8": 1.180681889870336e-10,
    "C2_H_CH_C_cm3_7_6": 9.422603459088177e-11,
    "CH3_CH3_C2H2_H2_H2_cm3_7_49": 8.569840240346053e-12,
    "CH2_H_CH_H2_cm3_7_1": 1.8537532789963985e-11,
    "C2H2_H_C2_H2_H_cm3_7_50": 8.331631266210585e-12,
    "CH3_C2H5_C2H2_CH3_H2_cm3_7_61": 1.000856450439336e-11,
    "e_CH4_CH3_H_cm3_1_1": 4.4106935200269446e-11,
    "C2HPlus_e_C2_H_cm3_6_18": 2.1801057085386115e-07,
    "CH_CH4_C2H4_H_cm3_7_20": 6.86913623462294e-11,
    "e_C2H4_C2H2_H2_cm3_1_15": 9.502531990779908e-11,
    "e_CH4_CH2_H2_cm3_1_2": 5.7365238827033396e-11,
    "C_CH_C2_H_cm3_7_4": 8.534043126193903e-11,
    "CH_CH4_CH2_CH3_cm3_7_39": 1.0816377887229835e-11,
    "CH2_CH3_C2H2_H_H2_cm3_7_62": 1.0140482913154347e-11,
    "C2H2_C_C2_CH2_cm3_7_19": 1.1668689177716936e-10,
    "CH_C_C2_H_cm3_7_9": 1.1690595419448951e-10,
    "e_C2H4_C2H2_H2_cm3_1_6": 1.520450303041014e-11,
    "CH_CH_C2_H2_cm3_5_4": 1.49983771186341e-10,
    "CH2_C2H3_C2H2_CH3_cm3_7_53": 1.103466212166197e-10,
    "C_H_CH_cm3_7_12": 1.0103074417499465e-10,
    "e_C2H2_C2_H2_cm3_1_16": 9.483246761657617e-11,
    "CH_H_C_H2_cm3_7_3": 9.98411221312424e-11,
    "C2H_H_C2_H2_cm3_7_47": 1.0919739388928431e-10,
    "CH2_CH2_C2H2_H2_cm3_7_15": 8.636501588594767e-11,
    "CH_CH3_C2H4_cm3_7_5": 8.515455161163175e-11
  },
  "target_densities": {
    "H": 10363499729018.002,
    "CH": 2243259450.45266,
    "C2": 9586281863.252338
  },
  "all_densities": {
    "e": 2133995760.9589467,
    "Ar": 1.0260006290377222e+16,
    "CH4": 1810589345360686.2,
    "ArPlus": 190175709.09515044,
    "CH4Plus": 254737408.60538346,
    "CH3Plus": 104387427.96321659,
    "CH5Plus": 283187606.9794577,
    "ArHPlus": 105499845.5173451,
    "CH3Minus": 25394.344694563097,
    "H": 10363499729018.002,
    "C2": 9586281863.252338,
    "CH": 2243259450.45266,
    "H2": 30066741484538.12,
    "ArStar": 729862982.1602439,
    "C2H4": 158057361234.96606,
    "C2H6": 1577095811892.8696,
    "CH2": 321318262090.5294,
    "C2H2": 817024994014.6678,
    "C2H5": 116971248570.21367,
    "CH3": 11919826667894.148,
    "C": 7511389151.535695,
    "H3Plus": 293049.2093159018,
    "C2H3": 1414366937.1060045,
    "C3H2": 183238798.69125777,
    "CHPlus": 28.734481298576263,
    "C3H": 123659531.32960038,
    "C4H2": 13110.700136994927,
    "C2H": 212742570.67101368,
    "C3H3": 170716.6880614766,
    "C3H4": 14412866.671844816,
    "C3": 104141929.3253816,
    "C3H5": 26239685.8786379,
    "C4H": 22389.2037890561,
    "C3H6": 332996793.81407106,
    "CH2Plus": 24644.878160668777,
    "C2H5Plus": 138837036.1329208,
    "C2H4Plus": 8918.471934699317,
    "C2H3Plus": 5945.647956466211,
    "HMinus": 662049321.9431819,
    "C2HPlus": 30315.193684718084,
    "H2Plus": 20055984.84416564,
    "C2H2Star": 31308454.424780305
  }
}