{
  "pressure_mTorr": 500.0,
  "n_total": 1.2070595635737908e+16,
  "Te": 2.2309003437417703,
  "Ne": 1828380646.6607337,
  "E_field": 404.9609048883808,
  "n_i_total": 1169322791.29587,
  "Ni_over_Ne": 0.6395401271783667,
  "charge_imbalance_pct": 36.045987282163324,
  "rate_values": {
    "loss_C2_11_3": 479.50629037474675,
    "e_CH4_CH3_HMinus_cm3_8_1": 8.664969903456288e-13,
    "loss_C2H2Star_11_25": 9342.786046691963,
    "e_CH4Plus_CH2_H2_cm3_6_9": 2.0556266861737585e-06,
    "loss_C3H4_11_18": 607.637701514619,
    "e_CH4Plus_CH_H2_H_cm3_6_11": 8.431455992664048e-07,
    "loss_C4H2_11_11": 757.313572204871,
    "ArStar_CH4_CH3_H_cm3_3_1": 8.144303783924775e-11,
    "e_CH4Plus_C_2H2_cm3_6_13": 6.489724502716206e-08,
    "stick_ArStar_9_5": 92.35444336681485,
    "stick_H_9_1": 3490.2046965281233,
    "loss_C3H_11_10": 332.1628746751969,
    "loss_C4H_11_15": 707.6428385659495,
    "loss_C3_11_14": 568.4489971354421,
    "loss_C3H3_11_13": 269.32992248842623,
    "loss_C3H6_11_16": 388.20383829909633,
    "loss_C2H_11_12": 307.5860956217241,
    "loss_CH_11_9": 9816.380552768105,
    "e_CH4Plus_CH3_H_cm3_6_4": 2.0215781749178132e-07,
    "e_CH4_CH_H2_H_vib_cm3_1_3": 2.3946663542621323e-11,
    "stick_C2_9_9": 4083.464062686338,
    "stick_C_9_10": 1957.0958199419329,
    "stick_CH_9_3": 6140.2616810865575,
    "loss_CH2_11_1": 2570.4333194559886,
    "stick_CH3_9_2": 5131.87225617583,
    "e_Ar_ArStar_cm3_1_7": 9.485593720020879e-11,
    "stick_C4H_9_24": 1926.8961948134906,
    "stick_C2H5_9_17": 1881.0046999491572,
    "stick_C2H6_9_14": 1317.7914936636944,
    "stick_C3H4_9_22": 1728.6665383507873,
    "stick_H2_9_16": 923.2088703139386,
    "stick_C2H2_9_11": 1897.905161420957,
    "stick_C2H4_9_12": 1726.0138759355284,
    "stick_C4H2_9_20": 1516.0891266475264,
    "stick_C3_9_23": 1366.2303517736593,
    "loss_C_11_8": 1520.7794104765662,
    "stick_C3H3_9_21": 1583.136169994914,
    "stick_C3H_9_19": 1498.0783838622435,
    "stick_C3H6_9_25": 669.625058636049,
    "e_CH4_CH4Plus_cm3_2_2": 2.7587990671415668e-11
  },
  "target_densities": {
    "H": 22162558033997.035,
    "CH": 11673975717.201006,
    "C2": 113947589478.50291
  },
  "all_densities": {
    "e": 1828380646.6607337,
    "Ar": 1.0260006290377222e+16,
    "CH4": 1810589345360686.2,
    "ArPlus": 139393917.29972512,
    "CH4Plus": 59257683.02581591,
    "CH3Plus": 52707005.99436263,
    "CH5Plus": 53198558.525216445,
    "ArHPlus": 46613145.53082576,
    "CH3Minus": 23212.171985915014,
    "H": 22162558033997.035,
    "C2": 113947589478.50291,
    "CH": 11673975717.201006,
    "H2": 89192393334162.95,
    "ArStar": 876710304.571216,
    "C2H4": 203367300270.66248,
    "C2H6": 4480930673707.786,
    "CH2": 1676805826310.1826,
    "C2H2": 3143128936697.5015,
    "C2H5": 1428014851825.4033,
    "CH3": 28570974204179.56,
    "C": 78461845679.06535,
    "H3Plus": 19058429.677170347,
    "C2H3": 42961237889.64369,
    "C3H2": 3665002573.199544,
    "CHPlus": 12542.597885242963,
    "C3H": 2003529401.2966266,
    "C4H2": 1028817.0059462768,
    "C2H": 4263057893.169715,
    "C3H3": 27073556.16060252,
    "C3H4": 111779766.22112074,
    "C3": 2034096952.0576963,
    "C3H5": 1667061070.401215,
    "C4H": 1624009.0012304075,
    "C3H6": 9580432179.492752,
    "CH2Plus": 19841.77103603761,
    "C2H5Plus": 21466281.583601333,
    "C2H4Plus": 3004.946674043435,
    "C2H3Plus": 2003.2977826956233,
    "HMinus": 722715228.244925,
    "C2HPlus": 30616.276677469436,
    "H2Plus": 777559760.7690971,
    "C2H2Star": 17696735.30118584
  }
}