{
  "pressure_mTorr": 500.0,
  "n_total": 1.2070595635737908e+16,
  "Te": 1.1342710724628402,
  "Ne": 2164840535.8384323,
  "E_field": 60.89979273972102,
  "n_i_total": 1975876539.1655047,
  "Ni_over_Ne": 0.9127122790133164,
  "charge_imbalance_pct": 8.728772098668356,
  "rate_values": {
    "loss_C2_11_3": 962.4179886385554,
    "e_CH4_CH3_HMinus_cm3_8_1": 6.315956933354789e-13,
    "loss_C2H2Star_11_25": 9316.609192521844,
    "e_CH4Plus_CH2_H2_cm3_6_9": 1.1145643804452772e-06,
    "e_CH_CHPlus_2e_cm3_2_10": 1.0012554572914175e-11,
    "loss_C3H4_11_18": 1177.7198669724746,
    "e_CH4Plus_CH_H2_H_cm3_6_11": 4.754281592049928e-07,
    "loss_C3_11_14": 679.8474284834722,
    "loss_CH_11_9": 9555.521886385925,
    "loss_C2H_11_12": 426.0152011049513,
    "ArStar_CH4_CH3_H_cm3_3_1": 1.4698656559064902e-10,
    "loss_C4H2_11_11": 674.3451935030481,
    "loss_C3H3_11_13": 751.9693347578675,
    "stick_ArStar_9_5": 658.1836761336233,
    "loss_C3H6_11_16": 451.3555085524181,
    "loss_C3H_11_10": 550.7170502599448,
    "e_CH4Plus_C_2H2_cm3_6_13": 8.80177436048552e-08,
    "loss_C4H_11_15": 623.291771658811,
    "e_CH4Plus_CH3_H_cm3_6_4": 7.11460966570292e-07,
    "e_CH4_CH_H2_H_vib_cm3_1_3": 5.954853929550021e-11,
    "stick_C2_9_9": 2692.349976256093,
    "stick_CH_9_3": 5576.061980403169,
    "stick_H_9_1": 265.0378044349101,
    "stick_C_9_10": 3375.325449839116,
    "loss_CH2_11_1": 4894.33998048789,
    "stick_CH3_9_2": 4949.475257116184,
    "e_Ar_ArStar_cm3_1_7": 5.927882564627103e-11,
    "e_C2H4_C2H2_H_H_cm3_1_17": 4.1552449955305034e-11,
    "C_CH3_C2_H2_H_cm3_7_8": 8.303982188051265e-11,
    "C2_H_CH_C_cm3_7_6": 8.933357793131315e-11,
    "CH3_CH3_C2H2_H2_H2_cm3_7_49": 1.1289628705916084e-11,
    "CH2_H_CH_H2_cm3_7_1": 1.799753826761475e-11,
    "C2H2_H_C2_H2_H_cm3_7_50": 9.558466449486979e-12,
    "CH3_C2H5_C2H2_CH3_H2_cm3_7_61": 1.1168729656272576e-11,
    "e_CH4_CH3_H_cm3_1_1": 1.1920806858393416e-10,
    "C2HPlus_e_C2_H_cm3_6_18": 2.659188450691573e-07,
    "CH_CH4_C2H4_H_cm3_7_20": 5.751676065473059e-11,
    "e_C2H4_C2H2_H2_cm3_1_15": 5.591412620164605e-11,
    "e_CH4_CH2_H2_cm3_1_2": 5.2558405948733564e-11,
    "C_CH_C2_H_cm3_7_4": 9.982986400049091e-11,
    "CH_CH4_CH2_CH3_cm3_7_39": 8.681167086191783e-12,
    "CH2_CH3_C2H2_H_H2_cm3_7_62": 9.274169326922532e-12,
    "C2H2_C_C2_CH2_cm3_7_19": 8.792317594661365e-11,
    "CH_C_C2_H_cm3_7_9": 9.647953833581496e-11,
    "e_C2H4_C2H2_H2_cm3_1_6": 2.875965104190027e-11,
    "CH_CH_C2_H2_cm3_5_4": 1.2872262299451061e-10,
    "CH2_C2H3_C2H2_CH3_cm3_7_53": 1.1474204682675994e-10,
    "C_H_CH_cm3_7_12": 1.0988915436753799e-10,
    "e_C2H2_C2_H2_cm3_1_16": 9.112828054756705e-11,
    "CH_H_C_H2_cm3_7_3": 1.093568430931026e-10,
    "C2H_H_C2_H2_cm3_7_47": 9.89944264364897e-11,
    "CH2_CH2_C2H2_H2_cm3_7_15": 9.534709160502591e-11,
    "CH_CH3_C2H4_cm3_7_5": 1.1355491836313924e-10
  },
  "target_densities": {
    "H": 10517720392263.4,
    "CH": 3603358158.126882,
    "C2": 20399803913.891434
  },
  "all_densities": {
    "e": 2164840535.8384323,
    "Ar": 1.0260006290377222e+16,
    "CH4": 1810589345360686.2,
    "ArPlus": 196011148.19475725,
    "CH4Plus": 514291237.07841176,
    "CH3Plus": 122298318.80625607,
    "CH5Plus": 682195991.7174983,
    "ArHPlus": 128927316.58365051,
    "CH3Minus": 35320.56865696254,
    "H": 10517720392263.4,
    "C2": 20399803913.891434,
    "CH": 3603358158.126882,
    "H2": 30687684868998.72,
    "ArStar": 620737204.0997533,
    "C2H4": 213783430111.4246,
    "C2H6": 1365467105715.5527,
    "CH2": 291707883394.56366,
    "C2H2": 910108711334.8167,
    "C2H5": 98502151900.85626,
    "CH3": 11090550145256.443,
    "C": 9939979373.416742,
    "H3Plus": 31882.357576986244,
    "C2H3": 2089253731.2773252,
    "C3H2": 327826637.29826945,
    "CHPlus": 114.46320175308705,
    "C3H": 182082550.98444244,
    "C4H2": 34095.163786491685,
    "C2H": 260385264.41693786,
    "C3H3": 376046.193430116,
    "C3H4": 34904030.94643342,
    "C3": 177550991.79927832,
    "C3H5": 35493853.26450037,
    "C4H": 63058.87880530186,
    "C3H6": 489626708.89105636,
    "CH2Plus": 53259.2748735754,
    "C2H5Plus": 330181139.1408737,
    "C2H4Plus": 24851.12825880358,
    "C2H3Plus": 16567.418839202386,
    "HMinus": 522610355.1662462,
    "C2HPlus": 69309.57295872625,
    "H2Plus": 1775403.4283480311,
    "C2H2Star": 3638265.7588831484
  }
}