{
  "pressure_mTorr": 500.0,
  "n_total": 1.2070595635737908e+16,
  "Te": 1.0182847832965718,
  "Ne": 2867997326.978326,
  "E_field": 343.4187287580898,
  "n_i_total": 342229873.01955163,
  "Ni_over_Ne": 0.11932712412257347,
  "charge_imbalance_pct": 88.06728758774265,
  "rate_values": {
    "loss_C2_11_3": 480.95731246475793,
    "e_CH4_CH3_HMinus_cm3_8_1": 9.264194491260099e-13,
    "loss_C2H2Star_11_25": 1518.2472663251692,
    "e_CH4Plus_CH2_H2_cm3_6_9": 1.2902599667049864e-06,
    "loss_C3H4_11_18": 1475.862668197045,
    "e_CH4Plus_CH_H2_H_cm3_6_11": 9.56592771985243e-07,
    "loss_C4H_11_15": 708.7205903676752,
    "stick_ArStar_9_5": 418.66198329819804,
    "loss_C4H2_11_11": 811.3708701734387,
    "loss_C2H_11_12": 464.82332050961605,
    "loss_C3H3_11_13": 329.09816464908323,
    "e_CH4Plus_C_2H2_cm3_6_13": 6.257338840833311e-08,
    "loss_C3H6_11_16": 518.7598892639232,
    "loss_CH_11_9": 3313.591765575983,
    "ArStar_CH4_CH3_H_cm3_3_1": 1.1013275155729443e-10,
    "stick_H_9_1": 3670.7728968434526,
    "loss_C3_11_14": 471.8602435604351,
    "loss_C3H_11_10": 136.0330068754247,
    "e_CH4Plus_CH3_H_cm3_6_4": 6.058741541549141e-07,
    "e_CH4_CH_H2_H_vib_cm3_1_3": 3.7377898682449596e-11,
    "stick_C2_9_9": 5606.065834645571,
    "stick_CH_9_3": 4152.582497177337,
    "stick_C_9_10": 5824.889227370184,
    "loss_CH2_11_1": 4420.007027503464,
    "stick_CH3_9_2": 5382.453990847308,
    "e_Ar_ArStar_cm3_1_7": 6.389028514748129e-11,
    "stick_C2H4_9_12": 1079.1323463718093,
    "stick_C3H4_9_22": 1712.4319851987157,
    "stick_C3H_9_19": 1719.9825036985947,
    "stick_C3H3_9_21": 1212.3447091339726,
    "stick_C4H2_9_20": 1902.8395924057886,
    "stick_C3_9_23": 500.4957096618816,
    "stick_C2H2_9_11": 1651.814563407584,
    "stick_C2H5_9_17": 1460.8086771579742,
    "stick_C4H_9_24": 974.2750318403155,
    "loss_C_11_8": 1756.4178200064002,
    "stick_C3H6_9_25": 879.1803606857715,
    "stick_C2H6_9_14": 1270.3117732385397,
    "stick_H2_9_16": 647.5952943955926,
    "e_CH4_CH4Plus_cm3_2_2": 1.1600960094138977e-11
  },
  "target_densities": {
    "H": 29180073289377.945,
    "CH": 12670354843.362587,
    "C2": 84764834953.20874
  },
  "all_densities": {
    "e": 2867997326.978326,
    "Ar": 1.0260006290377222e+16,
    "CH4": 1810589345360686.2,
    "ArPlus": 123697923.67741367,
    "CH4Plus": 59939710.10394848,
    "CH3Plus": 45840439.573429845,
    "CH5Plus": 44762669.74513357,
    "ArHPlus": 45707181.87528409,
    "CH3Minus": 16206.816097877903,
    "H": 29180073289377.945,
    "C2": 84764834953.20874,
    "CH": 12670354843.362587,
    "H2": 86777161987156.86,
    "ArStar": 903761353.3160573,
    "C2H4": 223065824246.31543,
    "C2H6": 3579995794893.728,
    "CH2": 1116895910567.9985,
    "C2H2": 2478780524532.8877,
    "C2H5": 1009373446350.3715,
    "CH3": 25188783804934.03,
    "C": 50586206336.606186,
    "H3Plus": 6552.883444850443,
    "C2H3": 15783520760.76451,
    "C3H2": 3136728536.104838,
    "CHPlus": 58.07432714878353,
    "C3H": 1691020512.269506,
    "C4H2": 789394.567343136,
    "C2H": 952907151.1581502,
    "C3H3": 12973741.169250255,
    "C3H4": 97511547.68520246,
    "C3": 3450899826.1019173,
    "C3H5": 1278911973.4727015,
    "C4H": 2361471.5971517796,
    "C3H6": 6047898087.86611,
    "CH2Plus": 13554.3878593958,
    "C2H5Plus": 21990296.66659258,
    "C2H4Plus": 2475.891392073655,
    "C2H3Plus": 1650.5942613824368,
    "HMinus": 1163593538.6632962,
    "C2HPlus": 18428.85528328187,
    "H2Plus": 248930.69118122396,
    "C2H2Star": 88532062.90360074
  }
}