{
  "pressure_mTorr": 500.0,
  "n_total": 1.2070595635737908e+16,
  "Te": 1.0254050487093576,
  "Ne": 2147124999.3927011,
  "E_field": 53.501726602133886,
  "n_i_total": 2736469583.5668054,
  "Ni_over_Ne": 1.2744807984354876,
  "charge_imbalance_pct": 27.44807984354875,
  "rate_values": {
    "loss_C2_11_3": 1480.5343482144326,
    "e_CH4_CH3_HMinus_cm3_8_1": 5.701298424620242e-13,
    "loss_C2H2Star_11_25": 2441.2338195712705,
    "e_CH4Plus_CH2_H2_cm3_6_9": 1.0062359046634729e-06,
    "e_CH_CHPlus_2e_cm3_2_10": 1.4215652290892475e-11,
    "loss_C3H4_11_18": 430.6037938986015,
    "e_CH4Plus_CH_H2_H_cm3_6_11": 1.3061924507405832e-07,
    "loss_CH_11_9": 4778.422779368587,
    "loss_C3_11_14": 619.2482168082294,
    "loss_C3H6_11_16": 915.7411553335078,
    "loss_C2H_11_12": 580.6868951944947,
    "stick_ArStar_9_5": 398.5545113675075,
    "e_CH4Plus_C_2H2_cm3_6_13": 4.105595597949672e-08,
    "loss_C4H_11_15": 507.3317296275897,
    "loss_C4H2_11_11": 166.5728410941083,
    "ArStar_CH4_CH3_H_cm3_3_1": 6.335934900710955e-11,
    "loss_C3H3_11_13": 815.8851918312914,
    "loss_C3H_11_10": 968.0171955252708,
    "e_CH4Plus_CH3_H_cm3_6_4": 2.871465126106191e-07,
    "e_CH4_CH_H2_H_vib_cm3_1_3": 4.822788672062596e-11,
    "stick_CH_9_3": 1743.6009811294139,
    "stick_H_9_1": 204.61385304579625,
    "stick_C2_9_9": 4332.005214144413,
    "stick_C_9_10": 2550.304252030962,
    "loss_CH2_11_1": 4545.000792291075,
    "stick_CH3_9_2": 5215.8609280707715,
    "e_Ar_ArStar_cm3_1_7": 1.5464588173945374e-10,
    "e_C2H4_C2H2_H_H_cm3_1_17": 3.93913083688254e-11,
    "CH2_H_CH_H2_cm3_7_1": 1.4298005380736536e-11,
    "CH_CH4_C2H4_H_cm3_7_20": 6.871535080573314e-11,
    "C2H_H_C2_H2_cm3_7_47": 1.1665857880240206e-10,
    "e_CH4_CH3_H_cm3_1_1": 1.1182872180426128e-10,
    "e_C2H4_C2H2_H2_cm3_1_15": 1.1403627263793206e-10,
    "CH2_CH2_C2H2_H2_cm3_7_15": 1.0681102165146756e-10,
    "CH_H_C_H2_cm3_7_3": 9.439971737404943e-11,
    "C_H_CH_cm3_7_12": 9.863621760361223e-11,
    "C_CH_C2_H_cm3_7_4": 1.1106493163019994e-10,
    "C2H2_H_C2_H2_H_cm3_7_50": 9.754249734662156e-12,
    "CH3_CH3_C2H2_H2_H2_cm3_7_49": 9.727241394001447e-12,
    "CH3_C2H5_C2H2_CH3_H2_cm3_7_61": 9.399916081616406e-12,
    "C2H2_C_C2_CH2_cm3_7_19": 1.0291130601508286e-10,
    "C_CH3_C2_H2_H_cm3_7_8": 1.0005810090351853e-10,
    "e_C2H4_C2H2_H2_cm3_1_6": 3.001694276139071e-11,
    "CH_CH_C2_H2_cm3_5_4": 1.2683889998430015e-10,
    "CH_C_C2_H_cm3_7_9": 1.0843043860292264e-10,
    "CH_CH4_CH2_CH3_cm3_7_39": 1.1605280302761089e-11,
    "C2_H_CH_C_cm3_7_6": 9.836672909139087e-11,
    "e_C2H2_C2_H2_cm3_1_16": 1.0834461041492354e-10,
    "C2HPlus_e_C2_H_cm3_6_18": 2.8442649982623725e-07,
    "CH_CH3_C2H4_cm3_7_5": 9.124415704264532e-11,
    "CH2_C2H3_C2H2_CH3_cm3_7_53": 9.404889523015613e-11,
    "CH2_CH3_C2H2_H_H2_cm3_7_62": 9.589781562994714e-12,
    "e_CH4_CH2_H2_cm3_1_2": 4.9157542328710264e-11
  },
  "target_densities": {
    "H": 10586291915383.582,
    "CH": 2106179736.370344,
    "C2": 11673526995.773
  },
  "all_densities": {
    "e": 2147124999.3927011,
    "Ar": 1.0260006290377222e+16,
    "CH4": 1810589345360686.2,
    "ArPlus": 262574654.90802637,
    "CH4Plus": 694756785.7479912,
    "CH3Plus": 147078276.45765635,
    "CH5Plus": 1002261451.9303498,
    "ArHPlus": 177568527.7369633,
    "CH3Minus": 33683.297666938655,
    "H": 10586291915383.582,
    "C2": 11673526995.773,
    "CH": 2106179736.370344,
    "H2": 30618471410994.664,
    "ArStar": 1729961741.6247902,
    "C2H4": 148185755511.12595,
    "C2H6": 1305721108364.2173,
    "CH2": 299146318342.51715,
    "C2H2": 755033985919.9003,
    "C2H5": 99584696494.49585,
    "CH3": 10842984460764.504,
    "C": 9898995465.962677,
    "H3Plus": 8137.357158454077,
    "C2H3": 1196654975.8058732,
    "C3H2": 158990241.93895733,
    "CHPlus": 107.10804275144933,
    "C3H": 71689538.45669599,
    "C4H2": 10658.897927946698,
    "C2H": 98607479.75447813,
    "C3H3": 121999.54147669298,
    "C3H4": 20428159.228861272,
    "C3": 87704263.06655428,
    "C3H5": 20974326.9809298,
    "C4H": 19055.140256496346,
    "C3H6": 208514332.44107798,
    "CH2Plus": 74766.4580704896,
    "C2H5Plus": 451660423.3613182,
    "C2H4Plus": 8512.952847771277,
    "C2H3Plus": 5675.301898514185,
    "HMinus": 553461611.6804603,
    "C2HPlus": 29028.162116750438,
    "H2Plus": 443236.0843652145,
    "C2H2Star": 32102944.801017612
  }
}