{
  "pressure_mTorr": 500.0,
  "n_total": 1.2070595635737908e+16,
  "Te": 1.27850718817647,
  "Ne": 2597393357.6509795,
  "E_field": 356.47739067439045,
  "n_i_total": 742496959.9116907,
  "Ni_over_Ne": 0.28586234646537606,
  "charge_imbalance_pct": 71.4137653534624,
  "rate_values": {
    "loss_C2_11_3": 168.87771504917816,
    "e_CH4_CH3_HMinus_cm3_8_1": 9.060070549609984e-14,
    "loss_C2H2Star_11_25": 6744.923519386415,
    "e_CH4Plus_CH2_H2_cm3_6_9": 9.361559203663297e-07,
    "e_CH_CHPlus_2e_cm3_2_10": 2.9525528267381145e-12,
    "loss_C3H4_11_18": 884.3133614084268,
    "e_CH4Plus_CH_H2_H_cm3_6_11": 3.191346234398426e-07,
    "loss_C3_11_14": 341.051167276045,
    "loss_C3H3_11_13": 816.0728148532357,
    "loss_C3H_11_10": 771.039592735979,
    "loss_C2H_11_12": 957.5997482323335,
    "ArStar_CH4_CH3_H_cm3_3_1": 2.0483209303634308e-10,
    "e_CH4Plus_C_2H2_cm3_6_13": 3.655435905998567e-08,
    "loss_C4H2_11_11": 666.076035887128,
    "loss_CH_11_9": 7214.052916345154,
    "loss_C3H6_11_16": 522.8250929951598,
    "loss_C4H_11_15": 553.2624122645864,
    "stick_ArStar_9_5": 298.25540049309035,
    "e_CH4Plus_CH3_H_cm3_6_4": 7.371946014080767e-07,
    "e_CH4_CH_H2_H_vib_cm3_1_3": 2.1171680824182816e-11,
    "stick_C2_9_9": 5081.140066395312,
    "stick_C_9_10": 5766.632879639328,
    "stick_H_9_1": 385.617797649322,
    "stick_CH_9_3": 3751.8575155711183,
    "loss_CH2_11_1": 2268.3724181706903,
    "stick_CH3_9_2": 2583.5615096736537,
    "e_Ar_ArStar_cm3_1_7": 1.652394620368565e-10,
    "e_C2H4_C2H2_H2_cm3_1_15": 1.1900429225731097e-10,
    "CH_CH_C2_H2_cm3_5_4": 1.2175069078525705e-10,
    "C_CH3_C2_H2_H_cm3_7_8": 8.781983377197053e-11,
    "C2HPlus_e_C2_H_cm3_6_18": 2.3289474819340908e-07,
    "C_CH_C2_H_cm3_7_4": 1.1024229297939216e-10,
    "e_C2H4_C2H2_H2_cm3_1_6": 1.2662124689013408e-11,
    "e_CH4_CH2_H2_cm3_1_2": 4.537952301601609e-11,
    "CH2_CH3_C2H2_H_H2_cm3_7_62": 8.316967070826147e-12,
    "CH_CH4_C2H4_H_cm3_7_20": 6.46666302663244e-11,
    "C2H2_C_C2_CH2_cm3_7_19": 9.608615879342269e-11,
    "C2_H_CH_C_cm3_7_6": 1.1607421790212971e-10,
    "CH2_CH2_C2H2_H2_cm3_7_15": 1.1348615500250038e-10,
    "CH2_H_CH_H2_cm3_7_1": 2.002325855871245e-11,
    "CH_H_C_H2_cm3_7_3": 1.186968266525228e-10,
    "C2H_H_C2_H2_cm3_7_47": 1.1900810893665598e-10,
    "CH3_C2H5_C2H2_CH3_H2_cm3_7_61": 1.1092899166085662e-11,
    "CH2_C2H3_C2H2_CH3_cm3_7_53": 1.1830864785986208e-10,
    "e_CH4_CH3_H_cm3_1_1": 1.0008290967513182e-10,
    "C2H2_H_C2_H2_H_cm3_7_50": 1.1166471286775534e-11,
    "C_H_CH_cm3_7_12": 1.0033825721296042e-10,
    "CH_CH3_C2H4_cm3_7_5": 8.416906297636958e-11,
    "CH_C_C2_H_cm3_7_9": 9.002263065464137e-11,
    "CH3_CH3_C2H2_H2_H2_cm3_7_49": 9.957327421363035e-12,
    "e_C2H2_C2_H2_cm3_1_16": 6.840886346901851e-11,
    "CH_CH4_CH2_CH3_cm3_7_39": 8.413066400580192e-12,
    "e_C2H4_C2H2_H_H_cm3_1_17": 2.3382652118922978e-11
  },
  "target_densities": {
    "H": 10431493303716.084,
    "CH": 3467049692.560558,
    "C2": 31327562877.183163
  },
  "all_densities": {
    "e": 2597393357.6509795,
    "Ar": 1.0260006290377222e+16,
    "CH4": 1810589345360686.2,
    "ArPlus": 268215808.076365,
    "CH4Plus": 135590738.70186827,
    "CH3Plus": 102346981.74409437,
    "CH5Plus": 92420171.67648079,
    "ArHPlus": 94576538.59793495,
    "CH3Minus": 12139.13964895027,
    "H": 10431493303716.084,
    "C2": 31327562877.183163,
    "CH": 3467049692.560558,
    "H2": 31451401791169.574,
    "ArStar": 1976124069.5726008,
    "C2H4": 245437275667.1951,
    "C2H6": 2765994987268.5513,
    "CH2": 652139983350.6642,
    "C2H2": 1672863684824.4102,
    "C2H5": 307046391076.647,
    "CH3": 15786653946767.744,
    "C": 13879680978.713955,
    "H3Plus": 18607.702813836604,
    "C2H3": 2791959944.2692933,
    "C3H2": 579789136.641825,
    "CHPlus": 6.703078209036245,
    "C3H": 286926923.9012103,
    "C4H2": 51918.080737253105,
    "C2H": 391381329.716804,
    "C3H3": 468515.1363897045,
    "C3H4": 43856613.14708007,
    "C3": 378185823.46109104,
    "C3H5": 106454509.57841179,
    "C4H": 111473.39035473927,
    "C3H6": 958474151.1031921,
    "CH2Plus": 17022.615446788677,
    "C2H5Plus": 47292324.361835815,
    "C2H4Plus": 5852.203111078648,
    "C2H3Plus": 3901.4687407191,
    "HMinus": 245778990.96167833,
    "C2HPlus": 26290.927917898633,
    "H2Plus": 1982715.1320028983,
    "C2H2Star": 29406882.22655628
  }
}