{
  "pressure_mTorr": 500.0,
  "n_total": 1.2070595635737908e+16,
  "Te": 1.0698113575963484,
  "Ne": 2359147363.132925,
  "E_field": 179.57538075981932,
  "n_i_total": 1147530146.236457,
  "Ni_over_Ne": 0.48641732355055095,
  "charge_imbalance_pct": 51.35826764494491,
  "rate_values": {
    "loss_C2_11_3": 587.5468304713222,
    "e_CH4_CH3_HMinus_cm3_8_1": 1.871035502317008e-13,
    "loss_C2H2Star_11_25": 7358.764884907152,
    "e_CH4Plus_CH2_H2_cm3_6_9": 5.217928354374152e-07,
    "e_CH_CHPlus_2e_cm3_2_10": 5.1500419725817444e-12,
    "loss_C3H4_11_18": 223.88383024945665,
    "e_CH4Plus_CH_H2_H_cm3_6_11": 5.614725821260739e-07,
    "loss_C3_11_14": 886.5678275568966,
    "loss_CH_11_9": 6609.651992167937,
    "loss_C2H_11_12": 992.1612806049059,
    "ArStar_CH4_CH3_H_cm3_3_1": 2.39220130318068e-10,
    "loss_C4H2_11_11": 454.69232881001335,
    "loss_C3H3_11_13": 861.1437826504812,
    "stick_ArStar_9_5": 425.64198872614435,
    "loss_C3H6_11_16": 231.5618641386733,
    "loss_C3H_11_10": 442.5301885953282,
    "e_CH4Plus_C_2H2_cm3_6_13": 6.288735891328434e-08,
    "loss_C4H_11_15": 551.1786741636837,
    "e_CH4Plus_CH3_H_cm3_6_4": 2.4269571784189807e-07,
    "e_CH4_CH_H2_H_vib_cm3_1_3": 9.614745525501648e-11,
    "stick_C2_9_9": 3046.629400698674,
    "stick_CH_9_3": 1414.621918096745,
    "stick_H_9_1": 412.63965235531265,
    "stick_C_9_10": 4847.049168251449,
    "loss_CH2_11_1": 2425.404282090196,
    "stick_CH3_9_2": 4892.205502648671,
    "e_Ar_ArStar_cm3_1_7": 1.7062818589876406e-10,
    "e_C2H4_C2H2_H_H_cm3_1_17": 3.433591907402766e-11,
    "C_CH3_C2_H2_H_cm3_7_8": 1.1653247084149927e-10,
    "C2_H_CH_C_cm3_7_6": 9.683738059126999e-11,
    "CH3_CH3_C2H2_H2_H2_cm3_7_49": 1.0384117516259612e-11,
    "CH2_H_CH_H2_cm3_7_1": 1.653664815858042e-11,
    "C2H2_H_C2_H2_H_cm3_7_50": 8.123199234890889e-12,
    "CH3_C2H5_C2H2_CH3_H2_cm3_7_61": 9.706931147990299e-12,
    "e_CH4_CH3_H_cm3_1_1": 1.1509390129747807e-10,
    "C2HPlus_e_C2_H_cm3_6_18": 2.1598443463611743e-07,
    "CH_CH4_C2H4_H_cm3_7_20": 6.611469944019843e-11,
    "e_C2H4_C2H2_H2_cm3_1_15": 5.142588768609331e-11,
    "e_CH4_CH2_H2_cm3_1_2": 3.4567956005280837e-11,
    "C_CH_C2_H_cm3_7_4": 1.112689591689012e-10,
    "CH_CH4_CH2_CH3_cm3_7_39": 8.366073568132236e-12,
    "CH2_CH3_C2H2_H_H2_cm3_7_62": 1.0173142001097182e-11,
    "C2H2_C_C2_CH2_cm3_7_19": 8.224132693763838e-11,
    "CH_C_C2_H_cm3_7_9": 1.1684967839043648e-10,
    "e_C2H4_C2H2_H2_cm3_1_6": 3.287027203624319e-11,
    "CH_CH_C2_H2_cm3_5_4": 1.390734458746931e-10,
    "CH2_C2H3_C2H2_CH3_cm3_7_53": 1.0258919584684728e-10,
    "C_H_CH_cm3_7_12": 9.192566331491409e-11,
    "e_C2H2_C2_H2_cm3_1_16": 1.0096709961515928e-10,
    "CH_H_C_H2_cm3_7_3": 1.1871874711106398e-10,
    "C2H_H_C2_H2_cm3_7_47": 9.45350793900891e-11,
    "CH2_CH2_C2H2_H2_cm3_7_15": 1.129675775786635e-10,
    "CH_CH3_C2H4_cm3_7_5": 9.948350224867447e-11
  },
  "target_densities": {
    "H": 10465131635121.93,
    "CH": 4257811086.122979,
    "C2": 17022273064.68191
  },
  "all_densities": {
    "e": 2359147363.132925,
    "Ar": 1.0260006290377222e+16,
    "CH4": 1810589345360686.2,
    "ArPlus": 282971313.52302974,
    "CH4Plus": 239251367.17451537,
    "CH3Plus": 125739271.12974346,
    "CH5Plus": 245681654.49050844,
    "ArHPlus": 138295543.35095957,
    "CH3Minus": 12242.031577787267,
    "H": 10465131635121.93,
    "C2": 17022273064.68191,
    "CH": 4257811086.122979,
    "H2": 30530653142485.895,
    "ArStar": 1805112197.7659135,
    "C2H4": 288628240446.6319,
    "C2H6": 1403542218894.112,
    "CH2": 410231856252.82855,
    "C2H2": 894987104872.4358,
    "C2H5": 141124220866.39035,
    "CH3": 11244308475677.63,
    "C": 9583452395.503302,
    "H3Plus": 3826.225203248801,
    "C2H3": 2487437384.5685234,
    "C3H2": 380906418.94895905,
    "CHPlus": 25.85175489622617,
    "C3H": 225090674.84663343,
    "C4H2": 56220.91180605711,
    "C2H": 210891011.2814716,
    "C3H3": 501673.0058412156,
    "C3H4": 91718013.75331089,
    "C3": 185139980.6725424,
    "C3H5": 60088027.21253847,
    "C4H": 90042.57027023277,
    "C3H6": 728390810.9486881,
    "CH2Plus": 26115.355102998263,
    "C2H5Plus": 115231722.15942235,
    "C2H4Plus": 8486.893157968248,
    "C2H3Plus": 5657.928771978832,
    "HMinus": 302645430.5506482,
    "C2HPlus": 18373.50792626798,
    "H2Plus": 296788.6463609443,
    "C2H2Star": 13172472.542194711
  }
}