{
  "pressure_mTorr": 500.0,
  "n_total": 1.2070595635737908e+16,
  "Te": 1.002889546658626,
  "Ne": 2159874199.5793695,
  "E_field": 24.219352554209507,
  "n_i_total": 4610363080.17635,
  "Ni_over_Ne": 2.134551670219593,
  "charge_imbalance_pct": 113.4551670219593,
  "rate_values": {
    "loss_C2_11_3": 442.3382463254658,
    "e_CH4_CH3_HMinus_cm3_8_1": 6.505462201098535e-13,
    "loss_C2H2Star_11_25": 1083.1111593300557,
    "e_CH4Plus_CH2_H2_cm3_6_9": 2.9323094205858903e-06,
    "e_CH_CHPlus_2e_cm3_2_10": 1.2536458619435342e-11,
    "loss_C3H4_11_18": 1429.5103507604954,
    "e_CH4Plus_CH_H2_H_cm3_6_11": 6.901321115111595e-07,
    "loss_C4H_11_15": 410.6506928043896,
    "stick_ArStar_9_5": 168.73744369255,
    "loss_C3_11_14": 744.5966291356117,
    "loss_CH_11_9": 3836.5803988551725,
    "loss_C3H3_11_13": 490.92818914684597,
    "ArStar_CH4_CH3_H_cm3_3_1": 1.0899408430094672e-10,
    "loss_C3H6_11_16": 318.3772102248322,
    "loss_C2H_11_12": 585.570572559142,
    "e_CH4Plus_C_2H2_cm3_6_13": 8.021175193374994e-08,
    "loss_C3H_11_10": 669.6064588213471,
    "loss_C4H2_11_11": 795.9373149760818,
    "e_CH4Plus_CH3_H_cm3_6_4": 2.054498546256514e-07,
    "e_CH4_CH_H2_H_vib_cm3_1_3": 2.11956594163113e-11,
    "stick_CH_9_3": 1461.8555528807283,
    "stick_H_9_1": 116.02472305705328,
    "stick_C2_9_9": 5354.339385300873,
    "stick_C_9_10": 3306.1918937177106,
    "loss_CH2_11_1": 2677.5956238287877,
    "stick_CH3_9_2": 3900.589980877261,
    "e_Ar_ArStar_cm3_1_7": 1.3250794363739301e-10,
    "loss_C_11_8": 794.269218710554,
    "stick_H2_9_16": 372.3118381995678,
    "stick_C2H5_9_17": 1867.4361943036877,
    "stick_C3H4_9_22": 544.0820460848593,
    "stick_C2H2_9_11": 1199.6779934196597,
    "stick_C2H6_9_14": 740.376205376564,
    "stick_C3H_9_19": 652.6522202835633,
    "stick_C4H2_9_20": 851.0152418611879,
    "stick_C4H_9_24": 1065.4413947750043,
    "stick_C2H4_9_12": 1404.3042790562527,
    "stick_C3H3_9_21": 958.1905249761979,
    "stick_C3_9_23": 1767.4274163517616,
    "stick_C3H6_9_25": 843.0979122490544
  },
  "target_densities": {
    "H": 10636619475337.508,
    "CH": 1576230834.6028259,
    "C2": 12785385325.439924
  },
  "all_densities": {
    "e": 2159874199.5793695,
    "Ar": 1.0260006290377222e+16,
    "CH4": 1810589345360686.2,
    "ArPlus": 219409107.95705515,
    "CH4Plus": 1229733535.7812018,
    "CH3Plus": 131946410.05876547,
    "CH5Plus": 1972871340.8920066,
    "ArHPlus": 163080431.88303313,
    "CH3Minus": 85425.13311146549,
    "H": 10636619475337.508,
    "C2": 12785385325.439924,
    "CH": 1576230834.6028259,
    "H2": 34453482345636.332,
    "ArStar": 1429710380.1211865,
    "C2H4": 72626400833.53072,
    "C2H6": 1350966790306.23,
    "CH2": 462168855683.0394,
    "C2H2": 788564845031.4647,
    "C2H5": 191262028674.92722,
    "CH3": 12946506138654.771,
    "C": 11203350739.91462,
    "H3Plus": 15606.351121193753,
    "C2H3": 1055783138.0032028,
    "C3H2": 124276433.54758216,
    "CHPlus": 155.27953270481675,
    "C3H": 93991598.69441333,
    "C4H2": 8995.550930759902,
    "C2H": 85949273.75455002,
    "C3H3": 114839.31030326035,
    "C3H4": 6380424.338952603,
    "C3": 51084927.44295739,
    "C3H5": 30147310.70861102,
    "C4H": 13270.740235007996,
    "C3H6": 290252654.90132207,
    "CH2Plus": 228917.04778716475,
    "C2H5Plus": 892331806.3786315,
    "C2H4Plus": 7276.063638587972,
    "C2H3Plus": 4850.709092391981,
    "HMinus": 567678961.4931276,
    "C2HPlus": 51326.385390913405,
    "H2Plus": 682315.3890934534,
    "C2H2Star": 62454495.162111916
  }
}