{
  "pressure_mTorr": 500.0,
  "n_total": 1.2070595635737908e+16,
  "Te": 1.408240984825665,
  "Ne": 2238873628.698381,
  "E_field": 99.47125931310893,
  "n_i_total": 1219084044.313614,
  "Ni_over_Ne": 0.5445077509901064,
  "charge_imbalance_pct": 45.54922490098936,
  "rate_values": {
    "loss_C2_11_3": 471.7740150074019,
    "e_CH4_CH3_HMinus_cm3_8_1": 1.2698451255904073e-13,
    "loss_C2H2Star_11_25": 4335.044306849055,
    "e_CH4Plus_CH2_H2_cm3_6_9": 2.1165241120639863e-06,
    "e_CH_CHPlus_2e_cm3_2_10": 1.0195577261987504e-11,
    "loss_C3H4_11_18": 750.9607384695846,
    "e_CH4Plus_CH_H2_H_cm3_6_11": 7.351102191879122e-07,
    "loss_C3H_11_10": 326.4563496261912,
    "loss_C3_11_14": 645.7030684585483,
    "e_CH4Plus_C_2H2_cm3_6_13": 2.822181508793926e-08,
    "loss_C4H2_11_11": 993.930678345256,
    "loss_C3H6_11_16": 482.7309238840437,
    "stick_ArStar_9_5": 274.10697829335993,
    "loss_C3H3_11_13": 476.3514972131081,
    "loss_C2H_11_12": 320.94803303923413,
    "ArStar_CH4_CH3_H_cm3_3_1": 9.253373181073547e-11,
    "loss_CH_11_9": 9426.74218477977,
    "loss_C4H_11_15": 883.5308381157647,
    "e_CH4Plus_CH3_H_cm3_6_4": 5.020307593357018e-07,
    "e_CH4_CH_H2_H_vib_cm3_1_3": 2.5289954892305515e-11,
    "stick_CH_9_3": 3704.577576527903,
    "stick_H_9_1": 388.1401022328397,
    "stick_C2_9_9": 1782.3810630970827,
    "stick_C_9_10": 6165.658752070893,
    "loss_CH2_11_1": 4420.352450591954,
    "stick_CH3_9_2": 4822.927227410568,
    "e_Ar_ArStar_cm3_1_7": 4.380840241938892e-11,
    "stick_C4H_9_24": 1001.2086476772955,
    "stick_C2H4_9_12": 1111.1049704361023,
    "stick_C3H4_9_22": 1906.0640021394765,
    "stick_H2_9_16": 767.1302351634056,
    "stick_C2H6_9_14": 1327.9089620870639,
    "stick_C2H2_9_11": 1460.5857754165384,
    "stick_C3H_9_19": 1636.0219215300383,
    "stick_C3H3_9_21": 1064.4498845449139,
    "stick_C3_9_23": 522.8356412325902,
    "stick_C3H6_9_25": 1785.4076559645885,
    "stick_C2H5_9_17": 973.1592103381928,
    "loss_C_11_8": 1606.1896963399731,
    "stick_C4H2_9_20": 574.3980812059351
  },
  "target_densities": {
    "H": 14015237272059.865,
    "CH": 2952361775.4917927,
    "C2": 35414699203.51269
  },
  "all_densities": {
    "e": 2238873628.698381,
    "Ar": 1.0260006290377222e+16,
    "CH4": 1810589345360686.2,
    "ArPlus": 175792493.12721878,
    "CH4Plus": 293686991.6221543,
    "CH3Plus": 103344453.52924536,
    "CH5Plus": 347973752.8469362,
    "ArHPlus": 103897240.20968924,
    "CH3Minus": 38778.80899014962,
    "H": 14015237272059.865,
    "C2": 35414699203.51269,
    "CH": 2952361775.4917927,
    "H2": 38925668163570.56,
    "ArStar": 496527593.5991788,
    "C2H4": 143611443448.72464,
    "C2H6": 1152394414703.5872,
    "CH2": 463166889403.5771,
    "C2H2": 880901072593.427,
    "C2H5": 331275278651.7781,
    "CH3": 14517606370673.299,
    "C": 12121398461.234283,
    "H3Plus": 462704.67815473,
    "C2H3": 2232647472.2111425,
    "C3H2": 259997104.92002505,
    "CHPlus": 60.667268813396895,
    "C3H": 132503248.33696093,
    "C4H2": 24943.59190546815,
    "C2H": 289134951.7470768,
    "C3H3": 427802.2549268287,
    "C3H4": 17553176.02614524,
    "C3": 240458672.001993,
    "C3H5": 97804446.9856902,
    "C4H": 40727.40663049346,
    "C3H6": 281246471.56607866,
    "CH2Plus": 43749.1352313514,
    "C2H5Plus": 170930869.45022896,
    "C2H4Plus": 10574.325778969363,
    "C2H3Plus": 7049.550519312908,
    "HMinus": 154218173.27199763,
    "C2HPlus": 42609.726918070366,
    "H2Plus": 22891495.444269933,
    "C2H2Star": 6053802.344064204
  }
}