{
  "pressure_mTorr": 500.0,
  "n_total": 1.2070595635737908e+16,
  "Te": 0.836214706191138,
  "Ne": 1639338048.0249157,
  "E_field": 159.39009181544782,
  "n_i_total": 563572553.586868,
  "Ni_over_Ne": 0.3437805608586122,
  "charge_imbalance_pct": 65.62194391413878,
  "rate_values": {
    "loss_C2_11_3": 911.7155723853142,
    "e_CH4_CH3_HMinus_cm3_8_1": 6.709382970047893e-13,
    "loss_C2H2Star_11_25": 3665.373220671537,
    "e_CH4Plus_CH2_H2_cm3_6_9": 1.5645215435864608e-06,
    "loss_C3H4_11_18": 1467.6626916302812,
    "e_CH4Plus_CH_H2_H_cm3_6_11": 1.7862912230558762e-07,
    "stick_ArStar_9_5": 292.7538058381791,
    "stick_H_9_1": 3420.3360495307984,
    "e_CH4Plus_C_2H2_cm3_6_13": 1.284104021277446e-08,
    "loss_C3_11_14": 109.1834925017705,
    "loss_C4H2_11_11": 707.0506100246682,
    "loss_C2H_11_12": 804.184362616536,
    "loss_C3H_11_10": 765.3764106588683,
    "loss_C3H3_11_13": 972.7423115847001,
    "loss_C3H6_11_16": 495.0052109132877,
    "loss_C4H_11_15": 105.72937295530954,
    "loss_CH_11_9": 6971.300601531096,
    "ArStar_CH4_CH3_H_cm3_3_1": 4.2234882404788175e-10,
    "e_CH4Plus_CH3_H_cm3_6_4": 6.74154088871297e-07,
    "e_CH4_CH_H2_H_vib_cm3_1_3": 5.103272868577619e-11,
    "stick_C_9_10": 4697.113300315486,
    "stick_CH_9_3": 4410.22165548845,
    "stick_C2_9_9": 5836.277980309795,
    "loss_CH2_11_1": 4664.361256581706,
    "stick_CH3_9_2": 3464.780742169506,
    "e_Ar_ArStar_cm3_1_7": 1.501953794862983e-10,
    "stick_C4H2_9_20": 923.9870266624939,
    "stick_C3_9_23": 1014.5064608564392,
    "stick_H2_9_16": 948.5811152091873,
    "stick_C2H2_9_11": 1681.762042906073,
    "stick_C2H6_9_14": 1432.2158281653278,
    "loss_C_11_8": 1840.1039192647079,
    "stick_C3H_9_19": 912.0406842765295,
    "stick_C2H4_9_12": 1097.2064803604082,
    "stick_C3H6_9_25": 1856.015775440869,
    "stick_C3H4_9_22": 759.8065637939903,
    "stick_C2H5_9_17": 1867.807406727021,
    "stick_C3H3_9_21": 1273.786811188538,
    "stick_C4H_9_24": 863.5222597590541,
    "e_CH4_CH4Plus_cm3_2_2": 1.7975740518566947e-11
  },
  "target_densities": {
    "H": 22224522176104.793,
    "CH": 10959739465.812397,
    "C2": 123054034929.35228
  },
  "all_densities": {
    "e": 1639338048.0249157,
    "Ar": 1.0260006290377222e+16,
    "CH4": 1810589345360686.2,
    "ArPlus": 123960647.07226713,
    "CH4Plus": 127674445.35964142,
    "CH3Plus": 57516087.05812646,
    "CH5Plus": 129561207.70301192,
    "ArHPlus": 65336317.888039164,
    "CH3Minus": 20935.137807897812,
    "H": 22224522176104.793,
    "C2": 123054034929.35228,
    "CH": 10959739465.812397,
    "H2": 92621682989878.62,
    "ArStar": 952900071.473864,
    "C2H4": 245166110328.12643,
    "C2H6": 5973967338349.666,
    "CH2": 1702763876396.8677,
    "C2H2": 4637959531728.603,
    "C2H5": 1695111901352.5037,
    "CH3": 33989133753655.97,
    "C": 57218627079.40774,
    "H3Plus": 421.4086999732902,
    "C2H3": 50258736866.722595,
    "C3H2": 5077517984.648204,
    "CHPlus": 5.7533875907949685,
    "C3H": 3028324834.8244357,
    "C4H2": 2034879.5429967782,
    "C2H": 1684243241.6523085,
    "C3H3": 24518830.24156547,
    "C3H4": 132691050.94715221,
    "C3": 4763601230.645554,
    "C3H5": 1857798480.4221327,
    "C4H": 5741365.024981142,
    "C3H6": 5200763141.009427,
    "CH2Plus": 55863.07662708593,
    "C2H5Plus": 59418380.80159973,
    "C2H4Plus": 2750.1222059517654,
    "C2H3Plus": 1833.4148039678435,
    "HMinus": 560150619.7813699,
    "C2HPlus": 34239.38941083522,
    "H2Plus": 10354.539046745336,
    "C2H2Star": 72344806.97931279
  }
}