{
  "pressure_mTorr": 500.0,
  "n_total": 1.2070595635737908e+16,
  "Te": 1.163571599970152,
  "Ne": 2122845282.376215,
  "E_field": 320.8114429496643,
  "n_i_total": 382862776.0204678,
  "Ni_over_Ne": 0.18035359392367442,
  "charge_imbalance_pct": 81.96464060763256,
  "rate_values": {
    "loss_C2_11_3": 1472.8737694892102,
    "e_CH4_CH3_HMinus_cm3_8_1": 9.548903671180106e-13,
    "loss_C2H2Star_11_25": 8957.668799572533,
    "e_CH4Plus_CH2_H2_cm3_6_9": 1.704742587015097e-06,
    "e_CH_CHPlus_2e_cm3_2_10": 1.0985857788808504e-12,
    "loss_C3H4_11_18": 115.35011249848935,
    "e_CH4Plus_CH_H2_H_cm3_6_11": 1.214729443934119e-07,
    "loss_C3H_11_10": 245.10784857654414,
    "stick_ArStar_9_5": 579.9922627212457,
    "loss_C3_11_14": 362.23364268774253,
    "ArStar_CH4_CH3_H_cm3_3_1": 1.9361374457975322e-10,
    "loss_C4H_11_15": 824.7991813713935,
    "loss_C3H3_11_13": 567.0702735066495,
    "loss_C3H6_11_16": 464.27584496973367,
    "loss_C4H2_11_11": 138.28218600051537,
    "e_CH4Plus_C_2H2_cm3_6_13": 5.7873859632075636e-08,
    "loss_C2H_11_12": 289.26357029969097,
    "loss_CH_11_9": 4824.9562674998715,
    "e_CH4Plus_CH3_H_cm3_6_4": 7.148384012350169e-07,
    "e_CH4_CH_H2_H_vib_cm3_1_3": 6.20516235987718e-11,
    "stick_C_9_10": 5199.574598136338,
    "stick_C2_9_9": 5946.7187002105875,
    "stick_H_9_1": 289.6487958979359,
    "stick_CH_9_3": 5456.477166838675,
    "loss_CH2_11_1": 5920.361917911338,
    "stick_CH3_9_2": 5494.12819510438,
    "e_Ar_ArStar_cm3_1_7": 4.325207268261074e-11,
    "stick_C3H3_9_21": 1877.7203859258216,
    "stick_H2_9_16": 498.0439473545717,
    "stick_C4H_9_24": 1204.544154639799,
    "stick_C2H6_9_14": 893.8491436372691,
    "stick_C3H6_9_25": 1846.1975714166206,
    "stick_C2H2_9_11": 1596.5126753023355,
    "stick_C2H5_9_17": 1015.0137143806483,
    "stick_C2H4_9_12": 840.2230027426833,
    "stick_C3H4_9_22": 1375.4895579913082,
    "stick_C3_9_23": 1950.2343706859738,
    "stick_C4H2_9_20": 1206.316443618344,
    "stick_C3H_9_19": 1566.6186723605333,
    "loss_C_11_8": 1019.1656533364985
  },
  "target_densities": {
    "H": 42050545114022.08,
    "CH": 12241825408.932009,
    "C2": 168560514485.57867
  },
  "all_densities": {
    "e": 2122845282.376215,
    "Ar": 1.0260006290377222e+16,
    "CH4": 1810589345360686.2,
    "ArPlus": 123851022.4168156,
    "CH4Plus": 73908427.56397492,
    "CH3Plus": 54244409.9073196,
    "CH5Plus": 53317200.791580975,
    "ArHPlus": 47269902.918706715,
    "CH3Minus": 20556.577045126676,
    "H": 42050545114022.08,
    "C2": 168560514485.57867,
    "CH": 12241825408.932009,
    "H2": 135402161284465.64,
    "ArStar": 418331893.24109656,
    "C2H4": 739896340665.4768,
    "C2H6": 7976643062721.652,
    "CH2": 1551187012107.9673,
    "C2H2": 4400873881574.582,
    "C2H5": 2213531565709.928,
    "CH3": 33368438135926.777,
    "C": 107480769905.25044,
    "H3Plus": 90149.84861911481,
    "C2H3": 19625898181.542233,
    "C3H2": 5380885784.065104,
    "CHPlus": 7.996521456204152,
    "C3H": 2971659935.463855,
    "C4H2": 2705531.6957283043,
    "C2H": 1267770479.8707016,
    "C3H3": 9827296.177893978,
    "C3H4": 668311301.521412,
    "C3": 2508216595.7698703,
    "C3H5": 2709766696.458085,
    "C4H": 3245969.4298651647,
    "C3H6": 7839891421.587396,
    "CH2Plus": 23845.789674043408,
    "C2H5Plus": 27946865.896219835,
    "C2H4Plus": 16021.911386103133,
    "C2H3Plus": 10681.274257402089,
    "HMinus": 866917749.5452647,
    "C2HPlus": 62802.58462149625,
    "H2Plus": 2121437.1207705205,
    "C2H2Star": 12331506.850636698
  }
}