{
  "pressure_mTorr": 500.0,
  "n_total": 1.2070595635737908e+16,
  "Te": 1.0296079104175753,
  "Ne": 2251799526.226539,
  "E_field": 221.15165654968257,
  "n_i_total": 771054498.7836145,
  "Ni_over_Ne": 0.3424170268281883,
  "charge_imbalance_pct": 65.75829731718117,
  "rate_values": {
    "loss_C2_11_3": 953.982114456065,
    "e_CH4_CH3_HMinus_cm3_8_1": 9.633471667219146e-13,
    "loss_C2H2Star_11_25": 2687.713104906202,
    "e_CH4Plus_CH2_H2_cm3_6_9": 1.0223784218733555e-06,
    "e_CH_CHPlus_2e_cm3_2_10": 2.3205112927132606e-11,
    "loss_C3H4_11_18": 667.9777883192801,
    "e_CH4Plus_CH_H2_H_cm3_6_11": 3.2297123778127474e-07,
    "loss_C3H_11_10": 752.1898832392483,
    "stick_ArStar_9_5": 441.86806057696225,
    "loss_C3_11_14": 761.5584789898278,
    "ArStar_CH4_CH3_H_cm3_3_1": 1.5502224330750453e-10,
    "loss_C4H_11_15": 214.6929829194205,
    "loss_C3H3_11_13": 313.51830978891115,
    "loss_C3H6_11_16": 126.02477744278809,
    "loss_C4H2_11_11": 513.7299700582473,
    "e_CH4Plus_C_2H2_cm3_6_13": 9.223213229642834e-08,
    "loss_C2H_11_12": 761.4715017660612,
    "loss_CH_11_9": 6059.25817300414,
    "e_CH4Plus_CH3_H_cm3_6_4": 8.062252642443897e-07,
    "e_CH4_CH_H2_H_vib_cm3_1_3": 7.441010255150044e-11,
    "stick_C_9_10": 4291.325486647285,
    "stick_C2_9_9": 4561.912593347499,
    "stick_H_9_1": 300.7195479036028,
    "stick_CH_9_3": 3334.7482258293808,
    "loss_CH2_11_1": 2682.2818888880934,
    "stick_CH3_9_2": 5813.80094137485,
    "e_Ar_ArStar_cm3_1_7": 1.5967754150873974e-10,
    "stick_C3H3_9_21": 1153.5385443865916,
    "stick_H2_9_16": 263.7332057005499,
    "stick_C4H_9_24": 1226.0934647212373,
    "stick_C2H6_9_14": 702.562508753813,
    "stick_C3H6_9_25": 1371.9583036365211,
    "stick_C2H2_9_11": 1439.092474022391,
    "stick_C2H5_9_17": 864.3052239698864,
    "stick_C2H4_9_12": 1564.611804080692,
    "stick_C3H4_9_22": 807.9440492414544,
    "stick_C3_9_23": 1340.0520232203085,
    "stick_C4H2_9_20": 1407.476658144894,
    "stick_C3H_9_19": 1719.9633680946536,
    "loss_C_11_8": 711.0953011856178
  },
  "target_densities": {
    "H": 42069068071543.84,
    "CH": 14935054410.062874,
    "C2": 217831082437.44583
  },
  "all_densities": {
    "e": 2251799526.226539,
    "Ar": 1.0260006290377222e+16,
    "CH4": 1810589345360686.2,
    "ArPlus": 214746694.12154433,
    "CH4Plus": 149935048.7434887,
    "CH3Plus": 90056682.3519943,
    "CH5Plus": 146488383.51032528,
    "ArHPlus": 101962828.72700568,
    "CH3Minus": 25782.68199580982,
    "H": 42069068071543.84,
    "C2": 217831082437.44583,
    "CH": 14935054410.062874,
    "H2": 149244348953280.62,
    "ArStar": 1687959801.7525501,
    "C2H4": 719353087369.3356,
    "C2H6": 8691741791716.8545,
    "CH2": 1968921023043.1577,
    "C2H2": 4661895457365.785,
    "C2H5": 2970543332321.0967,
    "CH3": 32360406360964.844,
    "C": 150837659740.9502,
    "H3Plus": 32747.082523260142,
    "C2H3": 22574478092.847008,
    "C3H2": 6952183107.6801,
    "CHPlus": 316.8498790691375,
    "C3H": 2814697050.7850323,
    "C4H2": 2188086.017620852,
    "C2H": 1428361108.604376,
    "C3H3": 22981458.260179278,
    "C3H4": 800715522.268448,
    "C3": 3622569470.7240705,
    "C3H5": 4436522629.5665045,
    "C4H": 7206566.465970713,
    "C3H6": 17188817643.82617,
    "CH2Plus": 72894.78406602505,
    "C2H5Plus": 67113970.50668873,
    "C2H4Plus": 10963.658300095316,
    "C2H3Plus": 7309.105533396876,
    "HMinus": 1329090969.4234254,
    "C2HPlus": 48022.489373172175,
    "H2Plus": 578636.8528924946,
    "C2H2Star": 175668127.32300657
  }
}