{
  "pressure_mTorr": 500.0,
  "n_total": 1.2070595635737908e+16,
  "Te": 6.801655584470928,
  "Ne": 2746776781.5534062,
  "E_field": 194.46974875644491,
  "n_i_total": 117053583979.8879,
  "Ni_over_Ne": 42.61488766250953,
  "charge_imbalance_pct": 4161.488766250953,
  "rate_values": {
    "loss_C2_11_3": 131.52674077842698,
    "e_CH4_CH3_HMinus_cm3_8_1": 5.365679127504031e-13,
    "loss_C2H2Star_11_25": 538.8595189299785,
    "e_CH4Plus_CH2_H2_cm3_6_9": 1.3031407862550774e-06,
    "loss_C3H4_11_18": 1063.3951185137312,
    "e_CH4Plus_CH_H2_H_cm3_6_11": 9.129451031212199e-07,
    "ArStar_CH4_CH3_H_cm3_3_1": 3.3229349333347783e-10,
    "stick_ArStar_9_5": 114.7162033179377,
    "loss_C3H6_11_16": 599.7182268345418,
    "loss_C3H_11_10": 211.36115260520444,
    "loss_CH_11_9": 3440.679073556761,
    "loss_C4H_11_15": 148.19502359363372,
    "e_CH4Plus_C_2H2_cm3_6_13": 7.779358284468853e-08,
    "loss_C2H_11_12": 754.034540400763,
    "loss_C3H3_11_13": 482.3061689304003,
    "loss_C3_11_14": 471.068833101579,
    "loss_C4H2_11_11": 812.745846895084,
    "stick_H_9_1": 1695.6935368507586,
    "e_CH4Plus_CH3_H_cm3_6_4": 1.5398113831965118e-07,
    "e_CH4_CH_H2_H_vib_cm3_1_3": 8.673035375859063e-11,
    "stick_C2_9_9": 1564.2527860819941,
    "stick_CH_9_3": 2711.4718641630297,
    "stick_C_9_10": 5409.328434093563,
    "loss_CH2_11_1": 1250.7106245065488,
    "stick_CH3_9_2": 1637.1281329495603,
    "e_Ar_ArStar_cm3_1_7": 6.691712467242101e-11,
    "stick_C3H4_9_22": 1797.7585147064447,
    "stick_H2_9_16": 929.7268398541937,
    "stick_C2H2_9_11": 594.9529201384355,
    "stick_C3H_9_19": 986.7916186643924,
    "stick_C3H6_9_25": 1872.4488686240888,
    "stick_C2H4_9_12": 1098.6427709917693,
    "stick_C4H2_9_20": 864.6611601826629,
    "stick_C3H3_9_21": 972.7369398579596,
    "stick_C3_9_23": 1492.3923459623961,
    "stick_C2H5_9_17": 1397.83144049551,
    "stick_C2H6_9_14": 1121.3122410784201,
    "stick_C4H_9_24": 759.0287044134103,
    "loss_C_11_8": 1542.4287866295722,
    "e_CH4_CH3Plus_H_cm3_2_1": 1.712349575633756e-11
  },
  "target_densities": {
    "H": 36024202649336.36,
    "CH": 73191839573.15567,
    "C2": 1149723709318.9966
  },
  "all_densities": {
    "e": 2746776781.5534062,
    "Ar": 1.0260006290377222e+16,
    "CH4": 1810589345360686.2,
    "ArPlus": 205965356.66758272,
    "CH4Plus": 185725514.9840445,
    "CH3Plus": 85316365.64835912,
    "CH5Plus": 1529356955.8561382,
    "ArHPlus": 97176272.76375464,
    "CH3Minus": 109528.88062082422,
    "H": 36024202649336.36,
    "C2": 1149723709318.9966,
    "CH": 73191839573.15567,
    "H2": 22519228570895.59,
    "ArStar": 761299383.6570971,
    "C2H4": 1439584504898.731,
    "C2H6": 11062393100153.11,
    "CH2": 3254715990519.634,
    "C2H2": 12716672481490.434,
    "C2H5": 4939531823975.43,
    "CH3": 43155247729455.734,
    "C": 342199899151.0727,
    "H3Plus": 1046942645.5324541,
    "C2H3": 161867894005.92834,
    "C3H2": 92399377177.85503,
    "CHPlus": 10578283.67979984,
    "C3H": 77210975181.45164,
    "C4H2": 336901734.935091,
    "C2H": 213637202098.76736,
    "C3H3": 814230785.2302754,
    "C3H4": 4050898232.177678,
    "C3": 55975511533.4348,
    "C3H5": 36153342082.690674,
    "C4H": 745447917.8931437,
    "C3H6": 71825517632.75804,
    "CH2Plus": 129818.26547194694,
    "C2H5Plus": 73333754.9112969,
    "C2H4Plus": 66530.31243149207,
    "C2H3Plus": 44353.541620994714,
    "HMinus": 715724466.3228472,
    "C2HPlus": 386981.4277113639,
    "H2Plus": 113818561146.29723,
    "C2H2Star": 1077964988.8956509
  }
}