{
  "pressure_mTorr": 500.0,
  "n_total": 1.2070595635737908e+16,
  "Te": 0.8758045807820429,
  "Ne": 1850534774.6761048,
  "E_field": 269.3202851090504,
  "n_i_total": 290719810.8577579,
  "Ni_over_Ne": 0.15710043109492067,
  "charge_imbalance_pct": 84.28995689050794,
  "rate_values": {
    "loss_C2_11_3": 1726.0943013883707,
    "e_CH4_CH3_HMinus_cm3_8_1": 6.614778817917828e-13,
    "loss_C2H2Star_11_25": 2175.863437927582,
    "e_CH4Plus_CH2_H2_cm3_6_9": 2.0644547184471514e-06,
    "loss_C3H4_11_18": 652.2962985402546,
    "e_CH4Plus_CH_H2_H_cm3_6_11": 5.245498464115518e-07,
    "loss_C3H6_11_16": 623.226139196568,
    "loss_C4H2_11_11": 957.1483503701018,
    "stick_H_9_1": 3700.993392775816,
    "loss_C4H_11_15": 242.59967295981977,
    "loss_C2H_11_12": 101.2633281745417,
    "loss_CH_11_9": 8953.72617554705,
    "loss_C3H3_11_13": 533.4860505723492,
    "loss_C3H_11_10": 968.6493767995289,
    "ArStar_CH4_CH3_H_cm3_3_1": 5.492761953404012e-11,
    "e_CH4Plus_C_2H2_cm3_6_13": 7.936326237062486e-08,
    "stick_ArStar_9_5": 281.97911697420017,
    "loss_C3_11_14": 796.2224712450798,
    "e_CH4Plus_CH3_H_cm3_6_4": 8.765516316945605e-07,
    "e_CH4_CH_H2_H_vib_cm3_1_3": 2.950485571891881e-11,
    "stick_CH_9_3": 5307.198576678138,
    "stick_C_9_10": 5150.701211946461,
    "stick_C2_9_9": 5538.322535571075,
    "loss_CH2_11_1": 4830.503143802866,
    "stick_CH3_9_2": 5427.580072808787,
    "e_Ar_ArStar_cm3_1_7": 6.676906642276496e-11,
    "loss_C_11_8": 961.3705936237875,
    "stick_C2H4_9_12": 1497.2615161269987,
    "stick_C4H2_9_20": 1552.684668309883,
    "stick_C3H3_9_21": 1220.411677917312,
    "stick_C3H4_9_22": 990.9256928925595,
    "stick_C3H6_9_25": 1996.466731075834,
    "stick_C2H5_9_17": 1455.7097560484472,
    "stick_C4H_9_24": 1643.7563271868532,
    "stick_C2H6_9_14": 570.2123718523005,
    "stick_C3_9_23": 1511.3849418747295,
    "stick_H2_9_16": 675.4637880819147,
    "stick_C2H2_9_11": 1414.6049359096246,
    "stick_C3H_9_19": 1838.2641537976451,
    "e_CH4_CH3Plus_H_cm3_2_1": 3.259541718414426e-11
  },
  "target_densities": {
    "H": 21793669003984.14,
    "CH": 7906151465.740845,
    "C2": 80267816080.70636
  },
  "all_densities": {
    "e": 1850534774.6761048,
    "Ar": 1.0260006290377222e+16,
    "CH4": 1810589345360686.2,
    "ArPlus": 83122877.09365816,
    "CH4Plus": 50214669.39155542,
    "CH3Plus": 45013607.61143968,
    "CH5Plus": 49754337.28625703,
    "ArHPlus": 35021745.594818965,
    "CH3Minus": 11484.707654207863,
    "H": 21793669003984.14,
    "C2": 80267816080.70636,
    "CH": 7906151465.740845,
    "H2": 96464908505988.73,
    "ArStar": 639200192.3773717,
    "C2H4": 136635729099.10754,
    "C2H6": 7039409899893.648,
    "CH2": 1247421272704.8054,
    "C2H2": 3288962490794.3145,
    "C2H5": 1219332966094.1887,
    "CH3": 27462842300012.098,
    "C": 44348187183.375336,
    "H3Plus": 588.7777516481102,
    "C2H3": 28926111450.504993,
    "C3H2": 2598249346.448135,
    "CHPlus": -299.7447389485899,
    "C3H": 926131610.2972822,
    "C4H2": 291738.00542602525,
    "C2H": 1148200717.3593361,
    "C3H3": 13039199.192049196,
    "C3H4": 72314577.88866934,
    "C3": 1181841178.2620132,
    "C3H5": 964023111.7111702,
    "C4H": 1088986.0067338226,
    "C3H6": 3497795350.0361495,
    "CH2Plus": 18955.284711616943,
    "C2H5Plus": 27537456.026334733,
    "C2H4Plus": 1024.061944490263,
    "C2H3Plus": 682.7079629935087,
    "HMinus": 550879584.4045613,
    "C2HPlus": 16241.151170772462,
    "H2Plus": 17625.870152436473,
    "C2H2Star": 57971619.547227904
  }
}