{
  "pressure_mTorr": 500.0,
  "n_total": 1.2070595635737908e+16,
  "Te": 1.4801655584470927,
  "Ne": 2823751290.980729,
  "E_field": 194.46974875644491,
  "n_i_total": 1509692133.0397704,
  "Ni_over_Ne": 0.5346406172037315,
  "charge_imbalance_pct": 46.53593827962686,
  "rate_values": {
    "loss_C2_11_3": 131.52674077842698,
    "e_CH4_CH3_HMinus_cm3_8_1": 5.365679127504031e-13,
    "loss_C2H2Star_11_25": 538.8595189299785,
    "e_CH4Plus_CH2_H2_cm3_6_9": 1.3031407862550774e-06,
    "e_CH_CHPlus_2e_cm3_2_10": 1.751534488880682e-11,
    "loss_C3H4_11_18": 1134.657403972462,
    "e_CH4Plus_CH_H2_H_cm3_6_11": 7.900507614818346e-07,
    "loss_C3H_11_10": 160.66695142568307,
    "stick_ArStar_9_5": 428.19881395986283,
    "loss_C3_11_14": 211.36115260520444,
    "ArStar_CH4_CH3_H_cm3_3_1": 1.720339536778381e-10,
    "loss_C4H_11_15": 148.19502359363372,
    "loss_C3H3_11_13": 777.9358284468854,
    "loss_C3H6_11_16": 754.034540400763,
    "loss_C4H2_11_11": 482.3061689304003,
    "e_CH4Plus_C_2H2_cm3_6_13": 4.7106883310157894e-08,
    "loss_C2H_11_12": 812.745846895084,
    "loss_CH_11_9": 4359.109349230742,
    "e_CH4Plus_CH3_H_cm3_6_4": 1.5398113831965118e-07,
    "e_CH4_CH_H2_H_vib_cm3_1_3": 8.673035375859063e-11,
    "stick_C_9_10": 1564.2527860819941,
    "stick_C2_9_9": 2711.4718641630297,
    "stick_H_9_1": 432.74627472748506,
    "stick_CH_9_3": 1292.1435036299677,
    "loss_CH2_11_1": 1666.9975935381765,
    "stick_CH3_9_2": 2088.265114189893,
    "e_Ar_ArStar_cm3_1_7": 1.6112412803926816e-10,
    "stick_C3H3_9_21": 1859.4536797083874,
    "stick_H2_9_16": 297.47646006921775,
    "stick_C4H_9_24": 986.7916186643924,
    "stick_C2H6_9_14": 1497.959094899271,
    "stick_C3H6_9_25": 1098.6427709917693,
    "stick_C2H2_9_11": 864.6611601826629,
    "stick_C2H5_9_17": 972.7369398579596,
    "stick_C2H4_9_12": 1492.3923459623961,
    "stick_C3H4_9_22": 1397.83144049551,
    "stick_C3_9_23": 1401.640301348025,
    "stick_C4H2_9_20": 759.0287044134103,
    "stick_C3H_9_19": 1542.4287866295722,
    "loss_C_11_8": 876.240973045998
  },
  "target_densities": {
    "H": 41481047458549.58,
    "CH": 37694209450.615944,
    "C2": 859768719031.7109
  },
  "all_densities": {
    "e": 2823751290.980729,
    "Ar": 1.0260006290377222e+16,
    "CH4": 1810589345360686.2,
    "ArPlus": 344465167.31899583,
    "CH4Plus": 289884941.4936136,
    "CH3Plus": 162716296.1727914,
    "CH5Plus": 297713158.69821864,
    "ArHPlus": 171165808.2720279,
    "CH3Minus": 82638.23134800878,
    "H": 41481047458549.58,
    "C2": 859768719031.7109,
    "CH": 37694209450.615944,
    "H2": 158635405730620.4,
    "ArStar": 2095801477.6107762,
    "C2H4": 1911672727278.7122,
    "C2H6": 10176722967259.467,
    "CH2": 3304554431940.6587,
    "C2H2": 12483678605288.238,
    "C2H5": 6046488087154.558,
    "CH3": 45160750389827.55,
    "C": 411294378065.1473,
    "H3Plus": 6271399.849248798,
    "C2H3": 72936887667.80959,
    "C3H2": 46879530920.44463,
    "CHPlus": 860.5098773472282,
    "C3H": 27568809028.682087,
    "C4H2": 83715078.35205676,
    "C2H": 10643892167.563877,
    "C3H3": 104243165.90041605,
    "C3H4": 3129920653.926257,
    "C3": 33191476616.360832,
    "C3H5": 22791758839.785828,
    "C4H": 155692304.35578477,
    "C3H6": 51521101709.917984,
    "CH2Plus": 251382.08128163213,
    "C2H5Plus": 138167316.82338795,
    "C2H4Plus": 90822.879936184,
    "C2H3Plus": 60548.58662412268,
    "HMinus": 1203690246.9654562,
    "C2HPlus": 390494.61847971886,
    "H2Plus": 98513935.73528704,
    "C2H2Star": 2913187331.5257387
  }
}