{
  "pressure_mTorr": 500.0,
  "n_total": 1.2070595635737908e+16,
  "Te": 0.3859948957131536,
  "Ne": 1613506115.5115652,
  "E_field": 283.92402415131534,
  "n_i_total": 175690137.58191565,
  "Ni_over_Ne": 0.10888718418412238,
  "charge_imbalance_pct": 89.11128158158776,
  "rate_values": {
    "loss_C2_11_3": 1291.0071326068655,
    "e_CH4_CH3_HMinus_cm3_8_1": 4.586647029365705e-13,
    "loss_C2H2Star_11_25": 2245.52807087237,
    "e_CH4Plus_CH2_H2_cm3_6_9": 1.3274949593393782e-06,
    "loss_C3H4_11_18": 343.6662171210294,
    "e_CH4Plus_CH_H2_H_cm3_6_11": 7.212555018707969e-07,
    "stick_ArStar_9_5": 530.5984260759126,
    "loss_C3H_11_10": 478.31787027284224,
    "e_CH4Plus_C_2H2_cm3_6_13": 9.69450673258306e-08,
    "stick_H_9_1": 2627.2013936693147,
    "loss_C2H_11_12": 357.64624670996534,
    "loss_C4H2_11_11": 659.559670171598,
    "ArStar_CH4_CH3_H_cm3_3_1": 3.7865361881331044e-10,
    "loss_C3H3_11_13": 559.1254089333179,
    "loss_C3H6_11_16": 208.60626629661851,
    "loss_C3_11_14": 989.2910563439652,
    "loss_C4H_11_15": 255.94374669477224,
    "loss_CH_11_9": 8690.187471660603,
    "e_CH4Plus_CH3_H_cm3_6_4": 7.245417448126919e-07,
    "e_CH4_CH_H2_H_vib_cm3_1_3": 4.354193966059543e-11,
    "stick_C_9_10": 2586.497920380023,
    "stick_C2_9_9": 4838.438747962842,
    "stick_CH_9_3": 4853.2521760288355,
    "loss_CH2_11_1": 5346.018395575824,
    "stick_CH3_9_2": 5506.329341010725,
    "e_Ar_ArStar_cm3_1_7": 5.698317526063331e-11,
    "stick_C3H_9_19": 1966.1235458459792,
    "stick_C2H4_9_12": 1823.1518043240103,
    "stick_C2H6_9_14": 1035.0050815297598,
    "stick_C4H2_9_20": 1039.0659060953576,
    "stick_H2_9_16": 505.01395189826707,
    "stick_C3H3_9_21": 741.6896033237591,
    "stick_C3H4_9_22": 851.0619659869924,
    "stick_C3H6_9_25": 1828.7674738724234,
    "stick_C2H2_9_11": 1589.9332983533889,
    "stick_C4H_9_24": 1353.8336890547096,
    "stick_C2H5_9_17": 660.0921857233943,
    "loss_C_11_8": 886.4701020594216,
    "stick_C3_9_23": 1114.9063145612467,
    "e_CH4_CH4Plus_cm3_2_2": 1.9745835878858404e-11
  },
  "target_densities": {
    "H": 23497348741344.492,
    "CH": 9792258753.883709,
    "C2": 104048627345.85713
  },
  "all_densities": {
    "e": 1613506115.5115652,
    "Ar": 1.0260006290377222e+16,
    "CH4": 1810589345360686.2,
    "ArPlus": 54093200.8400127,
    "CH4Plus": 38738924.90550151,
    "CH3Plus": 21805503.439942036,
    "CH5Plus": 26134605.780810077,
    "ArHPlus": 22231922.18196121,
    "CH3Minus": 9872.029000128125,
    "H": 23497348741344.492,
    "C2": 104048627345.85713,
    "CH": 9792258753.883709,
    "H2": 111494597424000.64,
    "ArStar": 366355335.35177463,
    "C2H4": 146859191484.32294,
    "C2H6": 5463506099745.262,
    "CH2": 1302331444369.2837,
    "C2H2": 3518017771406.83,
    "C2H5": 2055725036254.3293,
    "CH3": 28973068535476.547,
    "C": 67562740170.74378,
    "H3Plus": -545.8962072068344,
    "C2H3": 34924331004.17552,
    "C3H2": 3441563963.3529797,
    "CHPlus": -315.9711162194007,
    "C3H": 1408728614.079416,
    "C4H2": 812105.698619109,
    "C2H": 1272423047.568131,
    "C3H3": 26290293.60645045,
    "C3H4": 132405977.03366326,
    "C3": 1734014260.582152,
    "C3H5": 2013019148.1839366,
    "C4H": 2093499.6415515994,
    "C3H6": 5389804818.841612,
    "CH2Plus": 9093.433885343622,
    "C2H5Plus": 12661000.061731458,
    "C2H4Plus": 910.3585856181169,
    "C2H3Plus": 606.9057237454111,
    "HMinus": 335455491.9283673,
    "C2HPlus": 14369.673759739902,
    "H2Plus": 2.1916522529983305e-06,
    "C2H2Star": 34437634.43802899
  }
}