{
  "pressure_mTorr": 500.0,
  "n_total": 1.2070595635737908e+16,
  "Te": 1.020514225887302,
  "Ne": 2402454420.405027,
  "E_field": 203.94810890192622,
  "n_i_total": 805568932.773278,
  "Ni_over_Ne": 0.33531080795175633,
  "charge_imbalance_pct": 66.46891920482437,
  "rate_values": {
    "loss_C2_11_3": 818.2096331206578,
    "e_CH4_CH3_HMinus_cm3_8_1": 9.615654704966443e-13,
    "loss_C2H2Star_11_25": 8479.096792830134,
    "e_CH4Plus_CH2_H2_cm3_6_9": 7.588953481418755e-07,
    "e_CH_CHPlus_2e_cm3_2_10": 1.9086541660249215e-12,
    "loss_C3H4_11_18": 687.8159604238288,
    "e_CH4Plus_CH_H2_H_cm3_6_11": 1.1927800423305132e-06,
    "loss_CH_11_9": 6866.946042590399,
    "loss_C3H_11_10": 595.315064637677,
    "stick_ArStar_9_5": 185.86264971997258,
    "ArStar_CH4_CH3_H_cm3_3_1": 1.806532078914849e-10,
    "loss_C4H2_11_11": 171.1099936565954,
    "loss_C3H6_11_16": 867.8957052965552,
    "loss_C4H_11_15": 425.1402653769559,
    "loss_C2H_11_12": 172.58873332458245,
    "loss_C3_11_14": 376.40711212834947,
    "e_CH4Plus_C_2H2_cm3_6_13": 3.0856321921864975e-08,
    "loss_C3H3_11_13": 920.0185562695797,
    "e_CH4Plus_CH3_H_cm3_6_4": 8.748547685238404e-07,
    "e_CH4_CH_H2_H_vib_cm3_1_3": 4.711539767421589e-11,
    "stick_CH_9_3": 5666.3418699214535,
    "stick_H_9_1": 444.94225050401724,
    "stick_C2_9_9": 5262.243544449887,
    "stick_C_9_10": 1336.5518302141845,
    "loss_CH2_11_1": 5290.672582324702,
    "stick_CH3_9_2": 5391.492069580695,
    "e_Ar_ArStar_cm3_1_7": 1.507613257271002e-10,
    "stick_C3_9_23": 770.8187336865415,
    "stick_C2H4_9_12": 1213.142428601946,
    "stick_H2_9_16": 947.6610995419476,
    "stick_C3H3_9_21": 723.7056211666477,
    "stick_C3H4_9_22": 1621.015940533476,
    "stick_C3H_9_19": 990.347169015601,
    "stick_C3H6_9_25": 533.6965762603678,
    "stick_C4H_9_24": 944.8730835706867,
    "stick_C2H5_9_17": 1200.775720238825,
    "stick_C2H6_9_14": 806.2321986843037,
    "loss_C_11_8": 1579.1114226945979,
    "stick_C4H2_9_20": 1302.1436110812806,
    "stick_C2H2_9_11": 1849.6935500764744
  },
  "target_densities": {
    "H": 41165733452096.64,
    "CH": 23583076145.95687,
    "C2": 178300106196.45123
  },
  "all_densities": {
    "e": 2402454420.405027,
    "Ar": 1.0260006290377222e+16,
    "CH4": 1810589345360686.2,
    "ArPlus": 213419166.17760646,
    "CH4Plus": 160707027.97809502,
    "CH3Plus": 91974034.10988458,
    "CH5Plus": 161178562.11812392,
    "ArHPlus": 103408202.62464568,
    "CH3Minus": 30115.81501336247,
    "H": 41165733452096.64,
    "C2": 178300106196.45123,
    "CH": 23583076145.95687,
    "H2": 112343487364704.38,
    "ArStar": 1672981855.7504702,
    "C2H4": 414255017481.8839,
    "C2H6": 8370634943199.443,
    "CH2": 1625482304793.1782,
    "C2H2": 4092256749590.0986,
    "C2H5": 2091813156121.7727,
    "CH3": 33110414786667.062,
    "C": 150849365531.8442,
    "H3Plus": 19872.274716848267,
    "C2H3": 37188873969.02279,
    "C3H2": 9628094245.465796,
    "CHPlus": 47.598141312678464,
    "C3H": 6077251523.291842,
    "C4H2": 9728147.616338173,
    "C2H": 2277238706.547411,
    "C3H3": 53356156.62487778,
    "C3H4": 465445248.68944454,
    "C3": 9145342469.371485,
    "C3H5": 4933138894.393413,
    "C4H": 16573566.958722131,
    "C3H6": 25349004856.485615,
    "CH2Plus": 66645.40474196854,
    "C2H5Plus": 74292839.18157631,
    "C2H4Plus": 6639.9579813270875,
    "C2H3Plus": 4426.638654218058,
    "HMinus": 1361227939.7301059,
    "C2HPlus": 43981.83874115672,
    "H2Plus": 447486.87036894535,
    "C2H2Star": 48445758.72934337
  }
}